route_id	substrate	substrate_label	unified_step_count	mdf_kJ_per_mol	original_standard_dg_gt_20_count	final_filter_retained	high_dg_rule_excluded	mdf_rule_excluded	thermodynamic_chemical_reaction_count	flux_weighted_total_original_standard_dg_kJ_per_product_Cmol	flux_weighted_total_standard_dg_kJ_per_product_Cmol	flux_weighted_total_physiological_dg_kJ_per_product_Cmol	flux_weighted_total_optimized_dg_kJ_per_product_Cmol	flux_weighted_optimized_driving_force_kJ_per_product_Cmol	pathway_dg_weighting_basis
5ee3f16a16d39282	co2	CO₂	18	-27.126964647397774	4	False	True	True	20	-1.9839311273628084	-1.807181384958156	2.471527998722094	46.90180939834106	-46.90180939834106	sum(abs(pFBA_flux)/10*directional_reaction_dg)
74903bb44c82b7ed	co2	CO₂	20	10.181409149150989	1	True	False	False	20	-54.09127355187104	-55.128879134573715	-76.52242605297502	-197.87982361665027	197.87982361665027	sum(abs(pFBA_flux)/10*directional_reaction_dg)
19b76adde06fe58f	co2	CO₂	20	-26.149882720636338	5	False	True	True	22	-26.530242252965337	-26.283946327951906	-30.562655711632086	-14.20738847715699	14.20738847715699	sum(abs(pFBA_flux)/10*directional_reaction_dg)
0b2d133569f29296	co2	CO₂	16	15.78833843839394	0	True	False	False	16	-81.58702733377714	-82.6284346601433	-121.13681911326563	-276.53067430690936	276.53067430690936	sum(abs(pFBA_flux)/10*directional_reaction_dg)
b3b1cd83e706199d	co2	CO₂	19	12.260830242611213	4	False	True	False	20	-54.09127355187056	-54.72309551582424	-76.11664243422553	-200.2598072779924	200.2598072779924	sum(abs(pFBA_flux)/10*directional_reaction_dg)
af0f357310039c6f	co2	CO₂	19	8.436156798424776	4	False	True	False	20	-54.09127355187027	-53.60456269381676	-74.99810961221809	-181.02108485846543	181.02108485846543	sum(abs(pFBA_flux)/10*directional_reaction_dg)
7121cf6cc60bec89	co2	CO₂	18	8.360277277008835	3	False	True	False	19	-54.0912735518705	-53.62052491190577	-75.01407183030709	-182.0782732672547	182.0782732672547	sum(abs(pFBA_flux)/10*directional_reaction_dg)
7fbdcbd6d82c95fd	co2	CO₂	19	10.157565667530521	2	True	False	False	19	-53.960718517869424	-54.9725089728326	-76.36605589123388	-201.19363608839208	201.19363608839208	sum(abs(pFBA_flux)/10*directional_reaction_dg)
229bfb4dd033e3c0	co2	CO₂	9	20.003463241575442	1	True	False	False	9	-7.448425761688146	-19.407841613123722	-15.129132229443462	-85.01471879998272	85.01471879998272	sum(abs(pFBA_flux)/10*directional_reaction_dg)
a642d2025bcf1021	co2	CO₂	16	6.644423671350993	1	True	False	False	16	-12.525089119214044	-21.870664732420835	-17.591955348740584	-52.80086391857224	52.80086391857224	sum(abs(pFBA_flux)/10*directional_reaction_dg)
0a926fb60476ba63	co2	CO₂	17	21.93093959866278	5	False	True	False	17	-50.98329563281209	-60.30368415094091	-73.13981230198166	-200.07485705507585	200.07485705507585	sum(abs(pFBA_flux)/10*directional_reaction_dg)
aa871d0bcb0cb176	co2	CO₂	20	19.111149715707743	3	False	True	False	21	-64.796450040765	-68.86354180780238	-90.25708872620368	-242.43289029855512	242.43289029855512	sum(abs(pFBA_flux)/10*directional_reaction_dg)
62d5bc7c1b8df7c5	co2	CO₂	20	10.714677330152563	1	True	False	False	22	-68.60937500005991	-89.30270325114304	-93.58141263482331	-164.82384475706567	164.82384475706567	sum(abs(pFBA_flux)/10*directional_reaction_dg)
cff09918b13321c6	co2	CO₂	18	3.290953565436851	1	True	False	False	21	-31.737460644491478	-30.15029292684475	-34.42900231052501	-82.72099870501987	82.72099870501987	sum(abs(pFBA_flux)/10*directional_reaction_dg)
0490757170ef1210	co2	CO₂	18	10.6805876893174	0	True	False	False	21	-57.96947602816583	-74.5739309804459	-78.85264036412616	-144.1327109958562	144.1327109958562	sum(abs(pFBA_flux)/10*directional_reaction_dg)
4c2f3156cd32d80e	co2	CO₂	19	9.675111931210852	2	True	False	False	22	-77.24712507044404	-98.98035788018889	-111.8164860312297	-194.20655389144963	194.20655389144963	sum(abs(pFBA_flux)/10*directional_reaction_dg)
c934aabc2d46bdc9	co2	CO₂	18	9.643929314131876	1	True	False	False	21	-77.18184755344322	-99.59807121312718	-112.43419936416797	-190.7097697427018	190.7097697427018	sum(abs(pFBA_flux)/10*directional_reaction_dg)
d9c73afb5805f2c6	co2	CO₂	13	16.879228760610413	1	True	False	False	15	-26.595519769965563	-35.71923354216388	-39.997942925844136	-129.20151293812722	129.20151293812722	sum(abs(pFBA_flux)/10*directional_reaction_dg)
bc6d10b26056a1a3	co2	CO₂	19	7.089479293455903	0	True	False	False	20	-31.737460644491833	-45.78312802985645	-50.06183741353671	-96.05140016736122	96.05140016736122	sum(abs(pFBA_flux)/10*directional_reaction_dg)
22ecebe6a503188c	co2	CO₂	20	6.752720975315113	1	True	False	False	21	-31.672183127491337	-42.62017279453483	-46.898882178215096	-103.2761364004951	103.2761364004951	sum(abs(pFBA_flux)/10*directional_reaction_dg)
e39c95a86b837d1b	co2	CO₂	19	-26.632510019625258	5	False	True	True	21	-40.278119143917706	-40.04817430290521	-52.884302453946006	-97.73640315501012	97.73640315501012	sum(abs(pFBA_flux)/10*directional_reaction_dg)
ad4fbac2ccf1e779	co2	CO₂	19	13.274416412438029	2	True	False	False	20	-40.47395169491941	-41.4548726722757	-54.29100082331645	-163.95476366658738	163.95476366658738	sum(abs(pFBA_flux)/10*directional_reaction_dg)
2927f16ce7fc3202	co2	CO₂	15	14.487374326629746	1	True	False	False	16	-45.42006001844376	-47.64328391330214	-60.47941206434291	-165.79098138240855	165.79098138240855	sum(abs(pFBA_flux)/10*directional_reaction_dg)
18a3096c81ed51f3	co2	CO₂	20	-25.678281297546683	5	False	True	True	23	-40.21284162691697	-39.966978526177826	-52.80310667721861	-71.53475503138162	71.53475503138162	sum(abs(pFBA_flux)/10*directional_reaction_dg)
1f17f87581706127	co2	CO₂	20	-25.678279892833032	6	False	True	True	23	-40.21284162691674	-39.9669786155883	-52.80310676662906	-83.3867787474614	83.3867787474614	sum(abs(pFBA_flux)/10*directional_reaction_dg)
8b486d24c0ff9ee3	co2	CO₂	19	-26.149881250584958	5	False	True	True	22	-40.212841626916855	-39.97138484724605	-52.807512998286846	-82.74946422565556	82.74946422565556	sum(abs(pFBA_flux)/10*directional_reaction_dg)
9b03ccb1ebe1b119	co2	CO₂	14	14.384173585144072	2	True	False	False	15	-26.59551976996562	-28.953539462957757	-33.232248846638	-122.8376937750102	122.8376937750102	sum(abs(pFBA_flux)/10*directional_reaction_dg)
8c811d587845ab24	co2	CO₂	14	26.459032982113232	2	True	False	False	15	-69.67728084728822	-82.7949193756078	-104.18846629400909	-246.19244708161153	246.19244708161153	sum(abs(pFBA_flux)/10*directional_reaction_dg)
c97b09deeb024604	co2	CO₂	15	13.306373753083536	1	True	False	False	16	-59.037381875394374	-60.565874935369195	-81.95942185377046	-168.47020097992635	168.47020097992635	sum(abs(pFBA_flux)/10*directional_reaction_dg)
d1a17cfc38c75ad1	co2	CO₂	16	9.988058133850691	2	True	False	False	17	-59.03738187539483	-59.16678928004016	-80.56033619844149	-152.09944976067402	152.09944976067402	sum(abs(pFBA_flux)/10*directional_reaction_dg)
88194cd39085aefc	co2	CO₂	15	27.267827364047317	2	True	False	False	16	-83.42515773824127	-88.09258950624069	-118.04355519200249	-274.1863558749623	274.1863558749623	sum(abs(pFBA_flux)/10*directional_reaction_dg)
64a9e8474c47ff4d	co2	CO₂	15	9.957597583514254	1	True	False	False	16	-59.037381875394715	-59.16004307588211	-80.55358999428341	-156.9353822122874	156.9353822122874	sum(abs(pFBA_flux)/10*directional_reaction_dg)
ea2a8d5821b9036e	co2	CO₂	20	10.181409148717806	2	True	False	False	20	-67.83915044282381	-68.97486877793041	-98.92583446369221	-254.96999948684902	254.96999948684902	sum(abs(pFBA_flux)/10*directional_reaction_dg)
9dff6d73de957254	co2	CO₂	19	23.55896548408462	5	False	True	False	20	-64.66589500676386	-73.67121450132169	-95.06476141972297	-247.5622859591351	247.5622859591351	sum(abs(pFBA_flux)/10*directional_reaction_dg)
105c199944ec018d	co2	CO₂	14	17.654377897568395	2	True	False	False	16	-40.40867417791905	-42.421008185149475	-55.25713633619025	-170.32454554436765	170.32454554436765	sum(abs(pFBA_flux)/10*directional_reaction_dg)
bb9e2208816f0fae	co2	CO₂	19	6.650957432293772	0	True	False	False	20	-26.272966010166485	-41.05104391052034	-45.32975329420061	-102.72303929045174	102.72303929045174	sum(abs(pFBA_flux)/10*directional_reaction_dg)
b251997f8c6285cc	co2	CO₂	15	-28.15523972065756	5	False	True	True	18	-21.065747618639563	-20.86636431889091	-25.145073702571196	-2.778993920803135	2.778993920803135	sum(abs(pFBA_flux)/10*directional_reaction_dg)
5dd7bbb3a5babab7	co2	CO₂	16	18.171099635584667	2	True	False	False	17	-34.813624509592614	-36.889296616147	-49.725424767187775	-163.56259013706295	163.56259013706295	sum(abs(pFBA_flux)/10*directional_reaction_dg)
0315be41234b8360	co2	CO₂	20	12.331864584451349	5	False	True	False	21	-54.025996034869905	-54.65201309974222	-76.0455600181435	-196.6260894154937	196.6260894154937	sum(abs(pFBA_flux)/10*directional_reaction_dg)
c9f78b798c716f06	co2	CO₂	20	25.320761476626284	5	False	True	False	21	-78.41377189771637	-82.88392936137053	-112.83489504713233	-290.56508869384913	290.56508869384913	sum(abs(pFBA_flux)/10*directional_reaction_dg)
cc3c0320666a3ba5	co2	CO₂	19	12.260830245114482	4	False	True	False	20	-54.025996034869735	-54.63731872639169	-76.03086564479297	-198.2534923046091	198.2534923046091	sum(abs(pFBA_flux)/10*directional_reaction_dg)
0d46bffe09ee1221	co2	CO₂	11	19.999251195322227	2	True	False	False	12	-21.196302652640867	-25.58071628919163	-29.85942567287189	-124.88674744045393	124.88674744045393	sum(abs(pFBA_flux)/10*directional_reaction_dg)
e0bcaec8264eb765	co2	CO₂	19	21.486139774244908	6	False	True	False	20	-64.60061748976312	-72.20545904243669	-93.59900596083799	-232.54596356604256	232.54596356604256	sum(abs(pFBA_flux)/10*directional_reaction_dg)
f21f321983210972	co2	CO₂	14	16.936089579063296	3	False	True	False	16	-40.3433966609184	-43.91140738651721	-56.747535537557994	-172.27268746566256	172.27268746566256	sum(abs(pFBA_flux)/10*directional_reaction_dg)
4f50f169633af5e8	co2	CO₂	20	7.144730545907114	2	True	False	False	21	-45.485337535444216	-59.8829733815467	-72.71910153258746	-150.59091099796376	150.59091099796376	sum(abs(pFBA_flux)/10*directional_reaction_dg)
220fcdc558b06ea9	co2	CO₂	15	-28.155238149222814	6	False	True	True	18	-21.065747618639307	-20.86636422084453	-25.145073604524793	-13.321281480226332	13.321281480226332	sum(abs(pFBA_flux)/10*directional_reaction_dg)
dc41279ca8b057c4	co2	CO₂	16	15.536352701415792	3	False	True	False	17	-34.8789020265929	-37.269598011668215	-50.10572616270899	-157.65366478618765	157.65366478618765	sum(abs(pFBA_flux)/10*directional_reaction_dg)
bdde72171cc1d0b5	co2	CO₂	20	22.096387476814044	6	False	True	False	21	-78.34849438071561	-79.41372594613101	-109.3646916318928	-267.3788827147246	267.3788827147246	sum(abs(pFBA_flux)/10*directional_reaction_dg)
9aa7373c5cad30d0	co2	CO₂	20	8.436156800866426	5	False	True	False	21	-53.960718517869395	-53.53219561860578	-74.92574253700707	-180.12147289503125	180.12147289503125	sum(abs(pFBA_flux)/10*directional_reaction_dg)
90248ac6489a50bd	co2	CO₂	11	19.32830902928503	3	False	True	False	12	-21.13102513563996	-32.8582947298037	-37.137004113483954	-132.3245153176191	132.3245153176191	sum(abs(pFBA_flux)/10*directional_reaction_dg)
ae7657abb5554528	co2	CO₂	10	20.73236128552478	1	True	False	False	10	-21.196302652641045	-26.092565424434802	-30.37127480811507	-122.77644125832025	122.77644125832025	sum(abs(pFBA_flux)/10*directional_reaction_dg)
c1f65eceaa5a086e	co2	CO₂	17	6.929809773931333	1	True	False	False	17	-26.272966010166442	-33.36726336279839	-37.645972746478655	-87.82281147473229	87.82281147473229	sum(abs(pFBA_flux)/10*directional_reaction_dg)
3ae1b395f5edd06c	co2	CO₂	18	22.360505079842323	5	False	True	False	18	-64.73117252376403	-67.4833208282655	-88.87686774666678	-239.55729791771137	239.55729791771137	sum(abs(pFBA_flux)/10*directional_reaction_dg)
96d288ab9d76b16d	co2	CO₂	20	8.515479158877508	4	False	True	False	22	-64.79645004076471	-80.30831435559105	-101.70186127399232	-227.67267115229106	227.67267115229106	sum(abs(pFBA_flux)/10*directional_reaction_dg)
64ab144a781a5193	co2	CO₂	19	25.43268419550213	5	False	True	False	20	-78.41377189771615	-78.7009902862508	-108.65195597201263	-282.2150552923985	282.2150552923985	sum(abs(pFBA_flux)/10*directional_reaction_dg)
7ffb5e6f65075f96	co2	CO₂	16	20.97559937562123	3	False	True	False	17	-64.66589500676363	-71.11487955380134	-92.50842647220261	-240.3440967561983	240.3440967561983	sum(abs(pFBA_flux)/10*directional_reaction_dg)
8a08f8e2ae206b60	co2	CO₂	18	23.470595090009525	5	False	True	False	19	-64.60061748976324	-73.37215508684966	-94.76570200525096	-246.178437261733	246.178437261733	sum(abs(pFBA_flux)/10*directional_reaction_dg)
af083b302f9f204b	co2	CO₂	13	17.60308441679804	2	True	False	False	15	-40.343396660918216	-42.374112907675595	-55.21024105871639	-170.19676251090186	170.19676251090186	sum(abs(pFBA_flux)/10*directional_reaction_dg)
76e2e80a83ab31ec	co2	CO₂	19	7.089477521518768	1	True	False	False	20	-45.485337535443875	-59.52587172381781	-72.36199987485861	-154.60447945480288	154.60447945480288	sum(abs(pFBA_flux)/10*directional_reaction_dg)
172d0c7737a38e63	co2	CO₂	20	6.752719628216222	2	True	False	False	21	-45.42006001844351	-56.38724011762234	-69.22336826866315	-156.97974966393235	156.97974966393235	sum(abs(pFBA_flux)/10*directional_reaction_dg)
fbdf0601dc84f0bf	co2	CO₂	14	-28.691264182192953	5	False	True	True	17	-21.065747618639477	-20.8708422276392	-25.149551611319474	-31.249130472086918	31.249130472086918	sum(abs(pFBA_flux)/10*directional_reaction_dg)
d0e529aad9a72940	co2	CO₂	14	8.13325915432396	3	False	True	False	16	-21.196302652640675	-34.15979728011276	-38.438506663793014	-123.00652995668179	123.00652995668179	sum(abs(pFBA_flux)/10*directional_reaction_dg)
6c1e79d99ac7fcc7	co2	CO₂	10	19.912664893591376	2	True	False	False	11	-21.131025135639845	-25.334645744521076	-29.61335512820133	-123.21783556724432	123.21783556724432	sum(abs(pFBA_flux)/10*directional_reaction_dg)
7b6d5236fc316ca8	co2	CO₂	15	21.57717637430763	3	False	True	False	16	-51.04857314981214	-61.9409142023035	-74.77704235334426	-198.7179390310669	198.7179390310669	sum(abs(pFBA_flux)/10*directional_reaction_dg)
1c107af71b61320d	co2	CO₂	13	4.588014624409728	3	False	True	False	13	-1.9186536103622345	-15.360958410762352	-11.082249027082097	-45.35190010054144	45.35190010054144	sum(abs(pFBA_flux)/10*directional_reaction_dg)
9ec28c07a864ab8e	co2	CO₂	13	19.870767114510556	2	True	False	False	13	-21.19630265264084	-33.55398271162936	-37.832692095309625	-133.3905328996119	133.3905328996119	sum(abs(pFBA_flux)/10*directional_reaction_dg)
372770dc9679da0b	co2	CO₂	20	15.820351126930644	5	False	True	False	20	-81.01127356799572	-80.60990571252961	-97.72474324725063	-230.69952045487952	230.69952045487952	sum(abs(pFBA_flux)/10*directional_reaction_dg)
2db4129493800e79	co2	CO₂	17	-27.634192533372936	3	False	True	True	19	-7.624133199700161	-7.494179884417061	1.0632388829434554	25.1734145444212	-25.1734145444212	sum(abs(pFBA_flux)/10*directional_reaction_dg)
6622aa2f052d72ce	co2	CO₂	18	10.13307336839529	1	True	False	False	18	-59.73147562420834	-60.60064711303785	-77.71548464775887	-197.74435982772513	197.74435982772513	sum(abs(pFBA_flux)/10*directional_reaction_dg)
e0fb98ae61fcfde3	co2	CO₂	18	-27.126980896765616	5	False	True	True	20	-32.23572184230301	-32.04967559874552	-32.04967559874551	-27.285781227214187	27.285781227214187	sum(abs(pFBA_flux)/10*directional_reaction_dg)
1eb6b8c122d2f1d9	co2	CO₂	14	15.600290107455475	0	True	False	False	14	-87.22722940611445	-88.10257594117253	-122.3322510106146	-258.99247278233884	258.99247278233884	sum(abs(pFBA_flux)/10*directional_reaction_dg)
75e44e510595a60f	co2	CO₂	17	12.112921373841441	4	False	True	False	18	-59.73147562420786	-60.36682218560328	-77.48165972032433	-179.79680019917316	179.79680019917316	sum(abs(pFBA_flux)/10*directional_reaction_dg)
88eef55959514740	co2	CO₂	17	8.280975032226314	4	False	True	False	18	-59.73147562420763	-59.16241294040311	-76.27725047512413	-165.70445946670702	165.70445946670702	sum(abs(pFBA_flux)/10*directional_reaction_dg)
61f3ed56965ab766	co2	CO₂	16	8.197770349520445	3	False	True	False	17	-59.73147562420786	-59.17213350914474	-76.28697104386578	-168.36336313284218	168.36336313284218	sum(abs(pFBA_flux)/10*directional_reaction_dg)
124b011f6691c916	co2	CO₂	17	10.10787610310832	2	True	False	False	17	-59.73147562420792	-60.581040009132565	-77.69587754385358	-191.3104574525862	191.3104574525862	sum(abs(pFBA_flux)/10*directional_reaction_dg)
74b922425357441e	co2	CO₂	7	24.03160391113983	1	True	False	False	7	-13.088627834025477	-25.111655442811596	-16.554236675451083	-84.63940610489375	84.63940610489375	sum(abs(pFBA_flux)/10*directional_reaction_dg)
9dd8961570bbdd68	co2	CO₂	20	5.869793864854997	0	True	False	False	20	-18.165291191551322	-32.47930629712691	-23.9218875297664	-61.02093942379564	61.02093942379564	sum(abs(pFBA_flux)/10*directional_reaction_dg)
b016330f5c2a7293	co2	CO₂	14	8.588734887317532	1	True	False	False	14	-18.165291191551376	-32.60174519051932	-24.044326423158807	-62.31624257817522	62.31624257817522	sum(abs(pFBA_flux)/10*directional_reaction_dg)
aa83f5afc992e6eb	co2	CO₂	15	22.44681476406848	5	False	True	False	15	-56.688775222150014	-57.396153236232124	-65.95357200359265	-192.10676473017648	192.10676473017648	sum(abs(pFBA_flux)/10*directional_reaction_dg)
49a8977463bfdebf	co2	CO₂	17	9.361991857886325	4	False	True	False	19	-56.68877522214984	-70.18084043882416	-78.73825920618467	-182.21874285453552	182.21874285453552	sum(abs(pFBA_flux)/10*directional_reaction_dg)
cd0690a6ec53d18d	co2	CO₂	20	8.287467004180735	4	False	True	False	21	-46.0488762502559	-57.46327100219807	-66.02068976955856	-114.20631347066438	114.20631347066438	sum(abs(pFBA_flux)/10*directional_reaction_dg)
9c9c3643897d1f1b	co2	CO₂	19	8.277102685829979	0	True	False	False	21	-49.861801209550414	-65.12289325467462	-56.5654744873141	-114.87122160403891	114.87122160403891	sum(abs(pFBA_flux)/10*directional_reaction_dg)
54fadb6f1f3a8d46	co2	CO₂	20	7.614101102210377	2	True	False	False	22	-1898.5663888381532	-1911.1810380010916	-1902.623619233731	-1934.1807012309478	1934.1807012309478	sum(abs(pFBA_flux)/10*directional_reaction_dg)
cfdb3bb9078db575	co2	CO₂	16	3.219094893435052	1	True	False	False	19	-37.37766271682881	-36.0969147230662	-36.09691472306619	-80.86806679497083	80.86806679497083	sum(abs(pFBA_flux)/10*directional_reaction_dg)
3ddb442024be4fb0	co2	CO₂	16	10.609543667364402	0	True	False	False	19	-63.54440058350261	-83.97929875476098	-83.97929875476099	-141.37487491280135	141.37487491280135	sum(abs(pFBA_flux)/10*directional_reaction_dg)
409a1018d3208d32	co2	CO₂	17	9.611848997676683	2	True	False	False	20	-82.75677210878018	-99.74352524980502	-108.30094401716553	-172.6553008133539	172.6553008133539	sum(abs(pFBA_flux)/10*directional_reaction_dg)
39fb3b155277c0fd	co2	CO₂	20	8.307724614816733	0	True	False	False	22	-63.544400583502494	-82.05699326655596	-82.05699326655595	-129.60143147137236	129.60143147137236	sum(abs(pFBA_flux)/10*directional_reaction_dg)
38b113ec4ab8a976	co2	CO₂	16	9.57878877704011	1	True	False	False	19	-82.75677210877996	-98.74311242781617	-107.30053119517669	-176.74584057262913	176.74584057262913	sum(abs(pFBA_flux)/10*directional_reaction_dg)
eab2de1190e6b0f6	co2	CO₂	19	-26.632520040772366	6	False	True	True	21	-56.623497705148964	-56.3551738358224	-64.91259260318293	-47.59474356475735	47.59474356475735	sum(abs(pFBA_flux)/10*directional_reaction_dg)
b2984fc8f8692608	co2	CO₂	11	17.023854674481406	1	True	False	False	13	-32.300999359303376	-39.320677339731276	-39.320677339731276	-118.09822416384443	118.09822416384443	sum(abs(pFBA_flux)/10*directional_reaction_dg)
bd5f9a96089762dd	co2	CO₂	17	6.972656658969407	0	True	False	False	18	-37.442940233829646	-49.998455878896294	-49.99845587889628	-93.10007425157251	93.10007425157251	sum(abs(pFBA_flux)/10*directional_reaction_dg)
42026ed342a7088e	co2	CO₂	18	7.186083108520868	1	True	False	False	19	-37.44294023382979	-41.099795330229576	-41.09979533022959	-88.53515671630916	88.53515671630916	sum(abs(pFBA_flux)/10*directional_reaction_dg)
23de111f257967e9	co2	CO₂	15	-28.691267275926542	5	False	True	True	17	-12.958072800024354	-12.793668359578623	-4.236249592218149	14.682358363126841	-14.682358363126841	sum(abs(pFBA_flux)/10*directional_reaction_dg)
262d69f0367365e1	co2	CO₂	17	7.986848220162726	3	False	True	False	18	-32.36627687630403	-44.720466264611304	-44.72046626461129	-101.45674832709805	101.45674832709805	sum(abs(pFBA_flux)/10*directional_reaction_dg)
de16b81a97bfe0b5	co2	CO₂	13	15.212855954443912	1	True	False	False	14	-51.060262090781066	-52.32140910538297	-60.87882787274347	-156.3980896981019	156.3980896981019	sum(abs(pFBA_flux)/10*directional_reaction_dg)
989520bbdb51818d	co2	CO₂	18	-26.632511602778134	5	False	True	True	21	-45.91832121625487	-45.73332396872718	-54.290742736087736	-75.84163289350165	75.84163289350165	sum(abs(pFBA_flux)/10*directional_reaction_dg)
e3b5a429ba4c3b11	co2	CO₂	18	-26.632510108954918	6	False	True	True	21	-45.9183212162547	-45.733323712621115	-54.2907424799816	-94.8898298900636	94.8898298900636	sum(abs(pFBA_flux)/10*directional_reaction_dg)
dea011a1f840a9c1	co2	CO₂	20	-26.14989103182094	6	False	True	True	22	-70.30609707910128	-70.0375068901204	-87.15234442484146	-103.43323563987734	103.43323563987734	sum(abs(pFBA_flux)/10*directional_reaction_dg)
17c8cc44d3fce4f2	co2	CO₂	17	-27.126978712677168	5	False	True	True	20	-45.91832121625481	-45.73692667652105	-54.29434544388157	-103.43128758729506	103.43128758729506	sum(abs(pFBA_flux)/10*directional_reaction_dg)
c69c068bab8d5916	co2	CO₂	12	14.849271342342123	2	True	False	False	13	-32.36627687630403	-38.72195683885571	-38.7219568388557	-118.66449372880854	118.66449372880854	sum(abs(pFBA_flux)/10*directional_reaction_dg)
a6dcd7b6c7972262	co2	CO₂	12	30.84055523260137	2	True	False	False	13	-75.3827604366262	-88.80851816219631	-105.92335569691733	-226.5248017317925	226.5248017317925	sum(abs(pFBA_flux)/10*directional_reaction_dg)
8ec8ebdef5836bf0	co2	CO₂	19	9.312985476282135	2	True	False	False	20	-45.46521242245425	-58.14062517403991	-66.69804394140043	-142.0018617111995	142.0018617111995	sum(abs(pFBA_flux)/10*directional_reaction_dg)
4a9eb82d664ae7ae	co2	CO₂	13	13.565492473394887	1	True	False	False	14	-64.6775839477317	-65.5933108526977	-82.7081483874187	-184.69667138776177	184.69667138776177	sum(abs(pFBA_flux)/10*directional_reaction_dg)
45720349b91b30f6	co2	CO₂	14	9.925960161043697	2	True	False	False	15	-64.67758394773216	-64.7783297639914	-81.89316729871243	-149.6630466161119	149.6630466161119	sum(abs(pFBA_flux)/10*directional_reaction_dg)
a4f4e0feca227571	co2	CO₂	13	36.542410883005296	2	True	False	False	14	-89.06535981057857	-91.00113337385689	-116.67338967593844	-273.0272371015535	273.0272371015535	sum(abs(pFBA_flux)/10*directional_reaction_dg)
d45424543cb2e694	co2	CO₂	13	9.893001243281281	1	True	False	False	14	-64.67758394773205	-64.77748332680564	-81.89232086152668	-149.52823948461338	149.52823948461338	sum(abs(pFBA_flux)/10*directional_reaction_dg)
a44a70f806528bf4	co2	CO₂	20	10.181409149790438	1	True	False	False	20	-73.28351996415972	-74.28089178183576	-99.95314808391728	-245.28834842328757	245.28834842328757	sum(abs(pFBA_flux)/10*directional_reaction_dg)
a7b54f54a9c7ee07	co2	CO₂	18	10.13307336859744	2	True	False	False	18	-73.28351996415937	-74.23969884654623	-99.91195514862778	-247.6547869373743	247.6547869373743	sum(abs(pFBA_flux)/10*directional_reaction_dg)
fa8afd62d44bfee6	co2	CO₂	17	23.38014444146119	5	False	True	False	18	-70.30609707910139	-78.38780801043676	-95.50264554515779	-227.47048979960599	227.47048979960599	sum(abs(pFBA_flux)/10*directional_reaction_dg)
728767fd3e4be1c9	co2	CO₂	12	17.54999128906728	2	True	False	False	14	-45.98359873325579	-48.13159954827991	-56.689018315640425	-146.35251861404382	146.35251861404382	sum(abs(pFBA_flux)/10*directional_reaction_dg)
ebcd88dc85be46c7	co2	CO₂	17	7.33335425996391	0	True	False	False	18	-31.913168082503788	-45.24276612275751	-45.242766122757516	-100.83705365278219	100.83705365278219	sum(abs(pFBA_flux)/10*directional_reaction_dg)
92ec65cb088af98b	co2	CO₂	19	10.79423410551947	2	True	False	False	20	-51.19081712478231	-62.721262957491994	-71.27868172485252	-144.27283721161402	144.27283721161402	sum(abs(pFBA_flux)/10*directional_reaction_dg)
c51aebe59ce7b3eb	co2	CO₂	13	-29.243669294749697	5	False	True	True	16	-26.705949690976865	-26.55598388998041	-26.55598388998044	-22.269928439082875	22.269928439082875	sum(abs(pFBA_flux)/10*directional_reaction_dg)
245972ac295a35ce	co2	CO₂	13	8.061813640931211	3	False	True	False	15	-26.901782241978573	-38.69820960650121	-38.69820960650121	-103.89166822126136	103.89166822126136	sum(abs(pFBA_flux)/10*directional_reaction_dg)
13c3a6502029aac6	co2	CO₂	18	12.187902209343209	5	False	True	False	19	-59.666198107207265	-60.29918704407413	-77.41402457879518	-180.73113005286623	180.73113005286623	sum(abs(pFBA_flux)/10*directional_reaction_dg)
13fe1517340adcbf	co2	CO₂	18	25.147946177662458	5	False	True	False	19	-84.05397397005368	-87.2198663445867	-112.89212264666824	-270.32904183397767	270.32904183397767	sum(abs(pFBA_flux)/10*directional_reaction_dg)
818f8b865861bd0e	co2	CO₂	17	12.112921366649976	4	False	True	False	18	-59.666198107207094	-60.28212122119125	-77.39695875591228	-180.76245150328933	180.76245150328933	sum(abs(pFBA_flux)/10*directional_reaction_dg)
a866cd82adb1cb1c	co2	CO₂	9	23.352676646927705	2	True	False	False	10	-26.771227207977574	-38.68190952301205	-38.681909523012045	-124.25609711587701	124.25609711587701	sum(abs(pFBA_flux)/10*directional_reaction_dg)
0597b14d071447ef	co2	CO₂	17	21.35642764405382	6	False	True	False	18	-70.37137459610153	-77.24780176595061	-94.36263930067165	-214.87748520906672	214.87748520906672	sum(abs(pFBA_flux)/10*directional_reaction_dg)
225abe617f5466aa	co2	CO₂	12	17.561144585781108	3	False	True	False	14	-46.114153767256845	-48.558280479704294	-57.11569924706481	-162.54542995648035	162.54542995648035	sum(abs(pFBA_flux)/10*directional_reaction_dg)
86bbde4bc7d75b02	co2	CO₂	18	7.032196443975583	2	True	False	False	19	-51.19081712478212	-64.11779027301877	-72.6752090403793	-148.93755666460578	148.93755666460578	sum(abs(pFBA_flux)/10*directional_reaction_dg)
b6ccc1709d470145	co2	CO₂	19	7.216466086268469	3	False	True	False	20	-51.19081712478238	-55.199953878273554	-63.75737264563407	-140.42696975264096	140.42696975264096	sum(abs(pFBA_flux)/10*directional_reaction_dg)
b073a9afb0ac77a6	co2	CO₂	13	-29.243667646915284	6	False	True	True	16	-26.771227207977034	-26.627552915390474	-26.62755291539049	-23.834727597539107	23.834727597539107	sum(abs(pFBA_flux)/10*directional_reaction_dg)
37d91c79f7b43bab	co2	CO₂	14	15.390644751483235	3	False	True	False	15	-40.51910409893031	-42.31440804139046	-50.87182680875098	-146.2940567951443	146.2940567951443	sum(abs(pFBA_flux)/10*directional_reaction_dg)
fb0834cd3ad0f800	co2	CO₂	18	21.977015865652174	6	False	True	False	19	-84.1192514870541	-84.1913743925231	-109.86363069460467	-251.63777828457552	251.63777828457552	sum(abs(pFBA_flux)/10*directional_reaction_dg)
4d5eb93869c3b91e	co2	CO₂	18	8.280975028151538	5	False	True	False	19	-59.73147562420792	-59.16241546595889	-76.27725300067993	-170.5261396636818	170.5261396636818	sum(abs(pFBA_flux)/10*directional_reaction_dg)
c83939f7b790a1a2	co2	CO₂	9	19.22354243045008	3	False	True	False	10	-26.836504724977885	-38.36017462523907	-38.36017462523907	-119.51034396282927	119.51034396282927	sum(abs(pFBA_flux)/10*directional_reaction_dg)
1dcf83678061197a	co2	CO₂	8	29.092243793287658	1	True	False	False	8	-26.836504724978347	-36.98339239996077	-36.98339239996078	-132.7732398464274	132.7732398464274	sum(abs(pFBA_flux)/10*directional_reaction_dg)
63e7346fd07c535a	co2	CO₂	20	7.55406176942511	1	True	False	False	20	-56.30094394535027	-70.65313746452863	-79.21055623188914	-151.87321535917172	151.87321535917172	sum(abs(pFBA_flux)/10*directional_reaction_dg)
67876312f4c7e90b	co2	CO₂	15	8.816642265740835	1	True	False	False	15	-31.913168082503773	-45.003146013922	-45.003146013922	-92.26907926929782	92.26907926929782	sum(abs(pFBA_flux)/10*directional_reaction_dg)
9b74481b48190a01	co2	CO₂	16	22.531431673900073	5	False	True	False	16	-70.37137459610136	-71.10675290556784	-88.22159044028888	-232.7213969466172	232.7213969466172	sum(abs(pFBA_flux)/10*directional_reaction_dg)
8848208a37ed22d8	co2	CO₂	19	19.17578727915771	3	False	True	False	20	-84.18452900405515	-87.99328056341956	-113.6655368655011	-270.7355704301958	270.7355704301958	sum(abs(pFBA_flux)/10*directional_reaction_dg)
835db7129421554f	co2	CO₂	17	25.20377626148867	5	False	True	False	18	-84.11925148705404	-83.84385964417959	-109.51611594626112	-262.84961892274606	262.84961892274606	sum(abs(pFBA_flux)/10*directional_reaction_dg)
167c1ec06d274aca	co2	CO₂	14	21.79625780678847	3	False	True	False	15	-70.43665211310207	-83.18891263098507	-100.30375016570609	-236.49485700063207	236.49485700063207	sum(abs(pFBA_flux)/10*directional_reaction_dg)
4ad297a5414d147f	co2	CO₂	16	23.284800643103193	5	False	True	False	17	-70.30609707910116	-78.05931148116673	-95.17414901588779	-227.03075650748184	227.03075650748184	sum(abs(pFBA_flux)/10*directional_reaction_dg)
21e352aad4086ec7	co2	CO₂	11	17.49489542798766	2	True	False	False	13	-45.98359873325555	-48.0366968347338	-56.59411560209434	-147.1613550314006	147.1613550314006	sum(abs(pFBA_flux)/10*directional_reaction_dg)
041643b3a1173c34	co2	CO₂	17	6.972654823345915	1	True	False	False	18	-51.12553960778121	-63.67400829071194	-72.23142705807247	-153.2714312827289	153.2714312827289	sum(abs(pFBA_flux)/10*directional_reaction_dg)
2f99739b06d2be3d	co2	CO₂	18	7.186082095567226	2	True	False	False	19	-51.125539607781434	-54.949992585644495	-63.50741135300505	-147.58077327912932	147.58077327912932	sum(abs(pFBA_flux)/10*directional_reaction_dg)
7676a6c706c421da	co2	CO₂	12	-29.814045172739842	5	False	True	True	15	-26.70594969097678	-26.559739044396633	-26.559739044396675	-49.92039532092865	49.92039532092865	sum(abs(pFBA_flux)/10*directional_reaction_dg)
c74b8cfef317d6c2	co2	CO₂	13	17.860386165812983	2	True	False	False	14	-40.519104098930256	-41.88963522487754	-50.44705399223806	-145.62364057807892	145.62364057807892	sum(abs(pFBA_flux)/10*directional_reaction_dg)
c06b1a59530360ae	co2	CO₂	8	23.21770590594595	2	True	False	False	9	-26.83650472497777	-37.876512366557755	-37.876512366557755	-122.81155177831711	122.81155177831711	sum(abs(pFBA_flux)/10*directional_reaction_dg)
d67cd4319232916d	co2	CO₂	13	21.703885266441677	3	False	True	False	14	-56.623497705148736	-69.193516403015	-77.7509351703755	-184.16159987863696	184.16159987863696	sum(abs(pFBA_flux)/10*directional_reaction_dg)
1712cda3f715c5a6	co2	CO₂	11	8.232443570610322	3	False	True	False	11	-7.558855682699537	-22.426846495479104	-13.869427728118588	-54.219702645270864	54.219702645270864	sum(abs(pFBA_flux)/10*directional_reaction_dg)
2041ebcb60e4ac54	co2	CO₂	19	10.157565668579153	2	True	False	False	19	-59.60092059020688	-60.484324471223346	-77.59916200594435	-193.1137821313531	193.1137821313531	sum(abs(pFBA_flux)/10*directional_reaction_dg)
002fea8d9d411e28	co2	CO₂	10	8.712551949590106	3	False	True	False	11	-13.088627834025345	-23.431508829085026	-14.874090061724509	-60.133624891293515	60.133624891293515	sum(abs(pFBA_flux)/10*directional_reaction_dg)
ad1e4f60e9ed2e95	co2	CO₂	20	-26.14988273512603	6	False	True	True	23	-50.500947488647455	-50.31643118177135	-61.72632344207993	-92.15100489966574	92.15100489966574	sum(abs(pFBA_flux)/10*directional_reaction_dg)
7d61a6815ea7f98a	co2	CO₂	20	16.131293380482255	1	True	False	False	20	-37.714458960218586	-38.85497190875529	-44.55991889465148	-138.25886559089773	138.25886559089773	sum(abs(pFBA_flux)/10*directional_reaction_dg)
1071921bd0fff526	co2	CO₂	20	16.13129337704246	0	True	False	False	20	-1015.4957907673356	-1023.7906778623076	-1062.2990623154299	-1212.408884367332	1212.408884367332	sum(abs(pFBA_flux)/10*directional_reaction_dg)
ce23d215e384c389	co2	CO₂	13	24.155031532333698	1	True	False	False	13	-941.3898279537472	-963.5385037434276	-959.2597943597474	-1038.3172291065453	1038.3172291065453	sum(abs(pFBA_flux)/10*directional_reaction_dg)
7107f1facce59531	co2	CO₂	20	7.498058504758838	1	True	False	False	20	-946.4664913112732	-962.8816703876174	-958.602961003937	-996.5269385030263	996.5269385030263	sum(abs(pFBA_flux)/10*directional_reaction_dg)
d183b90a2b4a28e3	co2	CO₂	17	17.070254489497746	1	True	False	False	19	-960.6021994790253	-989.7599643829756	-994.0386737666557	-1088.1399590763374	1088.1399590763374	sum(abs(pFBA_flux)/10*directional_reaction_dg)
be013d08fa4d5ad1	co2	CO₂	20	15.736974329049401	1	True	False	False	21	-52.244282320538616	-58.808581064257496	-71.64470921529826	-169.54470085684582	169.54470085684582	sum(abs(pFBA_flux)/10*directional_reaction_dg)
1fc93157d844631f	co2	CO₂	20	14.187463908216944	1	True	False	False	21	-65.89424293598961	-71.17399134581787	-92.56753826421917	-197.20376746323544	197.20376746323544	sum(abs(pFBA_flux)/10*directional_reaction_dg)
8eaedf046d3be1b8	co2	CO₂	18	17.869490159882066	2	True	False	False	20	-974.3500763699781	-984.8638354892448	-997.6999636402857	-1119.1387210964724	1119.1387210964724	sum(abs(pFBA_flux)/10*directional_reaction_dg)
9cf37c5c650f90d5	co2	CO₂	20	24.366476794665434	2	True	False	False	21	-37.62671071737455	-59.82418698811301	-68.38160575547353	-176.21471278215608	176.21471278215608	sum(abs(pFBA_flux)/10*directional_reaction_dg)
fdb3cf5e78bf9eec	co2	CO₂	18	17.778894998431184	3	False	True	False	20	-974.4153538869787	-986.0771879085157	-998.9133160595566	-1123.0886464174405	1123.0886464174405	sum(abs(pFBA_flux)/10*directional_reaction_dg)
8c536fd0cd8cac36	co2	CO₂	20	20.539381391406657	3	False	True	False	21	-37.59407195887421	-61.36548683685997	-69.9229056042205	-174.62579941167763	174.62579941167763	sum(abs(pFBA_flux)/10*directional_reaction_dg)
5c123bc4d572d7cf	co2	CO₂	14	27.133693513434068	1	True	False	False	14	-955.1377048447001	-972.9238435968634	-977.2025529805437	-1083.3504379452484	1083.3504379452484	sum(abs(pFBA_flux)/10*directional_reaction_dg)
78a3a8d844512130	co2	CO₂	17	17.82412502622465	2	True	False	False	19	-974.3500763699777	-989.0998045107822	-1001.9359326618228	-1123.6127806855754	1123.6127806855754	sum(abs(pFBA_flux)/10*directional_reaction_dg)
1092afbf8a4315b8	co2	CO₂	18	20.797428961404727	2	True	False	False	19	-37.594071958873926	-58.59078795532082	-67.14820672268135	-171.39657181095578	171.39657181095578	sum(abs(pFBA_flux)/10*directional_reaction_dg)
90555b8a5aba352d	co2	CO₂	17	7.221021180870078	3	False	True	False	17	-935.8600558024212	-946.4199022903967	-942.1411929067165	-980.7396182055185	980.7396182055185	sum(abs(pFBA_flux)/10*directional_reaction_dg)
3377b046b4fc01af	co2	CO₂	16	9.215764559592898	3	False	True	False	17	-941.389827953747	-957.6678887742876	-953.3891793906073	-1013.6687413722863	1013.6687413722863	sum(abs(pFBA_flux)/10*directional_reaction_dg)
e19dec189ce2b37d	co2	CO₂	19	11.40989168600702	0	True	False	False	19	-85.99306748595674	-88.51903179991774	-127.02741625304006	-250.277448300767	250.277448300767	sum(abs(pFBA_flux)/10*directional_reaction_dg)
82eb3206e84fdf71	co2	CO₂	12	11.409891688225386	1	True	False	False	12	-12.115575981870155	-17.91800091316685	-13.639291529486592	-66.40260464620006	66.40260464620006	sum(abs(pFBA_flux)/10*directional_reaction_dg)
0e6760ee3dd6593e	co2	CO₂	19	5.782712229738453	1	True	False	False	19	-17.19223933939608	-24.85464710628134	-20.575937722601076	-51.4627880707442	51.4627880707442	sum(abs(pFBA_flux)/10*directional_reaction_dg)
1cec15e61ad06121	co2	CO₂	20	11.409891689657014	5	False	True	False	20	-55.65044585299415	-58.30646404484963	-71.1425921958904	-171.69025931773143	171.69025931773143	sum(abs(pFBA_flux)/10*directional_reaction_dg)
d3301f1e3262b9aa	co2	CO₂	20	8.665190123241082	4	False	True	False	24	-55.78100088699506	-72.35110517128786	-85.18723332232864	-192.24870542373526	192.24870542373526	sum(abs(pFBA_flux)/10*directional_reaction_dg)
8a8f1c8782c8293d	co2	CO₂	16	11.409891689540686	1	True	False	False	18	-31.393225024148563	-38.479267536415364	-42.75797692009563	-112.63241959627919	112.63241959627919	sum(abs(pFBA_flux)/10*directional_reaction_dg)
ba64651277a736ff	co2	CO₂	18	11.409891687057252	1	True	False	False	19	-50.087210238625744	-54.00308324321087	-66.8392113942516	-140.41161035041466	140.41161035041466	sum(abs(pFBA_flux)/10*directional_reaction_dg)
c181c45647938233	co2	CO₂	18	11.409891689601453	2	True	False	False	18	-31.393225024148762	-34.123357628987975	-38.40206701266822	-114.92110688636691	114.92110688636691	sum(abs(pFBA_flux)/10*directional_reaction_dg)
a2ef4aa3e6932090	co2	CO₂	17	11.4098916897845	2	True	False	False	18	-74.40970858447082	-78.01554318304879	-99.40909010145008	-180.81233403190706	180.81233403190706	sum(abs(pFBA_flux)/10*directional_reaction_dg)
75064d191f9368b5	co2	CO₂	18	11.319058222746342	1	True	False	False	19	-63.70453209557638	-66.06567786168836	-87.45922478008964	-173.7024917363734	173.7024917363734	sum(abs(pFBA_flux)/10*directional_reaction_dg)
4fa356639a6576f8	co2	CO₂	19	9.956066546571364	2	True	False	False	20	-63.70453209557684	-64.45149861039843	-85.84504552879974	-165.67153849123702	165.67153849123702	sum(abs(pFBA_flux)/10*directional_reaction_dg)
df0c31ee06bcbd48	co2	CO₂	18	11.409891688834463	2	True	False	False	19	-88.09230795842325	-89.91643815093528	-119.86740383669706	-197.41770629188375	197.41770629188375	sum(abs(pFBA_flux)/10*directional_reaction_dg)
cb814231fcfc13f1	co2	CO₂	18	9.927277627986788	1	True	False	False	19	-63.704532095576724	-64.43898577237776	-85.83253269077908	-164.69958871578598	164.69958871578598	sum(abs(pFBA_flux)/10*directional_reaction_dg)
6743fd142f519b3f	co2	CO₂	17	11.409891689789406	2	True	False	False	19	-45.075824398101005	-50.15887981526838	-62.99500796630917	-153.07388244000154	153.07388244000154	sum(abs(pFBA_flux)/10*directional_reaction_dg)
f1e8b8107513bd7d	co2	CO₂	18	-27.126980931932625	5	False	True	True	21	-25.798175355822025	-25.63330650016765	-29.91201588384792	7.756752557482144	-7.756752557482144	sum(abs(pFBA_flux)/10*directional_reaction_dg)
f8150445a3b3bdbe	co2	CO₂	19	11.40989168977223	2	True	False	False	20	-39.48077472977462	-41.93975559559833	-54.775883746639096	-145.84441378008134	145.84441378008134	sum(abs(pFBA_flux)/10*directional_reaction_dg)
5d376d2d8a775414	co2	CO₂	14	11.409891688107457	2	True	False	False	15	-25.863452872822847	-32.65026237385165	-36.92897175753192	-106.43282193532502	106.43282193532502	sum(abs(pFBA_flux)/10*directional_reaction_dg)
02f6191a64d7084c	co2	CO₂	17	11.4098916888873	3	False	True	False	19	-45.07582439810108	-50.10828521750093	-62.94441336854172	-159.23638787725088	159.23638787725088	sum(abs(pFBA_flux)/10*directional_reaction_dg)
11f3b2d955c05bf8	co2	CO₂	18	-27.126979434957562	6	False	True	True	21	-25.79817535582177	-25.633306435620128	-29.912015819300386	-1.9841306881899676	1.9841306881899676	sum(abs(pFBA_flux)/10*directional_reaction_dg)
5632992185115205	co2	CO₂	18	8.250057207191619	4	False	True	False	20	-25.928730389823023	-39.78324884958562	-44.061958233265884	-137.74803898487326	137.74803898487326	sum(abs(pFBA_flux)/10*directional_reaction_dg)
471756473551834d	co2	CO₂	14	11.409891689626564	3	False	True	False	15	-25.798175355821968	-32.945706260287366	-37.224415643967625	-115.5543945220616	115.5543945220616	sum(abs(pFBA_flux)/10*directional_reaction_dg)
1f7f862df1774805	co2	CO₂	13	11.409891689514367	1	True	False	False	13	-25.863452872823025	-27.525283251364172	-31.803992635044423	-96.81689555847792	96.81689555847792	sum(abs(pFBA_flux)/10*directional_reaction_dg)
1c50459fcd946d41	co2	CO₂	20	5.937242954602737	1	True	False	False	20	-30.874838713347913	-35.94807939478541	-40.22678877846566	-86.42698073811768	86.42698073811768	sum(abs(pFBA_flux)/10*directional_reaction_dg)
fb666a7068cc1905	co2	CO₂	19	11.409891689247205	3	False	True	False	20	-69.5288777779474	-73.49259473805677	-94.88614165645804	-209.59832217095038	209.59832217095038	sum(abs(pFBA_flux)/10*directional_reaction_dg)
deb89a91b1cddbd5	co2	CO₂	16	11.40989168470129	2	True	False	False	18	-45.07582439810078	-49.229912340358936	-62.066040491399704	-153.52696226721082	153.52696226721082	sum(abs(pFBA_flux)/10*directional_reaction_dg)
9e3ae2486d9529da	co2	CO₂	17	-27.634206134945615	5	False	True	True	20	-25.732897838821515	-25.564652109988	-29.843361493668272	-27.414068667991046	27.414068667991046	sum(abs(pFBA_flux)/10*directional_reaction_dg)
abb84c3c92ab7f41	co2	CO₂	18	11.409891684189594	2	True	False	False	19	-39.48077472977445	-41.8871395677265	-54.723267718767275	-143.22589839137297	143.22589839137297	sum(abs(pFBA_flux)/10*directional_reaction_dg)
0265932d172601c3	co2	CO₂	13	11.409891689777572	2	True	False	False	14	-25.798175355821854	-31.40211288407974	-35.68082226775999	-104.65376538680181	104.65376538680181	sum(abs(pFBA_flux)/10*directional_reaction_dg)
bd1f9041b5d1a696	co2	CO₂	18	11.409891688671994	3	False	True	False	19	-55.585168335992876	-60.06010580503343	-72.89623395607418	-165.84278495813183	165.84278495813183	sum(abs(pFBA_flux)/10*directional_reaction_dg)
2d5df628a4a6d8d0	co2	CO₂	16	3.9594786404673488	3	False	True	False	16	-6.585803830544272	-16.662881440511285	-12.384172056831028	-43.70644303634151	43.70644303634151	sum(abs(pFBA_flux)/10*directional_reaction_dg)
2d1f261d7ef4854e	co2	CO₂	16	11.409891689534568	2	True	False	False	16	-25.798175355822394	-28.652302265360184	-32.93101164904044	-113.27331463676846	113.27331463676846	sum(abs(pFBA_flux)/10*directional_reaction_dg)
d77ad2b2fd42f4e1	co2	CO₂	17	15.877840983015808	0	True	False	False	17	-1022.8848600437774	-1024.200233544235	-1062.7086179973574	-1204.808921211224	1204.808921211224	sum(abs(pFBA_flux)/10*directional_reaction_dg)
46be56fc4e2ffe34	co2	CO₂	20	10.181409149117439	2	True	False	False	20	-995.2585512278697	-996.1548424452495	-1017.5483893636508	-1143.4421497870626	1143.4421497870626	sum(abs(pFBA_flux)/10*directional_reaction_dg)
782916dba10e1928	co2	CO₂	10	23.788837094425123	1	True	False	False	10	-941.9375975432127	-956.5548770106385	-947.997458243278	-1009.5493912087334	1009.5493912087334	sum(abs(pFBA_flux)/10*directional_reaction_dg)
c8ba778e4d2858c2	co2	CO₂	19	6.2320546747665615	1	True	False	False	19	-944.4759292219755	-960.3617201152429	-951.8043013478823	-975.8511594216397	975.8511594216397	sum(abs(pFBA_flux)/10*directional_reaction_dg)
9c00e9b697827d06	co2	CO₂	18	22.692901528345388	5	False	True	False	18	-992.3464058598129	-986.0139583895957	-998.8500865406365	-1127.744695035939	1127.744695035939	sum(abs(pFBA_flux)/10*directional_reaction_dg)
f1667ad0c448b6d0	co2	CO₂	14	16.879228784496974	1	True	False	False	15	-961.0846915514901	-964.0301882393204	-964.0301882393204	-1039.9060064897517	1039.9060064897517	sum(abs(pFBA_flux)/10*directional_reaction_dg)
ef986fdd54037955	co2	CO₂	20	7.144732341940024	0	True	False	False	21	-966.2266324260164	-980.8946312828558	-980.8946312828558	-1020.5648060870767	1020.5648060870767	sum(abs(pFBA_flux)/10*directional_reaction_dg)
a9c17fdfc04aaf3a	co2	CO₂	19	15.669421335885222	1	True	False	False	20	-59.633351596980106	-61.39808013404574	-74.23420828508651	-166.9048922259047	166.9048922259047	sum(abs(pFBA_flux)/10*directional_reaction_dg)
09a920dd48a07f47	co2	CO₂	19	11.818651601730146	2	True	False	False	20	-40.87408886550236	-43.03361777379295	-47.3123271574732	-123.02945170885106	123.02945170885106	sum(abs(pFBA_flux)/10*directional_reaction_dg)
8a5ee590e2acf26b	co2	CO₂	19	14.105925165908161	1	True	False	False	20	-73.2833122124311	-74.61999137669623	-96.0135382950975	-193.47308251154715	193.47308251154715	sum(abs(pFBA_flux)/10*directional_reaction_dg)
ba656cb0647b93c2	co2	CO₂	15	17.704043831297398	2	True	False	False	17	-974.8325684424428	-976.7264848555491	-985.2839036229096	-1082.7509854915854	1082.7509854915854	sum(abs(pFBA_flux)/10*directional_reaction_dg)
73e8ecd0a32051d4	co2	CO₂	20	18.532662855320538	2	True	False	False	21	-972.7234461346048	-975.4422058063609	-986.1389792655616	-1094.7804126326578	1094.7804126326578	sum(abs(pFBA_flux)/10*directional_reaction_dg)
517eb3e71cf1f9a0	co2	CO₂	16	17.680408256258694	3	False	True	False	17	-979.9745093169687	-982.7413705353954	-991.2987893027558	-1093.7492874392406	1093.7492874392406	sum(abs(pFBA_flux)/10*directional_reaction_dg)
7253719457341c2d	co2	CO₂	16	-27.634207556876724	6	False	True	True	19	-962.3635803286395	-961.5827786103035	-965.8614879939838	-981.5597408528193	981.5597408528193	sum(abs(pFBA_flux)/10*directional_reaction_dg)
768a3ad071c2fb19	co2	CO₂	18	15.671781427781704	3	False	True	False	19	-969.3680738081173	-972.4074743585455	-980.9648931259062	-1076.1353402823017	1076.1353402823017	sum(abs(pFBA_flux)/10*directional_reaction_dg)
6413a1a3b9fe9d45	co2	CO₂	11	27.227371103997793	1	True	False	False	11	-955.6854744341655	-968.2425802834553	-968.2425802834551	-1049.9371258157792	1049.9371258157792	sum(abs(pFBA_flux)/10*directional_reaction_dg)
51f8ec118d855d7f	co2	CO₂	19	8.932669725775563	1	True	False	False	19	-960.8274153086919	-973.6037381023365	-973.6037381023364	-1038.3297226549362	1038.3297226549362	sum(abs(pFBA_flux)/10*directional_reaction_dg)
a74490a7b7c7d396	co2	CO₂	19	22.770197478468386	5	False	True	False	19	-1006.0942827507649	-1005.247050278816	-1026.6405971972174	-1174.589363101493	1174.589363101493	sum(abs(pFBA_flux)/10*directional_reaction_dg)
02916ab480be21c7	co2	CO₂	20	21.576384211092165	3	False	True	False	21	-999.1877055467883	-1013.6325081410471	-1030.747345675768	-1159.7021472687588	1159.7021472687588	sum(abs(pFBA_flux)/10*directional_reaction_dg)
c6b1f43610595a20	co2	CO₂	14	17.65437811882291	2	True	False	False	16	-974.8325684424426	-977.1327326290216	-985.690151396382	-1084.309001137641	1084.309001137641	sum(abs(pFBA_flux)/10*directional_reaction_dg)
5e07940e0a0512a4	co2	CO₂	20	7.144730688009675	1	True	False	False	21	-979.9745093169685	-993.7726703601476	-1002.3300891275082	-1080.448091876031	1080.448091876031	sum(abs(pFBA_flux)/10*directional_reaction_dg)
8c8a1494fa76a6e4	co2	CO₂	15	-28.15523668916654	5	False	True	True	18	-962.3635803286397	-962.7408016001847	-967.019510983865	-995.9167970438764	995.9167970438764	sum(abs(pFBA_flux)/10*directional_reaction_dg)
b16f05fac91ec7c7	co2	CO₂	16	18.171099898541247	2	True	False	False	17	-976.1114572195927	-978.3250123656971	-991.161140516738	-1098.64094411245	1098.64094411245	sum(abs(pFBA_flux)/10*directional_reaction_dg)
bb14ace4cf2acd76	co2	CO₂	12	21.491577774045954	2	True	False	False	13	-955.6201969171643	-969.6648025196865	-969.6648025196864	-1046.3007423294027	1046.3007423294027	sum(abs(pFBA_flux)/10*directional_reaction_dg)
8f8ccd14ab7314de	co2	CO₂	19	21.441179105492505	3	False	True	False	20	-985.5051061728365	-999.2446036192623	-1007.8020223866229	-1113.7732311837258	1113.7732311837258	sum(abs(pFBA_flux)/10*directional_reaction_dg)
2553b11ac1292959	co2	CO₂	14	6.99041605006362	3	False	True	False	14	-943.2491250788627	-949.799372686354	-945.5206633026738	-990.3516817710222	990.3516817710222	sum(abs(pFBA_flux)/10*directional_reaction_dg)
68a385f95569dcb4	co2	CO₂	15	20.240310320130774	2	True	False	False	15	-955.6201969171647	-963.0763894379807	-963.0763894379807	-1040.8236291736496	1040.8236291736496	sum(abs(pFBA_flux)/10*directional_reaction_dg)
7a253019b5f46747	co2	CO₂	17	10.107876102574597	1	True	False	False	17	-16.556445432021935	-17.50966549233115	-34.62450302705218	-156.33580492324566	156.33580492324566	sum(abs(pFBA_flux)/10*directional_reaction_dg)
af4134f19e2ea6f7	co2	CO₂	13	14.236413852107953	0	True	False	False	13	-44.05219921392744	-44.82904458649962	-79.0587196559417	-209.6836997943671	209.6836997943671	sum(abs(pFBA_flux)/10*directional_reaction_dg)
4e5702b2075178bc	co2	CO₂	17	10.107876102287227	2	True	False	False	17	-16.55644543202221	-17.50961221106398	-34.62444974578502	-151.53766506691815	151.53766506691815	sum(abs(pFBA_flux)/10*directional_reaction_dg)
f17dcf0e1a19d564	co2	CO₂	19	10.157565667610415	1	True	False	False	19	-30.304322322974688	-31.396837330620546	-57.06909363270211	-215.73060061645674	215.73060061645674	sum(abs(pFBA_flux)/10*directional_reaction_dg)
39f8713b9746787c	co2	CO₂	18	10.133073368303734	2	True	False	False	18	-30.304322322975473	-31.373375548260064	-57.045631850341614	-207.86271093074245	207.86271093074245	sum(abs(pFBA_flux)/10*directional_reaction_dg)
f30f6f5813eefa86	co2	CO₂	19	10.157565667967374	2	True	False	False	19	-16.5564454320224	-17.552861782494148	-34.66769931721518	-154.63461495076888	154.63461495076888	sum(abs(pFBA_flux)/10*directional_reaction_dg)
245ef2e24b9ee495	co2	CO₂	19	-27.126964687594214	5	False	True	True	20	-9.368600748082486	-9.201598874573321	-9.201598874573323	42.16474867441978	-42.16474867441978	sum(abs(pFBA_flux)/10*directional_reaction_dg)
356ce4abb4092ada	co2	CO₂	20	10.181409146268738	1	True	False	False	20	-61.475943172590775	-62.43930803534255	-88.11156433742408	-207.18945049874011	207.18945049874011	sum(abs(pFBA_flux)/10*directional_reaction_dg)
67d8db3c4c8d17d5	co2	CO₂	16	15.78833843822705	0	True	False	False	16	-88.64530936949387	-89.91767157869523	-132.70476541549783	-274.7381492500773	274.7381492500773	sum(abs(pFBA_flux)/10*directional_reaction_dg)
b039f68f9be18adc	co2	CO₂	19	12.260830242507598	4	False	True	False	20	-61.34538813858913	-61.907809434674526	-87.5800657367561	-202.94821211536666	202.94821211536666	sum(abs(pFBA_flux)/10*directional_reaction_dg)
73f761c97f92f1f3	co2	CO₂	19	8.436156854715895	4	False	True	False	20	-61.34538813858882	-60.780505569354325	-86.45276187143587	-187.02321144941837	187.02321144941837	sum(abs(pFBA_flux)/10*directional_reaction_dg)
2e4070d4d812ebf7	co2	CO₂	18	8.360277281727049	3	False	True	False	19	-61.345388138589044	-60.791058095927966	-86.46331439800954	-185.37834339604544	185.37834339604544	sum(abs(pFBA_flux)/10*directional_reaction_dg)
a4a50c49c3e1fe6d	co2	CO₂	19	10.15756566822452	2	True	False	False	19	-61.28011062158856	-62.21688814207768	-87.88914444415923	-207.36976689314548	207.36976689314548	sum(abs(pFBA_flux)/10*directional_reaction_dg)
4a3e7c30b4239175	co2	CO₂	9	22.99388201716526	1	True	False	False	9	-14.767817865407313	-28.34945992362696	-28.34945992362696	-105.29357574361273	105.29357574361273	sum(abs(pFBA_flux)/10*directional_reaction_dg)
0b29c3031c45ae55	co2	CO₂	16	10.777430612027024	1	True	False	False	16	-19.909758739933906	-33.32985088769404	-33.32985088769404	-95.1401130159354	95.1401130159354	sum(abs(pFBA_flux)/10*directional_reaction_dg)
9c20bbd8e8bfd858	co2	CO₂	17	22.506741411804313	5	False	True	False	17	-58.36796525353179	-63.00254969601944	-80.11738723074046	-214.7672320802733	214.7672320802733	sum(abs(pFBA_flux)/10*directional_reaction_dg)
0362b1538b9749c4	co2	CO₂	20	19.11114986853051	3	False	True	False	21	-72.11584214448428	-75.88348165779257	-101.55573795987411	-261.6965110618415	261.6965110618415	sum(abs(pFBA_flux)/10*directional_reaction_dg)
e2f02fed115e3f57	co2	CO₂	18	2.1459565662829685	1	True	False	False	21	-39.05685274821066	-36.246927754958506	-44.80434652231902	-88.70467705248679	88.70467705248679	sum(abs(pFBA_flux)/10*directional_reaction_dg)
372fc7c5f72e17ec	co2	CO₂	18	1.7245904632635207	1	True	False	False	21	-33.592358113885595	-29.924461631469544	-38.48188039883006	-84.8058321302073	84.8058321302073	sum(abs(pFBA_flux)/10*directional_reaction_dg)
37d03d484870a74a	co2	CO₂	19	2.1620354466868172	3	False	True	False	22	-52.870007156163865	-49.92123939617345	-67.03607693089448	-139.2591930345706	139.2591930345706	sum(abs(pFBA_flux)/10*directional_reaction_dg)
3963815a9429b41d	co2	CO₂	18	2.145956001571035	2	True	False	False	21	-52.87000715616364	-49.983674082988784	-67.09851161770982	-137.65035883763926	137.65035883763926	sum(abs(pFBA_flux)/10*directional_reaction_dg)
c82be60c355a701e	co2	CO₂	13	17.12685059297795	1	True	False	False	15	-33.98018939068518	-41.35244543621305	-49.90986420357357	-142.275953122216	142.275953122216	sum(abs(pFBA_flux)/10*directional_reaction_dg)
01714f1311aa3a9c	co2	CO₂	19	7.089479266247312	0	True	False	False	20	-39.12213026521148	-52.645608324462984	-61.20302709182349	-101.36884741337865	101.36884741337865	sum(abs(pFBA_flux)/10*directional_reaction_dg)
14339f82dc96bc5b	co2	CO₂	20	8.367900882082818	1	True	False	False	21	-39.056852748211014	-55.29533314543203	-63.85275191279255	-122.28023665248485	122.28023665248485	sum(abs(pFBA_flux)/10*directional_reaction_dg)
3b4ce2a7cc18af21	co2	CO₂	19	6.055879316319305	5	False	True	False	21	-47.662788764637355	-47.09625663840576	-64.2110941731268	-174.90144445925205	174.90144445925205	sum(abs(pFBA_flux)/10*directional_reaction_dg)
29f1d3ee79d2db24	co2	CO₂	18	5.165342202075317	3	False	True	False	20	-28.45041723935975	-27.80210756319391	-36.35952633055443	-109.69857626972619	109.69857626972619	sum(abs(pFBA_flux)/10*directional_reaction_dg)
f349d3e979e777ee	co2	CO₂	15	15.376552380290919	1	True	False	False	16	-52.7394521221629	-53.79285412326121	-70.90769165798221	-177.62096515551508	177.62096515551508	sum(abs(pFBA_flux)/10*directional_reaction_dg)
fb51d5422afddeee	co2	CO₂	20	-26.14988122721116	6	False	True	True	22	-47.59751124763659	-47.36614251148296	-64.48098004620397	-80.23200891479084	80.23200891479084	sum(abs(pFBA_flux)/10*directional_reaction_dg)
19454da73480ec3a	co2	CO₂	14	-29.814048406596076	4	False	True	True	15	-14.767817865407437	-14.586806366682152	-14.586806366682149	44.70910038983661	-44.70910038983661	sum(abs(pFBA_flux)/10*directional_reaction_dg)
32d889574142b63b	co2	CO₂	14	31.273716574928066	2	True	False	False	15	-76.99667295100744	-91.36931541294219	-117.04157171502372	-265.70979190417285	265.70979190417285	sum(abs(pFBA_flux)/10*directional_reaction_dg)
adb3c4a358bd5e16	co2	CO₂	15	13.756880050640252	1	True	False	False	16	-66.35677397911354	-67.11810128763318	-92.79035758971472	-194.26854228074725	194.26854228074725	sum(abs(pFBA_flux)/10*directional_reaction_dg)
8a835783b2084bc5	co2	CO₂	16	9.988058140514049	2	True	False	False	17	-66.35677397911397	-66.39933867638906	-92.07159497847061	-164.13913283324393	164.13913283324393	sum(abs(pFBA_flux)/10*directional_reaction_dg)
f0d685a64601ad2a	co2	CO₂	15	33.99512159872444	2	True	False	False	16	-90.74454984196043	-96.230872718038	-130.46054778748004	-302.497474903394	302.497474903394	sum(abs(pFBA_flux)/10*directional_reaction_dg)
148b11194e81f2c1	co2	CO₂	15	9.957597584114781	1	True	False	False	16	-66.35677397911385	-66.39901533849093	-92.07127164057245	-163.57701858837117	163.57701858837117	sum(abs(pFBA_flux)/10*directional_reaction_dg)
d059d0dfaadd682f	co2	CO₂	20	10.181409149741615	2	True	False	False	20	-75.22382006354354	-76.28520051560925	-110.51487558505131	-262.67091278348676	262.67091278348676	sum(abs(pFBA_flux)/10*directional_reaction_dg)
7869002f20f6d685	co2	CO₂	19	23.558965428530378	5	False	True	False	20	-72.05056462748362	-80.85609081099821	-106.52834711307976	-265.2451395371706	265.2451395371706	sum(abs(pFBA_flux)/10*directional_reaction_dg)
38538d1a930e89ef	co2	CO₂	14	17.680128758830207	2	True	False	False	16	-47.8586213156393	-50.164577667633054	-67.27941520235407	-184.66410744394855	184.66410744394855	sum(abs(pFBA_flux)/10*directional_reaction_dg)
5a1b523569416283	co2	CO₂	19	7.186572802690709	0	True	False	False	20	-33.59235811388568	-48.24392588162317	-56.80134464898368	-109.31847817843897	109.31847817843897	sum(abs(pFBA_flux)/10*directional_reaction_dg)
1dd9ab43d3150915	co2	CO₂	15	-28.155239733686525	5	False	True	True	18	-28.51569475635972	-28.332214444013214	-36.889633211373756	8.147029878193807	-8.147029878193807	sum(abs(pFBA_flux)/10*directional_reaction_dg)
939280171d615518	co2	CO₂	13	8.316537826381479	3	False	True	False	17	-28.515694756360062	-42.20585214049113	-50.76327090785164	-140.54913074669886	140.54913074669886	sum(abs(pFBA_flux)/10*directional_reaction_dg)
b567cb10973e58a4	co2	CO₂	20	12.331864573660507	5	False	True	False	21	-61.47594317259032	-62.0948950471692	-87.76715134925075	-200.09547614354886	200.09547614354886	sum(abs(pFBA_flux)/10*directional_reaction_dg)
9ff6786e28e4003b	co2	CO₂	20	25.326316041901382	5	False	True	False	21	-85.79844151843636	-89.88075405540486	-124.11042912484692	-308.43283061051915	308.43283061051915	sum(abs(pFBA_flux)/10*directional_reaction_dg)
b3de8c82e2fdcb5a	co2	CO₂	19	12.260830243750844	4	False	True	False	20	-61.47594317259009	-62.07936235695281	-87.75161865903434	-202.87143890608388	202.87143890608388	sum(abs(pFBA_flux)/10*directional_reaction_dg)
5d5292fd3942747a	co2	CO₂	11	23.65615475425503	2	True	False	False	12	-28.5809722733606	-41.41043175619551	-49.967850523556024	-152.3340598167316	152.3340598167316	sum(abs(pFBA_flux)/10*directional_reaction_dg)
2ac02ddae028934a	co2	CO₂	19	21.50926393919538	6	False	True	False	20	-71.98528711048289	-79.45430592319525	-105.1265622252768	-241.48741846125998	241.48741846125998	sum(abs(pFBA_flux)/10*directional_reaction_dg)
743a4a50f527ff8b	co2	CO₂	14	17.643364079709965	3	False	True	False	16	-47.793343798638645	-50.38839629416297	-67.503233828884	-188.08865946489797	188.08865946489797	sum(abs(pFBA_flux)/10*directional_reaction_dg)
ef9e0d470936242f	co2	CO₂	20	7.144730549010503	2	True	False	False	21	-52.87000715616395	-66.73688754899688	-83.85172508371791	-156.8241275290329	156.8241275290329	sum(abs(pFBA_flux)/10*directional_reaction_dg)
7b60d62250786dd3	co2	CO₂	16	-28.155238140185485	7	False	True	True	18	-28.450417239359	-28.26034482387491	-36.81776359123544	-12.614951345905798	12.614951345905798	sum(abs(pFBA_flux)/10*directional_reaction_dg)
1cd8bf03b08aa8ef	co2	CO₂	16	15.53635272557514	3	False	True	False	17	-42.19829413031215	-44.33192776159401	-61.44676529631505	-168.56493590809873	168.56493590809873	sum(abs(pFBA_flux)/10*directional_reaction_dg)
d4654d1832488b94	co2	CO₂	20	22.114995013746174	6	False	True	False	21	-85.73316400143565	-86.09660392065399	-120.32627899009604	-280.7266904986353	280.7266904986353	sum(abs(pFBA_flux)/10*directional_reaction_dg)
70145fa911b484dd	co2	CO₂	20	8.4361568066585	5	False	True	False	21	-61.41066565558981	-60.816734060894866	-86.48899036297644	-186.00415209377977	186.00415209377977	sum(abs(pFBA_flux)/10*directional_reaction_dg)
282334706ae0cf78	co2	CO₂	11	19.5053643624212	3	False	True	False	12	-28.51569475635972	-41.22489885957274	-49.782317626933256	-147.12125999641785	147.12125999641785	sum(abs(pFBA_flux)/10*directional_reaction_dg)
e1627e9e0bcaec56	co2	CO₂	10	26.15494644625431	1	True	False	False	10	-28.51569475636041	-38.88389161553878	-47.441310382899296	-151.161816133849	151.161816133849	sum(abs(pFBA_flux)/10*directional_reaction_dg)
94cecfabf1ad63ea	co2	CO₂	17	10.841161761821832	1	True	False	False	17	-33.527080596885476	-47.276503956977436	-55.83392272433797	-126.84116168424984	126.84116168424984	sum(abs(pFBA_flux)/10*directional_reaction_dg)
0896db2ce406684d	co2	CO₂	18	22.692901363933643	5	False	True	False	18	-72.11584214448385	-72.89789182308398	-98.5701481251655	-254.62408174258655	254.62408174258655	sum(abs(pFBA_flux)/10*directional_reaction_dg)
bf7fcea2513dee58	co2	CO₂	19	25.425674073002845	5	False	True	False	20	-85.66788648443486	-85.67781331235544	-119.90748838179749	-294.4047961712357	294.4047961712357	sum(abs(pFBA_flux)/10*directional_reaction_dg)
ec2f6862a6f7a11e	co2	CO₂	16	21.978013172737537	3	False	True	False	17	-72.11584214448422	-85.82749089868734	-111.49974720076888	-265.4767225524387	265.4767225524387	sum(abs(pFBA_flux)/10*directional_reaction_dg)
3c761ea8afa36534	co2	CO₂	18	23.47059510535502	5	False	True	False	19	-71.985287110483	-80.5578720971977	-106.23012839927924	-258.41947995169926	258.41947995169926	sum(abs(pFBA_flux)/10*directional_reaction_dg)
138978751d645024	co2	CO₂	13	17.603084407504227	2	True	False	False	15	-47.728066281637965	-49.88071298433171	-66.99555051905274	-177.64935911952907	177.64935911952907	sum(abs(pFBA_flux)/10*directional_reaction_dg)
41e3b8486b091b6d	co2	CO₂	19	7.089477538704397	1	True	False	False	20	-52.87000715616372	-66.38830459014797	-83.50314212486899	-161.6767043933451	161.6767043933451	sum(abs(pFBA_flux)/10*directional_reaction_dg)
4482c57ec60b8a55	co2	CO₂	20	10.461736007170797	2	True	False	False	21	-52.80472963916331	-69.09879829683298	-86.21363583155401	-200.93190195237423	200.93190195237423	sum(abs(pFBA_flux)/10*directional_reaction_dg)
e6bda3ea385939bd	co2	CO₂	16	10.289978135175852	5	False	True	False	17	-28.58097227336009	-29.3728389327059	-37.93025770006643	-128.37057350709023	128.37057350709023	sum(abs(pFBA_flux)/10*directional_reaction_dg)
57a8af5767f0723a	co2	CO₂	15	18.072042063683185	2	True	False	False	16	-42.198294130312206	-43.89819382379462	-61.013031358515654	-179.95306033792286	179.95306033792286	sum(abs(pFBA_flux)/10*directional_reaction_dg)
9c484cbc20e6ab2f	co2	CO₂	10	23.610005996728585	2	True	False	False	11	-28.515694756359608	-40.75086278340039	-49.30828155076091	-151.41067114225078	151.41067114225078	sum(abs(pFBA_flux)/10*directional_reaction_dg)
b9030db61cbbda64	co2	CO₂	15	21.888590671317896	3	False	True	False	16	-58.367965253531196	-71.80249755902193	-88.91733509374295	-220.5190525268189	220.5190525268189	sum(abs(pFBA_flux)/10*directional_reaction_dg)
0fefdcfd93ad0ff0	co2	CO₂	13	5.88229973285734	3	False	True	False	13	-9.238045714081373	-22.461600766611916	-22.46160076661192	-57.340970618232234	57.340970618232234	sum(abs(pFBA_flux)/10*directional_reaction_dg)
5c682c988a59051f	co2	CO₂	12	8.76519601244521	3	False	True	False	13	-14.833095382407777	-25.422452684818005	-25.42245268481801	-85.8178794268222	85.8178794268222	sum(abs(pFBA_flux)/10*directional_reaction_dg)
818624700d76a12a	co2	CO₂	17	-27.634192525229555	4	False	True	True	19	15.216626505410217	15.37471027117152	21.07965554558396	31.418017387053585	-31.418017387053585	sum(abs(pFBA_flux)/10*directional_reaction_dg)
ae15e4a75ae27214	co2	CO₂	17	10.107876102123404	1	True	False	False	17	-19.391043282826573	-20.218975283793	-31.628865832617848	-145.3299459969593	145.3299459969593	sum(abs(pFBA_flux)/10*directional_reaction_dg)
5a120252524e7f70	co2	CO₂	13	14.236413852107953	0	True	False	False	13	-46.973830995786976	-47.907527499870675	-76.43225387193282	-190.8617267386732	190.8617267386732	sum(abs(pFBA_flux)/10*directional_reaction_dg)
41efa0f9d3bd1357	co2	CO₂	17	10.107876100764718	2	True	False	False	17	-19.391043282826516	-20.218830487022444	-31.628721035847306	-142.99785633758816	142.99785633758816	sum(abs(pFBA_flux)/10*directional_reaction_dg)
aa863b195cbb66e8	co2	CO₂	19	10.157565667610415	1	True	False	False	19	-33.225956854409596	-34.19042345067317	-54.157732766858544	-201.66172256591483	201.66172256591483	sum(abs(pFBA_flux)/10*directional_reaction_dg)
49d0c3d8886a8bca	co2	CO₂	19	10.157565668338524	2	True	False	False	19	-33.2259568544101	-34.1902982867416	-54.15760760292697	-196.64806797581133	196.64806797581133	sum(abs(pFBA_flux)/10*directional_reaction_dg)
01bb2f4f0ed66aed	co2	CO₂	19	-26.632495647139375	4	False	True	True	21	15.281904022410792	15.453495966359128	21.158441240771555	18.292144022469685	-18.292144022469685	sum(abs(pFBA_flux)/10*directional_reaction_dg)
5ca61760ae43a50e	co2	CO₂	20	10.157565665830443	2	True	False	False	20	-19.391043282826647	-20.256284087443934	-31.6661746362688	-145.3278334366867	145.3278334366867	sum(abs(pFBA_flux)/10*directional_reaction_dg)
31e621e4ced9a2fc	co2	CO₂	20	9.675113039289316	1	True	False	False	22	-1252.4384753697825	-1255.7340569918097	-1250.029113428881	-1309.8354087377115	1309.8354087377115	sum(abs(pFBA_flux)/10*directional_reaction_dg)
e8d22f1fdab5d6f0	co2	CO₂	20	2.5909141453485107	2	True	False	False	23	-7.959981415364416	-14.97764030920954	-14.977640309209542	-75.40428272690134	75.40428272690134	sum(abs(pFBA_flux)/10*directional_reaction_dg)
a77077fa90f5bace	co2	CO₂	20	10.747911133846534	1	True	False	False	23	-25.44797799358417	-41.430622486507716	-41.430622486507716	-121.00277448548124	121.00277448548124	sum(abs(pFBA_flux)/10*directional_reaction_dg)
b3c79eb7786b949d	co2	CO₂	20	9.70546868998636	2	True	False	False	23	-41.64059112937825	-57.342134362478696	-63.04707792540737	-142.4203897086481	142.4203897086481	sum(abs(pFBA_flux)/10*directional_reaction_dg)
1656cef941c3ffe6	co2	CO₂	20	9.70546868207544	2	True	False	False	23	-38.21270538762068	-54.74563834875943	-60.450581911688104	-135.0138213513611	135.0138213513611	sum(abs(pFBA_flux)/10*directional_reaction_dg)
3facdd51ae37178e	co2	CO₂	17	-27.634206749762644	6	False	True	True	19	-1.1475792752370921	-0.9501341512861288	-0.950134151286143	-34.98222363611157	34.98222363611157	sum(abs(pFBA_flux)/10*directional_reaction_dg)
d196c17681d6c478	co2	CO₂	20	10.227339999928347	3	False	True	False	22	-10.312829619347191	-11.166165285551774	-16.8711105599642	-107.91267395412132	107.91267395412132	sum(abs(pFBA_flux)/10*directional_reaction_dg)
9864b9d7e3241533	co2	CO₂	16	12.995648177479131	2	True	False	False	18	-13.653753178937965	-14.659778683279	-20.364723957691428	-113.5671267152442	113.5671267152442	sum(abs(pFBA_flux)/10*directional_reaction_dg)
59853dfb5eb01e35	co2	CO₂	17	12.833141290743038	3	False	True	False	18	-13.69727251004656	-20.420603964925895	-26.125547527854557	-120.09429955721073	120.09429955721073	sum(abs(pFBA_flux)/10*directional_reaction_dg)
618fd9dbd260b1a0	co2	CO₂	20	-25.21698185666652	6	False	True	True	24	-10.356347959662328	-10.152543495690203	-15.857488770102634	-31.78531348351984	31.78531348351984	sum(abs(pFBA_flux)/10*directional_reaction_dg)
6f49f703f14b2069	co2	CO₂	18	-27.126978650178753	6	False	True	True	20	-10.356347959662372	-10.167065511793624	-15.87201078620604	-62.42937729279525	62.42937729279525	sum(abs(pFBA_flux)/10*directional_reaction_dg)
e446e3c91e6ccfab	co2	CO₂	20	-25.21698058579987	6	False	True	True	24	-10.312829619347173	-10.104089006775236	-15.809034281187671	-62.36545681648793	62.36545681648793	sum(abs(pFBA_flux)/10*directional_reaction_dg)
455d555b90c47e26	co2	CO₂	15	12.708282860698361	3	False	True	False	16	-1.1475797503026857	-9.13169777638307	-9.131697776383067	-84.22883046555788	84.22883046555788	sum(abs(pFBA_flux)/10*directional_reaction_dg)
38c677f5769f0892	co2	CO₂	20	7.021875279439729	5	False	True	False	22	-1.1910976155523088	-13.736405212532468	-13.73640521253246	-88.1445037323279	88.1445037323279	sum(abs(pFBA_flux)/10*directional_reaction_dg)
90762af5483227a3	co2	CO₂	14	12.911426922422688	3	False	True	False	15	-13.653753178937961	-14.5167238245366	-20.22166909894902	-104.7614429991615	104.7614429991615	sum(abs(pFBA_flux)/10*directional_reaction_dg)
be4d4153cd5d5e1e	co2	CO₂	20	7.077459895625509	5	False	True	False	22	-29.91226879498342	-42.6447132505816	-54.05460379940645	-144.431185277656	144.431185277656	sum(abs(pFBA_flux)/10*directional_reaction_dg)
6a0e9d5ed8dac4f5	co2	CO₂	17	12.384225445181041	2	True	False	False	18	-17.081713419158962	-18.20113339801412	-23.90607867242655	-110.81832689250582	110.81832689250582	sum(abs(pFBA_flux)/10*directional_reaction_dg)
67122d03a7acf60a	co2	CO₂	17	12.678939842089534	2	True	False	False	18	-26.159927082638347	-29.499905524788836	-40.90979607361367	-151.44491787827	151.44491787827	sum(abs(pFBA_flux)/10*directional_reaction_dg)
9e7e9198e56191bf	co2	CO₂	18	12.429592502977542	3	False	True	False	19	-20.466155319065425	-21.621280668533796	-27.326225942946227	-123.23312433275294	123.23312433275294	sum(abs(pFBA_flux)/10*directional_reaction_dg)
38981dee69e1e649	co2	CO₂	19	-25.678280555197855	5	False	True	True	23	-26.203445422953898	-26.012772288856276	-37.42266283768111	-45.73258256195498	45.73258256195498	sum(abs(pFBA_flux)/10*directional_reaction_dg)
5c582453185e32dd	co2	CO₂	17	10.017462205315	2	True	False	False	18	-29.5443689825449	-29.618372186344974	-41.02826273516982	-143.46225862439883	143.46225862439883	sum(abs(pFBA_flux)/10*directional_reaction_dg)
9dd1f995358a4bca	co2	CO₂	15	12.940879996352864	2	True	False	False	16	-26.203445422953706	-27.199399860674355	-38.6092904094992	-142.81890625021316	142.81890625021316	sum(abs(pFBA_flux)/10*directional_reaction_dg)
6d50deeeb383a18f	co2	CO₂	17	12.997083304251682	3	False	True	False	18	-42.418442698684345	-43.649654244354934	-60.764490067592206	-174.95002710217372	174.95002710217372	sum(abs(pFBA_flux)/10*directional_reaction_dg)
51df1696d1633aa5	co2	CO₂	17	13.017911752421123	2	True	False	False	19	-26.159927082638873	-28.214788790201563	-39.62467933902642	-148.54373626878393	148.54373626878393	sum(abs(pFBA_flux)/10*directional_reaction_dg)
fe8a66575510dc81	co2	CO₂	18	-26.149879965427086	5	False	True	True	22	-22.77548518273256	-22.577965069633834	-33.9878556184587	-95.68270429135185	95.68270429135185	sum(abs(pFBA_flux)/10*directional_reaction_dg)
5e618521c6e9ff06	co2	CO₂	17	10.01746223564552	2	True	False	False	18	-26.15992708263882	-26.20292205968079	-37.612812608505635	-147.27042065663545	147.27042065663545	sum(abs(pFBA_flux)/10*directional_reaction_dg)
fbfc535c9f0d7b77	co2	CO₂	16	12.969404095340552	4	False	True	False	17	-29.912268794983817	-30.99995150199794	-42.40984205082278	-135.33199703518858	135.33199703518858	sum(abs(pFBA_flux)/10*directional_reaction_dg)
a65aab6c699aeac6	co2	CO₂	20	8.841611454035482	3	False	True	False	21	-9.96723878003905	-25.774633576636862	-31.479578851049283	-116.97824906814918	116.97824906814918	sum(abs(pFBA_flux)/10*directional_reaction_dg)
5bb47759ae915415	co2	CO₂	17	-27.126964719488218	4	False	True	True	20	-9.967238780038947	-9.788840336165771	-15.493785610578197	-20.389316429237994	20.389316429237994	sum(abs(pFBA_flux)/10*directional_reaction_dg)
d5f959c7b002bfb7	co2	CO₂	17	12.972149673770774	5	False	True	False	18	-10.26931127903191	-11.097897924497744	-16.80284319891017	-113.71165832792553	113.71165832792553	sum(abs(pFBA_flux)/10*directional_reaction_dg)
d84eaf9ed350203f	co2	CO₂	20	12.13980078508021	5	False	True	False	22	-19.4780799634571	-25.628947885612114	-37.038838434436975	-157.7344655103381	157.7344655103381	sum(abs(pFBA_flux)/10*directional_reaction_dg)
fef15d9bd59ea05e	co2	CO₂	18	-27.126988103346818	9	False	True	True	21	-19.43462991469064	-19.243800939298985	-30.65369148812386	-54.21863931816031	54.21863931816031	sum(abs(pFBA_flux)/10*directional_reaction_dg)
a29e6375d0939cf6	co2	CO₂	20	-26.14988271052935	8	False	True	True	23	-19.43462991469117	-19.23631310415302	-30.64620365297788	-62.47984095411253	62.47984095411253	sum(abs(pFBA_flux)/10*directional_reaction_dg)
38beeeed4cef7fa2	co2	CO₂	18	12.99821785455685	5	False	True	False	19	-19.478079963457247	-20.375323903195465	-31.78521445202032	-151.6670923335752	151.6670923335752	sum(abs(pFBA_flux)/10*directional_reaction_dg)
0b0012e230e3e643	co2	CO₂	20	12.139800818894003	5	False	True	False	22	-19.47807996345717	-25.628959782596578	-37.03885033142143	-157.7344760501759	157.7344760501759	sum(abs(pFBA_flux)/10*directional_reaction_dg)
60d22c781f7d1627	co2	CO₂	18	-27.12698090257359	6	False	True	True	21	-19.434632673022996	-19.243803211877978	-30.653693760702833	-58.043473809470434	58.043473809470434	sum(abs(pFBA_flux)/10*directional_reaction_dg)
c22073c2cef28344	co2	CO₂	16	12.755385064958604	4	False	True	False	18	-10.399866299977354	-18.749102303339924	-24.454047577752362	-121.43811707955906	121.43811707955906	sum(abs(pFBA_flux)/10*directional_reaction_dg)
3acabac7dfa0f2e7	co2	CO₂	17	-27.126980949317982	7	False	True	True	20	2.495409857459748	2.677614031675244	2.6776140316752297	-8.539200873445118	8.539200873445118	sum(abs(pFBA_flux)/10*directional_reaction_dg)
9f5053c25952fd94	co2	CO₂	17	9.2666919397301	5	False	True	False	19	-10.356347959662155	-23.125214401180703	-28.830159675593126	-117.84576748206126	117.84576748206126	sum(abs(pFBA_flux)/10*directional_reaction_dg)
bf100ae04d1296e6	co2	CO₂	18	12.693262143446582	6	False	True	False	19	-10.312832377679257	-20.76273625424944	-26.467681528661856	-120.44690499160764	120.44690499160764	sum(abs(pFBA_flux)/10*directional_reaction_dg)
113d73a8c5515e7f	co2	CO₂	20	10.22733921821824	4	False	True	False	22	-19.434561623141924	-20.3541268055401	-31.764017354364952	-141.042153083128	141.042153083128	sum(abs(pFBA_flux)/10*directional_reaction_dg)
5499d659942bfd56	co2	CO₂	19	12.85943690096272	6	False	True	False	20	-19.478082721789548	-23.376139923748372	-34.786030472573216	-156.4915251562629	156.4915251562629	sum(abs(pFBA_flux)/10*directional_reaction_dg)
e65e84e194e42e67	co2	CO₂	18	-27.126979427901226	7	False	True	True	21	-19.39111157437553	-19.19570126009585	-30.605591808920668	-81.25837198174138	81.25837198174138	sum(abs(pFBA_flux)/10*directional_reaction_dg)
f7957f34d6811fd8	co2	CO₂	19	-26.632510121372505	8	False	True	True	22	-19.391115031527352	-19.191824610599426	-30.6017151594243	-88.27812044735617	88.27812044735617	sum(abs(pFBA_flux)/10*directional_reaction_dg)
17f90f555b9853ff	co2	CO₂	20	13.04832977099375	7	False	True	False	21	-26.5713472163948	-27.618515519444436	-39.02840606826929	-146.26210826938828	146.26210826938828	sum(abs(pFBA_flux)/10*directional_reaction_dg)
756aab9935348527	co2	CO₂	15	12.7306380210506	4	False	True	False	17	-10.356347959661992	-18.559375073173737	-24.26432034758618	-107.7167395454504	107.7167395454504	sum(abs(pFBA_flux)/10*directional_reaction_dg)
a5ec94cd65ef66a3	co2	CO₂	16	-27.634207558880764	7	False	True	True	19	2.495413326195444	2.673904377309401	2.673904377309401	-12.227119402303376	12.227119402303376	sum(abs(pFBA_flux)/10*directional_reaction_dg)
0f06d643bf2fc374	co2	CO₂	17	9.624612095808333	4	False	True	False	18	-6.669833560763122	-8.732376441355381	-14.437321715767805	-112.9196205709831	112.9196205709831	sum(abs(pFBA_flux)/10*directional_reaction_dg)
a91e4f2612e40c84	co2	CO₂	20	13.050180101530785	5	False	True	False	20	-29.912261620763417	-31.072977977461672	-42.482868526286545	-144.93174680248333	144.93174680248333	sum(abs(pFBA_flux)/10*directional_reaction_dg)
d741919e9543b8c8	co2	CO₂	20	12.953573761309478	3	False	True	False	20	-13.784308199883519	-14.746536928866682	-20.45148220327909	-112.53822797183525	112.53822797183525	sum(abs(pFBA_flux)/10*directional_reaction_dg)
ae23197219883c69	co2	CO₂	17	16.93389623003761	2	True	False	False	17	-19.478079963457144	-20.15324137453253	-31.56313192335739	-132.75050540698757	132.75050540698757	sum(abs(pFBA_flux)/10*directional_reaction_dg)
dd971480dc6f4c64	co2	CO₂	19	13.049897043849477	5	False	True	False	20	-22.862521863363412	-24.108336530192627	-35.518227079017485	-151.92944392414935	151.92944392414935	sum(abs(pFBA_flux)/10*directional_reaction_dg)
3a9bfb264c7bd213	co2	CO₂	12	12.816430319911442	2	True	False	False	12	-0.8890251165594818	-1.597768034345847	-1.597768034345846	-74.51028472518185	74.51028472518185	sum(abs(pFBA_flux)/10*directional_reaction_dg)
74d1612f14f1b36d	co2	CO₂	19	8.755893511438364	3	False	True	False	19	-0.8890265119281158	-14.19815376590355	-14.198153765903555	-84.7279869665107	84.7279869665107	sum(abs(pFBA_flux)/10*directional_reaction_dg)
eb9108e2a6e247a7	co2	CO₂	20	13.050180140319547	6	False	True	False	20	-29.912268794983817	-31.072829375945552	-42.48271992477039	-149.3923929862526	149.3923929862526	sum(abs(pFBA_flux)/10*directional_reaction_dg)
22efeae134d24548	co2	CO₂	18	12.915163010907083	5	False	True	False	19	-13.697271519253263	-20.458491770775463	-26.163437045187894	-119.93185383174209	119.93185383174209	sum(abs(pFBA_flux)/10*directional_reaction_dg)
a8b578a5e776087f	co2	CO₂	20	13.075713336283101	6	False	True	False	21	-29.91227077598566	-31.09607038208605	-42.5059609309109	-144.87432251653757	144.87432251653757	sum(abs(pFBA_flux)/10*directional_reaction_dg)
49ed35e396038fda	co2	CO₂	15	12.969404752268659	3	False	True	False	17	-13.740789859567965	-14.642621080032368	-20.347566354444794	-109.16003843309696	109.16003843309696	sum(abs(pFBA_flux)/10*directional_reaction_dg)
6fb20354018a6e36	co2	CO₂	16	-27.63420613416078	6	False	True	True	19	-0.8890285737105899	-0.7157176361508295	-0.7157176361508508	-32.98811504991661	32.98811504991661	sum(abs(pFBA_flux)/10*directional_reaction_dg)
51f20e99af37d3b2	co2	CO₂	17	10.133072482588114	3	False	True	False	18	-10.010757120353917	-10.818250289968958	-16.523195564381385	-103.75205335118653	103.75205335118653	sum(abs(pFBA_flux)/10*directional_reaction_dg)
3346b04e0794d4fe	co2	CO₂	20	10.227339202586224	3	False	True	False	22	-22.81900352304807	-23.79470247148771	-35.204593020312565	-131.48885124424882	131.48885124424882	sum(abs(pFBA_flux)/10*directional_reaction_dg)
a068b4ddcb3f4bc4	co2	CO₂	11	12.567013814853995	3	False	True	False	11	11.617148787141655	3.4779743179817206	9.182919592394143	-54.214782790512736	54.214782790512736	sum(abs(pFBA_flux)/10*directional_reaction_dg)
8616e2f3dde8d278	co2	CO₂	18	7.906442831994655	3	False	True	False	18	8.189189909883874	-5.117050566559062	0.5878947078533581	-48.850957233892935	48.850957233892935	sum(abs(pFBA_flux)/10*directional_reaction_dg)
88a4dafa16fc2d0a	co2	CO₂	19	13.023988070256529	7	False	True	False	19	-17.406023917527165	-18.422292747122015	-24.127238021534435	-113.9179694802763	113.9179694802763	sum(abs(pFBA_flux)/10*directional_reaction_dg)
124e486e3aa29071	co2	CO₂	19	7.067622924881009	6	False	True	False	23	-17.40609489128269	-30.53844558194215	-36.243390856354566	-126.84355906725719	126.84355906725719	sum(abs(pFBA_flux)/10*directional_reaction_dg)
05860c6201460076	co2	CO₂	14	9.060267319380236	5	False	True	False	15	11.617148787141666	-0.4006458142464133	5.3042994601660105	-54.80653931399918	54.80653931399918	sum(abs(pFBA_flux)/10*directional_reaction_dg)
32c340a98400ff26	co2	CO₂	19	12.785716426691637	4	False	True	False	19	-1.2346159558675458	-8.553717839256176	-8.553717839256166	-86.10162685118716	86.10162685118716	sum(abs(pFBA_flux)/10*directional_reaction_dg)
e6fd88c4e031a051	co2	CO₂	16	16.62519776114083	2	True	False	False	16	-10.26931127903167	-13.646056909825477	-19.351002184237903	-110.46433733613374	110.46433733613374	sum(abs(pFBA_flux)/10*directional_reaction_dg)
03f5b43d6de0a39a	co2	CO₂	20	-26.14986707561705	4	False	True	True	22	20.120935471399804	20.293137664969187	20.293137664969183	31.39833619094223	-31.39833619094223	sum(abs(pFBA_flux)/10*directional_reaction_dg)
3efcf2376a633e9f	co2	CO₂	17	10.107876102437277	1	True	False	False	17	-14.573770997467095	-15.584310231576247	-32.699146054813525	-149.03547007869304	149.03547007869304	sum(abs(pFBA_flux)/10*directional_reaction_dg)
ebe8af1d440e9221	co2	CO₂	13	14.23641385213129	0	True	False	False	13	-42.069522029797206	-42.97755492744327	-77.20722657391782	-200.95594173681084	200.95594173681084	sum(abs(pFBA_flux)/10*directional_reaction_dg)
14b6ee977e5fbfa5	co2	CO₂	17	10.107876103137727	2	True	False	False	17	-14.57377099746735	-15.584324409925491	-32.699160233162786	-149.17204148763386	149.17204148763386	sum(abs(pFBA_flux)/10*directional_reaction_dg)
db090287e0b05ec5	co2	CO₂	19	10.157565667610415	1	True	False	False	19	-28.321647888419832	-29.47407264912645	-55.14632723972426	-208.4355355284227	208.4355355284227	sum(abs(pFBA_flux)/10*directional_reaction_dg)
7baec1a04c8cf16a	co2	CO₂	19	10.157565668338524	2	True	False	False	19	-28.321647888420486	-29.47394968371191	-55.14620427430971	-203.80943234216056	203.80943234216056	sum(abs(pFBA_flux)/10*directional_reaction_dg)
4728e96531b22831	co2	CO₂	20	-26.1498670675706	5	False	True	True	22	20.186212988400463	20.365562556070056	20.365562556070063	30.29820911474849	-30.29820911474849	sum(abs(pFBA_flux)/10*directional_reaction_dg)
2ccdace034dee342	co2	CO₂	20	10.15756566846048	2	True	False	False	20	-14.573770997467468	-15.630121621453275	-32.74495744469055	-151.0695051080895	151.0695051080895	sum(abs(pFBA_flux)/10*directional_reaction_dg)
85366ea863dd8ac6	co2	CO₂	19	-26.632509379654877	6	False	True	True	21	3.7567296907527066	3.9666950200586797	-1.7382502543537512	-33.206937487195525	33.206937487195525	sum(abs(pFBA_flux)/10*directional_reaction_dg)
bbf55b3a0cb643c9	co2	CO₂	20	10.204652861309537	3	False	True	False	21	-5.452038993672777	-6.486955384861103	-17.896845933685945	-117.42946180377781	117.42946180377781	sum(abs(pFBA_flux)/10*directional_reaction_dg)
1ba548fe558e785f	co2	CO₂	18	10.181409146788402	2	True	False	False	20	-8.749444212948344	-9.814698083373447	-21.22458863219831	-111.77021074654515	111.77021074654515	sum(abs(pFBA_flux)/10*directional_reaction_dg)
64847242bc7957f9	co2	CO₂	19	10.181408275251096	3	False	True	False	20	-8.705925872633117	-9.769712061357	-21.179602610181846	-122.49863073334872	122.49863073334872	sum(abs(pFBA_flux)/10*directional_reaction_dg)
57b799c5d4b7d457	co2	CO₂	20	-26.14988057305601	6	False	True	True	22	-5.408520653357357	-5.202550878442395	-16.61244142726725	-68.31877754808569	68.31877754808569	sum(abs(pFBA_flux)/10*directional_reaction_dg)
b6815aa8cce00e34	co2	CO₂	17	10.15756566833754	3	False	True	False	19	3.7132113504375908	2.7832781067920065	-2.92166716762042	-80.39285423865027	80.39285423865027	sum(abs(pFBA_flux)/10*directional_reaction_dg)
c72ec122ecd711ae	co2	CO₂	20	-26.14988278150328	5	False	True	True	22	7.399725749336286	7.593575614384007	1.8886303399715867	5.196489418798884	-5.196489418798884	sum(abs(pFBA_flux)/10*directional_reaction_dg)
0ba88ede9f687252	co2	CO₂	16	10.107875199043114	3	False	True	False	17	-8.705925872633088	-9.702868788332545	-21.112759337157385	-113.08124738156674	113.08124738156674	sum(abs(pFBA_flux)/10*directional_reaction_dg)
f250c59ebc705f56	co2	CO₂	18	10.181409148922576	2	True	False	False	20	-17.82765787642747	-18.955029402526172	-36.06986522576346	-144.09689047820584	144.09689047820584	sum(abs(pFBA_flux)/10*directional_reaction_dg)
527cb62871ad6203	co2	CO₂	19	10.17393552910529	3	False	True	False	20	-17.871176216742555	-20.16118768919585	-37.27602351243313	-153.38419515229813	153.38419515229813	sum(abs(pFBA_flux)/10*directional_reaction_dg)
b280e18581db4504	co2	CO₂	20	9.432856757255735	4	False	True	False	21	-8.74944421294854	-10.027327480169353	-21.43721802899421	-123.24783114282168	123.24783114282168	sum(abs(pFBA_flux)/10*directional_reaction_dg)
bf5bf1135d0f9547	co2	CO₂	20	-25.67827991119002	5	False	True	True	23	-26.949389880222625	-26.74212378912883	-49.56190488677854	-78.49982936902941	78.49982936902941	sum(abs(pFBA_flux)/10*directional_reaction_dg)
10cff14503acaadd	co2	CO₂	19	9.750202861121869	3	False	True	False	20	-17.87117621674324	-18.60471458029226	-35.719550403529546	-146.46330473620347	146.46330473620347	sum(abs(pFBA_flux)/10*directional_reaction_dg)
58f52ac37e1df003	co2	CO₂	17	10.133072502660319	3	False	True	False	18	-17.87117621674284	-18.95365274567062	-36.068488568907895	-142.4062017401029	142.4062017401029	sum(abs(pFBA_flux)/10*directional_reaction_dg)
4bef96aee3b92ae4	co2	CO₂	19	10.181407758297455	4	False	True	False	20	-34.08617349247348	-35.4102524640367	-58.2300335616864	-178.15150733799305	178.15150733799305	sum(abs(pFBA_flux)/10*directional_reaction_dg)
42bedfc6f64a4472	co2	CO₂	19	10.20465211887355	3	False	True	False	21	-17.827657876427836	-18.977582921829388	-36.09241874506668	-152.0657478727387	152.0657478727387	sum(abs(pFBA_flux)/10*directional_reaction_dg)
5b992c690c798734	co2	CO₂	19	-26.149879984709937	4	False	True	True	22	-26.99290822053773	-26.794116540428476	-49.613897638078186	-131.5481102556678	131.5481102556678	sum(abs(pFBA_flux)/10*directional_reaction_dg)
2936be7028aa83f8	co2	CO₂	19	9.750202866956236	3	False	True	False	20	-17.827657876427782	-18.56578335988806	-35.680619183125344	-150.0830969738137	150.0830969738137	sum(abs(pFBA_flux)/10*directional_reaction_dg)
bd1b0c8f8e1e618a	co2	CO₂	18	10.157564276123214	4	False	True	False	19	-24.964441488678943	-26.199071278380053	-43.313907101617325	-142.48229433545134	142.48229433545134	sum(abs(pFBA_flux)/10*directional_reaction_dg)
22e1da35e2931ae9	co2	CO₂	17	-27.126964719488218	4	False	True	True	20	-5.019411473734074	-4.832104371541016	-16.241994920365872	-10.148132311911134	10.148132311911134	sum(abs(pFBA_flux)/10*directional_reaction_dg)
892cd369bc344f92	co2	CO₂	19	10.181408251020676	5	False	True	False	20	-5.3650023130422255	-6.3763867000858045	-17.786277248910658	-118.06144355401979	118.06144355401979	sum(abs(pFBA_flux)/10*directional_reaction_dg)
41ef5271f71ed3ba	co2	CO₂	20	10.204652001803442	5	False	True	False	21	-14.530252657152289	-15.628374095154838	-32.74320991839211	-153.89149946369756	153.89149946369756	sum(abs(pFBA_flux)/10*directional_reaction_dg)
b386ff78e4f1f22d	co2	CO₂	19	-26.632511553261764	6	False	True	True	22	-14.530323707033597	-14.331294682895187	-31.44613050613248	-53.3960911733819	53.3960911733819	sum(abs(pFBA_flux)/10*directional_reaction_dg)
84879a33b64aafbd	co2	CO₂	18	10.181408242592653	4	False	True	False	20	-5.3650023130420434	-6.376400092036946	-17.7862906408618	-111.42444413139815	111.42444413139815	sum(abs(pFBA_flux)/10*directional_reaction_dg)
ce90ae3e9c317bfe	co2	CO₂	19	-26.149882755283773	7	False	True	True	22	7.443237163764508	7.6418509596810935	1.9369056852686555	-7.756269862182588	7.756269862182588	sum(abs(pFBA_flux)/10*directional_reaction_dg)
7535e7057ba26042	co2	CO₂	18	9.650345173570408	4	False	True	False	19	-1.6784879141432274	-3.910785942630797	-15.32067649145565	-121.08617211301673	121.08617211301673	sum(abs(pFBA_flux)/10*directional_reaction_dg)
3bc4f5320e689b8e	co2	CO₂	20	10.204652019724753	6	False	True	False	21	-5.365072844200341	-6.396355536545885	-17.806246085370738	-117.96591578271052	117.96591578271052	sum(abs(pFBA_flux)/10*directional_reaction_dg)
3d09883d97577943	co2	CO₂	19	6.859346716782766	5	False	True	False	24	-5.408520653357379	-18.677401292485985	-30.087291841310837	-132.5621942035304	132.5621942035304	sum(abs(pFBA_flux)/10*directional_reaction_dg)
537e97f44cdb629f	co2	CO₂	19	-26.632510093194856	8	False	True	True	22	-14.48680260838634	-14.28310396638713	-31.397939789624417	-75.22808684730535	75.22808684730535	sum(abs(pFBA_flux)/10*directional_reaction_dg)
2b06e6df37e24709	co2	CO₂	17	10.157564841613754	4	False	True	False	19	-5.365002313041816	-6.355953489416887	-17.765844038241738	-111.07920894403998	111.07920894403998	sum(abs(pFBA_flux)/10*directional_reaction_dg)
f458be59458e33ae	co2	CO₂	18	-26.6325100862276	7	False	True	True	21	7.443244089651792	7.6381529395172	1.933207665104769	-14.857327564961235	14.857327564961235	sum(abs(pFBA_flux)/10*directional_reaction_dg)
2cf6ce213bd347c6	co2	CO₂	17	9.624612096327285	4	False	True	False	18	-1.6784879141430284	-3.8585610179206267	-15.268451566745483	-122.18007853460583	122.18007853460583	sum(abs(pFBA_flux)/10*directional_reaction_dg)
ab8322630729b811	co2	CO₂	17	16.933896229269685	2	True	False	False	17	-14.486734316837047	-15.16853469019229	-32.283370513429574	-151.24307548326587	151.24307548326587	sum(abs(pFBA_flux)/10*directional_reaction_dg)
32326258a9e38d95	co2	CO₂	14	10.027351466700765	3	False	True	False	14	7.443244089651557	6.6488058360367255	0.9438605616243008	-89.84974120056944	89.84974120056944	sum(abs(pFBA_flux)/10*directional_reaction_dg)
96c68a39eca481df	co2	CO₂	20	10.20465201946925	6	False	True	False	21	-5.321483972726924	-6.35142656624711	-17.761317115071964	-121.16999057415367	121.16999057415367	sum(abs(pFBA_flux)/10*directional_reaction_dg)
93eec683b0eddf83	co2	CO₂	17	10.157564886839475	4	False	True	False	19	-5.365002313041759	-6.355800994142971	-17.765691542967822	-112.14389876200381	112.14389876200381	sum(abs(pFBA_flux)/10*directional_reaction_dg)
e90db5672dbd543e	co2	CO₂	18	-26.632508722847927	7	False	True	True	21	7.443244089652062	7.638152973963365	1.9332076995509269	-44.046085265532206	44.046085265532206	sum(abs(pFBA_flux)/10*directional_reaction_dg)
e5cbd95a6dd7ad19	co2	CO₂	17	9.624612120375028	4	False	True	False	18	-1.7220062544580763	-3.8961219641082874	-15.306012512933139	-123.1947925153537	123.1947925153537	sum(abs(pFBA_flux)/10*directional_reaction_dg)
46cc12c4b6e61ac9	co2	CO₂	20	10.227339249781668	4	False	True	False	22	-14.486734316837014	-15.604067487886194	-32.718903311123476	-151.13508810011797	151.13508810011797	sum(abs(pFBA_flux)/10*directional_reaction_dg)
4d373c1a1b1d1bfd	co2	CO₂	20	-24.322768008163923	8	False	True	True	26	7.443244089651763	7.655884103670709	1.9509388292582832	-45.70163289367802	45.70163289367802	sum(abs(pFBA_flux)/10*directional_reaction_dg)
bf183a104c696f47	co2	CO₂	13	9.99856714668921	3	False	True	False	13	16.564976093446507	15.846831128171694	15.846831128171697	-55.533477298417225	55.533477298417225	sum(abs(pFBA_flux)/10*directional_reaction_dg)
70c8ff878475e705	co2	CO₂	20	8.681238061454955	3	False	True	False	20	13.224053896819244	-0.9304984757468158	-0.9304984757468098	-62.30699530724689	62.30699530724689	sum(abs(pFBA_flux)/10*directional_reaction_dg)
ad4b0781ebe1c27f	co2	CO₂	15	10.055096990204495	4	False	True	False	15	7.443244089651705	6.622032124830299	0.9170868504178706	-89.9561708674064	89.9561708674064	sum(abs(pFBA_flux)/10*directional_reaction_dg)
049eca55b55fd4f4	co2	CO₂	17	9.190353811350096	4	False	True	False	18	3.713211350437421	-8.72134906135967	-14.426294335772093	-102.28625546380066	102.28625546380066	sum(abs(pFBA_flux)/10*directional_reaction_dg)
2f3caf6e5d902e63	co2	CO₂	20	7.229354044962285	5	False	True	False	20	-55.582413014412566	-56.26939317892633	-73.38423071364736	-138.45028236719983	138.45028236719983	sum(abs(pFBA_flux)/10*directional_reaction_dg)
82c276ba52e24db6	co2	CO₂	19	-107.49776432335207	4	False	True	True	19	-1.407644171394793	-0.30047331984435743	-0.3004733198443436	8.131466823451383	-8.131466823451383	sum(abs(pFBA_flux)/10*directional_reaction_dg)
3ec362690e5114fd	co2	CO₂	18	-106.97570007459693	6	False	True	True	20	-6.806861288719944	-5.633912136772759	-5.633912136772816	11.447039427104968	-11.447039427104968	sum(abs(pFBA_flux)/10*directional_reaction_dg)
c37a3b3e918c63f0	co2	CO₂	16	7.848459553482072	4	False	True	False	17	-34.17206003662357	-35.03347740582289	-52.14831494054394	-149.38346624309756	149.38346624309756	sum(abs(pFBA_flux)/10*directional_reaction_dg)
4feef8a668909096	co2	CO₂	16	-108.58577968446208	6	False	True	True	17	-47.91993692757595	-46.812668996968725	-72.48492529905032	-90.15773188364749	90.15773188364749	sum(abs(pFBA_flux)/10*directional_reaction_dg)
a0da8ea83ee26812	co2	CO₂	15	-109.15435306581757	5	False	True	True	16	-47.854659410575465	-46.775898155539494	-72.44815445762106	-150.3398521929256	150.3398521929256	sum(abs(pFBA_flux)/10*directional_reaction_dg)
409e7ad92f472554	co2	CO₂	5	26.051637917010513	1	True	False	False	5	-6.80686128871945	-17.07383665923271	-17.07383665923271	-68.76260328979355	68.76260328979355	sum(abs(pFBA_flux)/10*directional_reaction_dg)
bf12c10bc409b3d7	co2	CO₂	17	7.384320899326677	1	True	False	False	17	-36.27130050909178	-49.393686371617115	-57.95110513897763	-106.1856207858812	106.1856207858812	sum(abs(pFBA_flux)/10*directional_reaction_dg)
19dcd17b6c310c68	co2	CO₂	12	8.407466880205495	1	True	False	False	12	-11.948802163246192	-22.774199516991604	-22.774199516991608	-56.96213410966101	56.96213410966101	sum(abs(pFBA_flux)/10*directional_reaction_dg)
949ffb1eb673647e	co2	CO₂	18	7.494195999047388	6	False	True	False	18	-31.19463715156607	-36.04202892406701	-44.59944769142752	-107.8981180822224	107.8981180822224	sum(abs(pFBA_flux)/10*directional_reaction_dg)
4ea43fec35af6207	co2	CO₂	18	16.540594759098305	3	False	True	False	18	-44.87723652551813	-45.11895549529695	-62.233793030017985	-170.72937822455538	170.72937822455538	sum(abs(pFBA_flux)/10*directional_reaction_dg)
7ba91ebf9450af8a	co2	CO₂	19	12.332236834737502	3	False	True	False	20	-34.237337553624236	-46.360184314997944	-63.475021849718956	-157.49989115697932	157.49989115697932	sum(abs(pFBA_flux)/10*directional_reaction_dg)
08e1c5c3a96ce191	co2	CO₂	16	10.572416344150806	1	True	False	False	18	-68.03308804409124	-91.98891109366322	-100.54632986102372	-154.76674083865345	154.76674083865345	sum(abs(pFBA_flux)/10*directional_reaction_dg)
456a7afeb4eee6a1	co2	CO₂	15	-109.7414176527695	1	False	False	True	17	-43.645312181244826	-41.85090930583754	-41.85090930583752	-15.36828976960265	15.36828976960265	sum(abs(pFBA_flux)/10*directional_reaction_dg)
c15b898ff27aa1f3	co2	CO₂	14	10.534082472240431	0	True	False	False	17	-57.32791155519698	-76.45238730838392	-85.00980607574444	-137.7195772158607	137.7195772158607	sum(abs(pFBA_flux)/10*directional_reaction_dg)
11fb2a0e0da25282	co2	CO₂	16	10.609542423547301	2	True	False	False	19	-57.327911555196806	-77.27132806374163	-85.82874683110215	-147.94205359770967	147.94205359770967	sum(abs(pFBA_flux)/10*directional_reaction_dg)
b6f5e0277c415ea8	co2	CO₂	17	10.60954284548668	1	True	False	False	19	-81.71568741804327	-105.6637216702212	-122.77855920494224	-191.97953909058498	191.97953909058498	sum(abs(pFBA_flux)/10*directional_reaction_dg)
2e3920c487e7f4b6	co2	CO₂	15	10.57241598171003	1	True	False	False	18	-57.327911555196806	-77.48475652381185	-86.04217529117236	-150.89618983193364	150.89618983193364	sum(abs(pFBA_flux)/10*directional_reaction_dg)
b763427f49cd470d	co2	CO₂	13	-110.97919757769472	2	False	False	True	13	-6.806861288719304	-5.817174058788591	-5.8171740587886	16.642283053756735	-16.642283053756735	sum(abs(pFBA_flux)/10*directional_reaction_dg)
9b8406e373815680	co2	CO₂	16	-110.3489357316587	1	False	False	True	16	-11.883524646245135	-10.861805016840137	-10.861805016840124	11.872743398312096	-11.872743398312096	sum(abs(pFBA_flux)/10*directional_reaction_dg)
ef5b500e1ba7104c	co2	CO₂	20	-106.9756872090351	2	False	False	True	20	-11.883524646245249	-10.70691373390231	-10.706913733902308	10.21488949901758	-10.21488949901758	sum(abs(pFBA_flux)/10*directional_reaction_dg)
071ed26c1a812972	co2	CO₂	15	-108.58578118114688	6	False	True	True	17	-6.872138805720198	-5.770515991003644	-5.770515991003644	13.821988874018292	-13.821988874018292	sum(abs(pFBA_flux)/10*directional_reaction_dg)
63f420a7c8b13d58	co2	CO₂	15	-109.7414319114252	3	False	True	True	15	-20.554738179672256	-19.504333344880564	-28.061752112241066	-19.81680508793422	19.81680508793422	sum(abs(pFBA_flux)/10*directional_reaction_dg)
86efea15692f5e8c	co2	CO₂	12	9.626812495170592	1	True	False	False	13	-25.56612402019713	-28.028115349197854	-36.58553411655837	-89.21325099435872	89.21325099435872	sum(abs(pFBA_flux)/10*directional_reaction_dg)
8694eeded8518d4c	co2	CO₂	18	-107.49777736164476	5	False	True	True	19	-20.55473817967234	-19.401217867600728	-27.95863663496126	-15.184090855718386	15.184090855718386	sum(abs(pFBA_flux)/10*directional_reaction_dg)
b2f12f21d5718f31	co2	CO₂	18	-107.49777588890348	6	False	True	True	19	-20.5547381796721	-19.401221074191064	-27.958639841551566	-27.760973979072855	27.760973979072855	sum(abs(pFBA_flux)/10*directional_reaction_dg)
32139c2a7f77e964	co2	CO₂	17	-108.03405950014488	5	False	True	True	18	-20.554738179672214	-19.42586416422187	-27.9832829315824	-54.58713233896353	54.58713233896353	sum(abs(pFBA_flux)/10*directional_reaction_dg)
5da163070725daf2	co2	CO₂	10	-113.0374503668806	3	False	True	True	10	-6.87213880572023	-5.9747514061129765	-5.9747514061129765	9.890453209436059	-9.890453209436059	sum(abs(pFBA_flux)/10*directional_reaction_dg)
c07cd9058ea3283e	co2	CO₂	15	3.565114338160705	3	False	True	False	16	-49.95389988304327	-51.227004174479255	-68.34184170920028	-101.88808294597149	101.88808294597149	sum(abs(pFBA_flux)/10*directional_reaction_dg)
0bc00b6a4e052f37	co2	CO₂	19	10.375125239635304	3	False	True	False	20	-19.971074351870776	-35.89856557508463	-44.45598434244515	-138.32007458732252	138.32007458732252	sum(abs(pFBA_flux)/10*directional_reaction_dg)
83239866c1c8afb2	co2	CO₂	12	9.080607287513235	1	True	False	False	13	-39.248723394148385	-41.278746316767695	-58.39358385148873	-106.32644506736838	106.32644506736838	sum(abs(pFBA_flux)/10*directional_reaction_dg)
041a29b8fb96633b	co2	CO₂	18	15.787420897771527	3	False	True	False	19	-46.090023081124826	-46.24338870844259	-67.6369356268439	-190.84479819387735	190.84479819387735	sum(abs(pFBA_flux)/10*directional_reaction_dg)
f10b19097f0b5bf0	co2	CO₂	14	5.266125217981483	2	True	False	False	15	-63.63649925699565	-65.59064759606989	-91.26290389815144	-137.88273359515733	137.88273359515733	sum(abs(pFBA_flux)/10*directional_reaction_dg)
c0e8f86fb35ebd1d	co2	CO₂	17	15.744528848709207	2	True	False	False	18	-46.09002308112471	-46.09002316471813	-67.48357008311942	-188.87246031320248	188.87246031320248	sum(abs(pFBA_flux)/10*directional_reaction_dg)
0329925c4c3ba548	co2	CO₂	18	8.255197175031764	5	False	True	False	19	-44.87723652551829	-45.325566556813264	-62.44040409153428	-142.78867599828334	142.78867599828334	sum(abs(pFBA_flux)/10*directional_reaction_dg)
1ab6028119ba5b4b	co2	CO₂	12	14.486836657084563	1	True	False	False	13	-20.489460662671444	-28.729246307486886	-37.2866650748474	-117.83645034447727	117.83645034447727	sum(abs(pFBA_flux)/10*directional_reaction_dg)
7fa789a8cba20216	co2	CO₂	15	7.315171280543316	0	True	False	False	16	-25.631401537197632	-38.277753956092006	-46.83517272345251	-110.95269137249855	110.95269137249855	sum(abs(pFBA_flux)/10*directional_reaction_dg)
a22ad28d34ea87d6	co2	CO₂	18	11.2223103400683	2	True	False	False	19	-1879.931038834127	-1894.392826957802	-1902.9502457251624	-1983.6881915728986	1983.6881915728986	sum(abs(pFBA_flux)/10*directional_reaction_dg)
66a81826b17d8a7e	co2	CO₂	13	-110.3489503124916	5	False	True	True	14	-20.55473817967183	-19.532250439626026	-28.089669206986528	-16.353481535775686	16.353481535775686	sum(abs(pFBA_flux)/10*directional_reaction_dg)
c05261a67ce2b6fe	co2	CO₂	12	23.87637779205836	2	True	False	False	13	-34.1720600366238	-36.83879374603274	-53.953631280753775	-169.89610593702423	169.89610593702423	sum(abs(pFBA_flux)/10*directional_reaction_dg)
aee1329368e2c19e	co2	CO₂	17	8.600553180579864	5	False	True	False	18	-34.17206003662324	-36.419023303315534	-53.53386083803657	-158.41232094473827	158.41232094473827	sum(abs(pFBA_flux)/10*directional_reaction_dg)
4073f368e80693b5	co2	CO₂	19	5.659114716791351	5	False	True	False	20	-58.559835899470045	-60.720880115996884	-86.39313641807844	-172.3249367093911	172.3249367093911	sum(abs(pFBA_flux)/10*directional_reaction_dg)
fc5283088430a8a4	co2	CO₂	16	8.534809855126207	4	False	True	False	17	-34.172060036623115	-36.36121790540104	-53.47605544012209	-159.7585656623018	159.7585656623018	sum(abs(pFBA_flux)/10*directional_reaction_dg)
3243624a8d92681a	co2	CO₂	7	29.103461727941646	2	True	False	False	8	-20.489460662671483	-31.133938102654447	-39.691356870014964	-124.19999037914766	124.19999037914766	sum(abs(pFBA_flux)/10*directional_reaction_dg)
72ec9df0eecc7410	co2	CO₂	18	12.059921954846999	6	False	True	False	19	-44.87723652551796	-48.556463858132915	-65.67130139285396	-154.12431020656578	154.12431020656578	sum(abs(pFBA_flux)/10*directional_reaction_dg)
578c3a5282201d94	co2	CO₂	14	13.523561214863262	3	False	True	False	15	-20.489460662671398	-30.780302991499305	-39.33772175885982	-121.93368319886028	121.93368319886028	sum(abs(pFBA_flux)/10*directional_reaction_dg)
845687369de64d40	co2	CO₂	17	7.450674781026721	2	True	False	False	18	-25.631401537197462	-39.04855442220936	-47.60597318956987	-120.94051777404867	120.94051777404867	sum(abs(pFBA_flux)/10*directional_reaction_dg)
5090b52700f0e51c	co2	CO₂	18	6.9456437366523165	3	False	True	False	19	-1879.735206283125	-1894.006680493953	-1902.5640992613135	-1987.9736327378307	1987.9736327378307	sum(abs(pFBA_flux)/10*directional_reaction_dg)
f7b109a91533b9c5	co2	CO₂	13	-110.34894871543224	6	False	True	True	14	-20.55473817967156	-19.532250564321558	-28.089669331682046	-29.07559316944142	29.07559316944142	sum(abs(pFBA_flux)/10*directional_reaction_dg)
ee6af2d3cb7b82e2	co2	CO₂	12	24.390010124485766	3	False	True	False	13	-34.17206003662351	-33.944578261139796	-51.05941579586083	-171.77222997406406	171.77222997406406	sum(abs(pFBA_flux)/10*directional_reaction_dg)
3ef2f0c7c0d8d23a	co2	CO₂	19	5.659115005929599	6	False	True	False	20	-58.62511341647061	-60.747518726463895	-86.41977502854546	-173.46376954388265	173.46376954388265	sum(abs(pFBA_flux)/10*directional_reaction_dg)
226eb505f627538a	co2	CO₂	17	-108.58577960719812	7	False	True	True	18	-47.919936927576174	-46.812651351523684	-72.48490765360522	-148.8043968056523	148.8043968056523	sum(abs(pFBA_flux)/10*directional_reaction_dg)
05c702c12f04d460	co2	CO₂	7	29.45618019349762	3	False	True	False	8	-20.554738179671794	-31.934139195463352	-40.49155796282387	-127.86539127744588	127.86539127744588	sum(abs(pFBA_flux)/10*directional_reaction_dg)
706ccd83df770188	co2	CO₂	6	33.9692343712562	1	True	False	False	6	-20.554738179672185	-28.855493503226526	-37.41291227058704	-119.6654918468332	119.6654918468332	sum(abs(pFBA_flux)/10*directional_reaction_dg)
0511647eddaa3a7a	co2	CO₂	18	7.450675565084148	1	True	False	False	18	-50.019177400043986	-63.513752901635	-80.62859043635603	-163.7383638802443	163.7383638802443	sum(abs(pFBA_flux)/10*directional_reaction_dg)
e7fca92e9ee25a0d	co2	CO₂	13	8.51706214324592	1	True	False	False	13	-25.6966790541991	-36.59523776689948	-45.15265653426	-91.30737454542671	91.30737454542671	sum(abs(pFBA_flux)/10*directional_reaction_dg)
2bd8f6a994d71a73	co2	CO₂	19	5.584938738185421	6	False	True	False	19	-44.877236525517446	-46.95925236217062	-64.07408989689166	-150.21157587921397	150.21157587921397	sum(abs(pFBA_flux)/10*directional_reaction_dg)
10bb75e236e4169e	co2	CO₂	16	8.420925033101517	4	False	True	False	19	-44.877236525517915	-59.40114668576918	-76.51598422049021	-173.08899461346735	173.08899461346735	sum(abs(pFBA_flux)/10*directional_reaction_dg)
d8c96763df43a7ad	co2	CO₂	18	5.5849394143903295	5	False	True	False	19	-58.55983589946986	-60.676230326688184	-86.34848662876975	-188.93726219016497	188.93726219016497	sum(abs(pFBA_flux)/10*directional_reaction_dg)
550d6f2256d6a823	co2	CO₂	14	16.04812136851682	3	False	True	False	14	-44.94251404251849	-44.94251641615987	-62.0573539508809	-171.6158937057379	171.6158937057379	sum(abs(pFBA_flux)/10*directional_reaction_dg)
f55359422ab87a55	co2	CO₂	17	12.000639397206626	5	False	True	False	18	-44.877236525518185	-48.393306334447914	-65.50814386916896	-153.92475971268507	153.92475971268507	sum(abs(pFBA_flux)/10*directional_reaction_dg)
de2bb2d26ca94d81	co2	CO₂	13	14.480793262776668	2	True	False	False	14	-20.489460662671227	-30.000311383593996	-38.55773015095451	-120.80886498397373	120.80886498397373	sum(abs(pFBA_flux)/10*directional_reaction_dg)
21f5ed83d1bf37d5	co2	CO₂	16	5.448917916119617	1	True	False	False	17	-1879.8004838001257	-1892.465146421982	-1901.0225651893425	-1977.4803204175344	1977.4803204175344	sum(abs(pFBA_flux)/10*directional_reaction_dg)
ec16150cb478cc0a	co2	CO₂	17	11.186808837687098	2	True	False	False	18	-1879.8657613171263	-1894.67260870484	-1903.2300274722006	-1977.8363630709748	1977.8363630709748	sum(abs(pFBA_flux)/10*directional_reaction_dg)
fe90d51be14b3172	co2	CO₂	12	-110.97921053889803	5	False	True	True	13	-20.620015696672496	-19.624351326819493	-28.18177009418001	-56.15033461116634	56.15033461116634	sum(abs(pFBA_flux)/10*directional_reaction_dg)
2e1ca8968e5ef40a	co2	CO₂	11	24.12568725409266	2	True	False	False	12	-34.17206003662357	-33.95073939857237	-51.0655769332934	-170.24557504587176	170.24557504587176	sum(abs(pFBA_flux)/10*directional_reaction_dg)
99966b4690602370	co2	CO₂	6	31.98017702361908	2	True	False	False	7	-20.55473817967168	-31.476284063090656	-40.033702830451176	-120.79583707629779	120.79583707629779	sum(abs(pFBA_flux)/10*directional_reaction_dg)
92a96896a8589b8d	co2	CO₂	13	15.80062332334649	3	False	True	False	13	-31.194637151565694	-31.19456422867041	-39.751982996030925	-120.99402593811989	120.99402593811989	sum(abs(pFBA_flux)/10*directional_reaction_dg)
5e099142429652cd	co2	CO₂	12	10.740284083303788	3	False	True	False	12	-1.277089137393613	-15.657452763002858	-15.657452763002858	-69.23465918494247	69.23465918494247	sum(abs(pFBA_flux)/10*directional_reaction_dg)
3bf2a6eea5217086	co2	CO₂	11	16.178156283295326	3	False	True	False	11	-20.48946066267149	-31.13906671874396	-39.696485486104464	-120.0834255058072	120.0834255058072	sum(abs(pFBA_flux)/10*directional_reaction_dg)
f835c6dd67f03ae3	co2	CO₂	20	12.943350002672895	5	False	True	False	21	-15.928595410995634	-16.804550754346117	-22.509497740242303	-93.37960994220978	93.37960994220978	sum(abs(pFBA_flux)/10*directional_reaction_dg)
cbc62a84736bc3e6	co2	CO₂	20	-106.97569864055043	7	False	True	True	21	-29.654784793182625	-28.47673582434959	-42.73910157760625	-83.6208769515291	83.6208769515291	sum(abs(pFBA_flux)/10*directional_reaction_dg)
ee824e90f4c94afc	co2	CO₂	20	-105.48458809357759	9	False	True	True	24	-29.65478479318282	-28.40818575881811	-42.67055151207479	-83.47682221948065	83.47682221948065	sum(abs(pFBA_flux)/10*directional_reaction_dg)
7bfa1104a356f38f	co2	CO₂	20	-106.97569864661175	8	False	True	True	21	-29.61127085661306	-28.434911690832244	-42.69727744408897	-76.4007472663374	76.4007472663374	sum(abs(pFBA_flux)/10*directional_reaction_dg)
c99c8a0fb3cef432	co2	CO₂	20	8.526503832396186	5	False	True	False	21	-15.928666735327177	-16.47002987211968	-22.174976858015857	-90.85520368681722	90.85520368681722	sum(abs(pFBA_flux)/10*directional_reaction_dg)
53c24fd89a617a76	co2	CO₂	17	-27.634192533134527	4	False	True	True	19	20.67636156849632	20.780802017012938	20.78080201701292	10.068108932083536	-10.068108932083536	sum(abs(pFBA_flux)/10*directional_reaction_dg)
348c9d43bc8409c6	co2	CO₂	18	-27.126981030308812	6	False	True	True	20	15.211866934170587	15.347487967526153	15.347487967526153	23.694826873704795	-23.694826873704795	sum(abs(pFBA_flux)/10*directional_reaction_dg)
9ee1eaede64e8eec	co2	CO₂	15	7.538510023529443	4	False	True	False	16	-12.21860933073367	-13.239782726321579	-30.354620261042623	-111.23104508869073	111.23104508869073	sum(abs(pFBA_flux)/10*directional_reaction_dg)
71a9d42429716e89	co2	CO₂	16	7.848459789565356	5	False	True	False	17	-12.218609330733273	-13.247792647920997	-30.362630182642047	-113.92474332082881	113.92474332082881	sum(abs(pFBA_flux)/10*directional_reaction_dg)
b8ae8ce99ca0de07	co2	CO₂	13	-29.243666127587797	5	False	True	True	16	-25.835931187685006	-25.724600644626697	-51.39685694670825	-182.37308141238734	182.37308141238734	sum(abs(pFBA_flux)/10*directional_reaction_dg)
34a06948983c8c15	co2	CO₂	4	25.670566437094937	1	True	False	False	4	15.211866934171045	5.708325559609432	5.708325559609432	-51.34113287997009	51.34113287997009	sum(abs(pFBA_flux)/10*directional_reaction_dg)
77b7727d4668c353	co2	CO₂	16	7.315169875434593	1	True	False	False	16	-14.252572286201286	-26.978818655729754	-35.536237423090284	-92.24257396953817	92.24257396953817	sum(abs(pFBA_flux)/10*directional_reaction_dg)
2dd8d1ccfd96b152	co2	CO₂	11	8.328253693042534	1	True	False	False	11	10.069926059644303	-0.44448702752363856	-0.4444870275236372	-47.155205890881405	47.155205890881405	sum(abs(pFBA_flux)/10*directional_reaction_dg)
af04efa4ab2af390	co2	CO₂	17	1.7011057134008354	3	False	True	False	17	-9.175908928675938	-9.906463848502604	-18.46388261586312	-63.80601957129686	63.80601957129686	sum(abs(pFBA_flux)/10*directional_reaction_dg)
e5781c8c49647574	co2	CO₂	17	16.391539437349387	3	False	True	False	17	-22.858508302627683	-22.991962216877777	-40.106799751598814	-151.09822919796153	151.09822919796153	sum(abs(pFBA_flux)/10*directional_reaction_dg)
349123a150e14576	co2	CO₂	18	8.977414864372761	3	False	True	False	19	1.4639900432183452	-12.812451967025476	-21.369870734385984	-95.42430826356417	95.42430826356417	sum(abs(pFBA_flux)/10*directional_reaction_dg)
6ad1dea5b8f6f4fc	co2	CO₂	17	5.363595685176722	1	True	False	False	19	-21.62658395835441	-45.623536436206344	-45.623536436206344	-70.93047906044724	70.93047906044724	sum(abs(pFBA_flux)/10*directional_reaction_dg)
824e247024fd1372	co2	CO₂	20	7.614101103688128	2	True	False	False	22	-1870.2658940699566	-1881.909959089637	-1881.909959089637	-1929.2072360154466	1929.2072360154466	sum(abs(pFBA_flux)/10*directional_reaction_dg)
5e655c8568a98122	co2	CO₂	15	-28.691250022035845	3	False	True	True	19	10.135203576645509	10.254877420835445	10.254877420835443	13.285984687383788	-13.285984687383788	sum(abs(pFBA_flux)/10*directional_reaction_dg)
0a77d5cac2e25034	co2	CO₂	13	10.49441303080204	0	True	False	False	16	-35.30918333230661	-64.67839520128436	-73.23581396864486	-127.7315219631321	127.7315219631321	sum(abs(pFBA_flux)/10*directional_reaction_dg)
0817609b72de854c	co2	CO₂	15	10.572415919555064	2	True	False	False	18	-35.30918333230644	-57.19841923176709	-65.75583799912759	-131.02565822045602	131.02565822045602	sum(abs(pFBA_flux)/10*directional_reaction_dg)
1248ad8ea0603707	co2	CO₂	16	10.572416328027456	1	True	False	False	18	-59.69695919515277	-81.52915174361071	-98.64398927833173	-170.4733015579443	170.4733015579443	sum(abs(pFBA_flux)/10*directional_reaction_dg)
721487efb1d4cb9c	co2	CO₂	14	10.534081236330282	1	True	False	False	17	-35.30918333230644	-53.63503867179037	-62.192457439150886	-131.15000135748423	131.15000135748423	sum(abs(pFBA_flux)/10*directional_reaction_dg)
5903fef616bdaddb	co2	CO₂	11	-31.016604403648692	2	False	False	True	13	15.211866934171084	15.326268963987662	15.326268963987658	13.840166780735734	-13.840166780735734	sum(abs(pFBA_flux)/10*directional_reaction_dg)
c8be0ecd44e2e1a1	co2	CO₂	14	-30.40426892624562	1	False	False	True	16	10.135203576645168	10.246091036192238	10.246091036192238	12.905149791229803	-12.905149791229803	sum(abs(pFBA_flux)/10*directional_reaction_dg)
55a0d28c3065693b	co2	CO₂	13	-29.814048408652347	5	False	True	True	15	15.211866934170928	15.33285854417429	15.33285854417429	10.425520740093035	-10.425520740093035	sum(abs(pFBA_flux)/10*directional_reaction_dg)
9cb91255a17dfce2	co2	CO₂	13	-29.81404843539035	3	False	True	True	15	1.4639900432185016	1.5746933034056778	-6.982725463954839	-24.086704639504617	24.086704639504617	sum(abs(pFBA_flux)/10*directional_reaction_dg)
69523778f941f77d	co2	CO₂	13	3.381331692212276	2	True	False	False	14	-3.5473957973068266	-4.717789297508468	-13.275208064868988	-63.95992674795058	63.95992674795058	sum(abs(pFBA_flux)/10*directional_reaction_dg)
563c987afaa0666a	co2	CO₂	16	-27.63420910072882	5	False	True	True	19	1.5292675602187842	1.6575754011141166	-6.899843366246414	-31.540876331259636	31.540876331259636	sum(abs(pFBA_flux)/10*directional_reaction_dg)
97aab6c062fd188d	co2	CO₂	16	-27.63420755126315	6	False	True	True	19	1.529267560218969	1.6575792763503587	-6.899839491010172	-38.18035986341504	38.18035986341504	sum(abs(pFBA_flux)/10*directional_reaction_dg)
bd21672b407a6e6d	co2	CO₂	20	-26.14989105393534	6	False	True	True	22	-22.858508302627797	-22.642312179162847	-39.7571497138839	-45.729434668012615	45.729434668012615	sum(abs(pFBA_flux)/10*directional_reaction_dg)
4fb5b547847d21d1	co2	CO₂	15	-28.155236710931657	5	False	True	True	18	1.5292675602188552	1.6548369498855005	-6.902581817475031	-58.64174410433078	58.64174410433078	sum(abs(pFBA_flux)/10*directional_reaction_dg)
a8574cca951dcb57	co2	CO₂	8	-33.01631992389601	3	False	True	True	10	15.211866934170896	15.315412034186652	15.315412034186652	10.71003949757187	-10.71003949757187	sum(abs(pFBA_flux)/10*directional_reaction_dg)
fb8d0ac642daecea	co2	CO₂	14	3.47833685583321	3	False	True	False	15	-27.935171660152825	-29.248725803643104	-46.36356333836412	-99.6529949387862	99.6529949387862	sum(abs(pFBA_flux)/10*directional_reaction_dg)
db9a5ee9ec408803	co2	CO₂	13	3.3813316445190305	2	True	False	False	14	-17.229995171257976	-18.445544531025835	-35.56038206574687	-85.91073341718075	85.91073341718075	sum(abs(pFBA_flux)/10*directional_reaction_dg)
aa5fc235659a3874	co2	CO₂	16	11.451876925270872	3	False	True	False	17	-24.07129485823424	-24.953274820203653	-46.34682173860493	-151.65666439477755	151.65666439477755	sum(abs(pFBA_flux)/10*directional_reaction_dg)
2748208c88e0cc10	co2	CO₂	15	3.565114294892674	3	False	True	False	16	-41.61777103410508	-43.0132445172581	-68.68550081933965	-140.80384158304065	140.80384158304065	sum(abs(pFBA_flux)/10*directional_reaction_dg)
b5f20761173390c5	co2	CO₂	15	11.41815028873401	2	True	False	False	16	-24.071294858234126	-24.931700866379764	-46.325247784781055	-158.84177108308577	158.84177108308577	sum(abs(pFBA_flux)/10*directional_reaction_dg)
6f3d38e433b743a7	co2	CO₂	17	8.1574518960583	5	False	True	False	18	-22.858508302627797	-23.424910602386326	-40.53974813710737	-122.98127549162142	122.98127549162142	sum(abs(pFBA_flux)/10*directional_reaction_dg)
db0cb33ca22fd3b0	co2	CO₂	11	14.410399717628465	1	True	False	False	12	1.5292675602189156	-6.522627837816213	-15.080046605176728	-96.58373861603405	96.58373861603405	sum(abs(pFBA_flux)/10*directional_reaction_dg)
2ca0b083eec6ab05	co2	CO₂	14	7.2428520387486515	0	True	False	False	15	-3.612673314307269	-15.844325614690606	-24.401744382051128	-97.39383366578872	97.39383366578872	sum(abs(pFBA_flux)/10*directional_reaction_dg)
3352bf095d0e3260	co2	CO₂	17	6.913325274911581	2	True	False	False	18	-1857.7817555772353	-1872.101279450228	-1880.6586982175886	-1948.528178293924	1948.528178293924	sum(abs(pFBA_flux)/10*directional_reaction_dg)
24bf40e5956e9cf3	co2	CO₂	11	-30.404287389968044	5	False	True	True	14	1.46399004321853	1.5717557672026246	-6.985663000157892	-28.3419462913372	28.3419462913372	sum(abs(pFBA_flux)/10*directional_reaction_dg)
db9d55b227d97629	co2	CO₂	11	23.735993790669927	2	True	False	False	12	-12.218609330733784	-14.460970083442914	-31.575807618163946	-151.32808266274785	151.32808266274785	sum(abs(pFBA_flux)/10*directional_reaction_dg)
a92d1728a124638a	co2	CO₂	16	7.848459820426003	5	False	True	False	17	-12.15333181373299	-13.167873780250442	-30.282711314971486	-137.5594191283518	137.5594191283518	sum(abs(pFBA_flux)/10*directional_reaction_dg)
135b9db745f52234	co2	CO₂	18	8.25519716579776	5	False	True	False	19	-36.541107676579884	-37.15516838517239	-62.82742468725398	-164.41079461012518	164.41079461012518	sum(abs(pFBA_flux)/10*directional_reaction_dg)
4685f47fa1211883	co2	CO₂	15	7.751457489105373	4	False	True	False	16	-12.218609330733464	-13.220079593921911	-30.33491712864295	-115.28432780909958	115.28432780909958	sum(abs(pFBA_flux)/10*directional_reaction_dg)
b7b0547f0957e905	co2	CO₂	6	28.929790151226	2	True	False	False	7	1.5292675602190116	-8.62659658321126	-17.184015350571777	-101.2542644764364	101.2542644764364	sum(abs(pFBA_flux)/10*directional_reaction_dg)
ddafff189f59fd4e	co2	CO₂	17	8.222507683556367	6	False	True	False	18	-22.858508302627456	-23.392202258795802	-40.507039793516874	-121.99319329191353	121.99319329191353	sum(abs(pFBA_flux)/10*directional_reaction_dg)
91ba0ffbaa6b7528	co2	CO₂	13	13.516220078965702	3	False	True	False	14	1.4639900432183097	-8.665876370447497	-17.223295137808016	-100.17768680548342	100.17768680548342	sum(abs(pFBA_flux)/10*directional_reaction_dg)
662b4771dd391468	co2	CO₂	16	7.3843200780825855	2	True	False	False	17	-3.612673314307095	-16.64910814056752	-25.20652690792804	-107.5330266703104	107.5330266703104	sum(abs(pFBA_flux)/10*directional_reaction_dg)
2144b82fe8f27155	co2	CO₂	17	11.186808779336745	3	False	True	False	18	-1857.8470330942357	-1872.6304477950184	-1881.187866562379	-1975.664351990683	1975.664351990683	sum(abs(pFBA_flux)/10*directional_reaction_dg)
5be871432e469a20	co2	CO₂	11	-30.40428572219047	6	False	True	True	14	1.5292675602195516	1.6430042109829035	-6.914414556377613	-41.44995743851196	41.44995743851196	sum(abs(pFBA_flux)/10*directional_reaction_dg)
8ef1bcb73d29fc2b	co2	CO₂	11	24.125686576307142	3	False	True	False	12	-12.283886847733982	-12.02847744653381	-29.143314981254843	-156.61753918251412	156.61753918251412	sum(abs(pFBA_flux)/10*directional_reaction_dg)
02dd45b2ad9394d9	co2	CO₂	18	5.584939181018827	6	False	True	False	19	-36.54110767657952	-38.774783523097604	-64.44703982517916	-170.23239286289248	170.23239286289248	sum(abs(pFBA_flux)/10*directional_reaction_dg)
f5c08b59bd8f583e	co2	CO₂	17	7.8484598285982585	6	False	True	False	18	-12.153331813732905	-13.167868300961711	-30.28270583568276	-137.52911793393696	137.52911793393696	sum(abs(pFBA_flux)/10*directional_reaction_dg)
a329adac46246e5a	co2	CO₂	6	29.347538343990074	3	False	True	False	7	1.4639900432187005	-9.455445918739201	-18.012864686099718	-111.66440110240039	111.66440110240039	sum(abs(pFBA_flux)/10*directional_reaction_dg)
2a0c05732d08450f	co2	CO₂	5	33.7183234005243	1	True	False	False	5	1.4639900432183097	-6.356578534255111	-14.913997301615627	-97.63571197876244	97.63571197876244	sum(abs(pFBA_flux)/10*directional_reaction_dg)
f0a31d81b2b9c099	co2	CO₂	17	7.384320912257186	1	True	False	False	17	-27.935171660152918	-41.04775681915898	-58.162594353879996	-147.18830547172246	147.18830547172246	sum(abs(pFBA_flux)/10*directional_reaction_dg)
72f12cedb64c083e	co2	CO₂	12	11.145668367422955	1	True	False	False	12	-3.547395797306706	-14.210835011817561	-22.768253779178078	-88.02129630421128	88.02129630421128	sum(abs(pFBA_flux)/10*directional_reaction_dg)
828ae4d52ae68001	co2	CO₂	18	5.5087407614381725	6	False	True	False	18	-22.858508302627115	-25.010103857389446	-42.12494139211048	-130.3008075671267	130.3008075671267	sum(abs(pFBA_flux)/10*directional_reaction_dg)
1d706fbf1dc3c3a5	co2	CO₂	18	16.547228836429007	3	False	True	False	18	-36.60638519358025	-36.811798607736876	-62.484054909818425	-197.61039592905905	197.61039592905905	sum(abs(pFBA_flux)/10*directional_reaction_dg)
4f5db0d3a0238024	co2	CO₂	17	5.50874139758998	5	False	True	False	18	-36.5411076765794	-38.72636965345109	-64.39862595553265	-174.11484929459246	174.11484929459246	sum(abs(pFBA_flux)/10*directional_reaction_dg)
824f2f6e81e89bba	co2	CO₂	13	15.800623332809906	3	False	True	False	13	-22.923785819627994	-22.923786491786725	-40.03862402650776	-153.0458974042145	153.0458974042145	sum(abs(pFBA_flux)/10*directional_reaction_dg)
48e57138711e4ace	co2	CO₂	16	8.115496496652673	5	False	True	False	17	-22.858508302627683	-23.380217549500898	-40.49505508422195	-121.66916480493592	121.66916480493592	sum(abs(pFBA_flux)/10*directional_reaction_dg)
7e950a928d4e7b4a	co2	CO₂	12	14.443867690042149	2	True	False	False	13	1.4639900432184803	-7.596646240639993	-16.154065008000508	-98.87577970828673	98.87577970828673	sum(abs(pFBA_flux)/10*directional_reaction_dg)
d3c5516dece3c5a9	co2	CO₂	15	7.315169257404641	1	True	False	False	16	-3.612673314307095	-16.255713619796644	-24.81313238715716	-111.42866581747366	111.42866581747366	sum(abs(pFBA_flux)/10*directional_reaction_dg)
2867d8af22087677	co2	CO₂	16	6.8711120947631965	2	True	False	False	17	-1857.8470330942355	-1871.483462480319	-1880.0408812476796	-1974.4679036409727	1974.4679036409727	sum(abs(pFBA_flux)/10*directional_reaction_dg)
7759b850d0975b38	co2	CO₂	10	-31.01662006729935	5	False	True	True	13	1.4639900432186153	1.5686986332855977	-6.988720134074919	-55.529087212983896	55.529087212983896	sum(abs(pFBA_flux)/10*directional_reaction_dg)
cdea66d73e7b166d	co2	CO₂	10	23.84936205876393	2	True	False	False	11	-12.283886847734038	-12.036186734335633	-29.151024269056666	-154.66691817933037	154.66691817933037	sum(abs(pFBA_flux)/10*directional_reaction_dg)
30a5435a7caafa09	co2	CO₂	5	31.738289306459833	2	True	False	False	6	1.5292675602194095	-8.863504207968063	-17.42092297532858	-111.43452700728355	111.43452700728355	sum(abs(pFBA_flux)/10*directional_reaction_dg)
5aff3c7cac98f32b	co2	CO₂	12	15.543105878113952	3	False	True	False	12	-9.175908928675199	-9.175892822385464	-17.73331158974598	-102.20458332082895	102.20458332082895	sum(abs(pFBA_flux)/10*directional_reaction_dg)
664c760eb11431fd	co2	CO₂	11	10.644973183346357	3	False	True	False	11	20.74163908549688	6.826461154207076	6.826461154207076	-59.59030284902915	59.59030284902915	sum(abs(pFBA_flux)/10*directional_reaction_dg)
b44128a5302e36ae	co2	CO₂	9	8.615503398004062	4	False	True	False	10	15.211866934171312	5.323665195076757	5.323665195076758	-47.75865763953378	47.75865763953378	sum(abs(pFBA_flux)/10*directional_reaction_dg)
2cd6c490d95005e5	co2	CO₂	20	-26.149882752669797	7	False	True	True	23	-3.0315995354883984	-2.8970904316082926	-14.3069826919169	-53.504558075547806	53.504558075547806	sum(abs(pFBA_flux)/10*directional_reaction_dg)
dc5d76d745c326aa	co2	CO₂	19	-26.63251158895907	6	False	True	True	22	-3.031599535488313	-2.8996125455547572	-14.309504805863375	-56.2843003261822	56.2843003261822	sum(abs(pFBA_flux)/10*directional_reaction_dg)
efcc0e933d536533	co2	CO₂	20	-25.678281318102737	6	False	True	True	23	6.06837379488109	6.206190370280724	0.5012433843845313	-25.1158190844171	25.1158190844171	sum(abs(pFBA_flux)/10*directional_reaction_dg)
ae73f1e0ab5a1af2	co2	CO₂	19	-26.632510097053125	7	False	True	True	22	-3.053430036505519	-2.9237069834243603	-14.333599243732984	-64.26735638197609	64.26735638197609	sum(abs(pFBA_flux)/10*directional_reaction_dg)
6aac8c0f755ea97c	co2	CO₂	20	-25.678281309665298	7	False	True	True	23	6.068373794881175	6.206190377277272	0.5012433913810854	-29.03337122592025	29.03337122592025	sum(abs(pFBA_flux)/10*directional_reaction_dg)
191c68d6ac68756c	co2	CO₂	19	8.350206600080972	5	False	True	False	20	6.068373635209497	5.336049811012677	-0.3688971748835024	-65.5182841796543	65.5182841796543	sum(abs(pFBA_flux)/10*directional_reaction_dg)
6a091de652656e6c	co2	CO₂	18	11.582145737141994	6	False	True	False	19	-12.153402863614417	-13.594902468298667	-30.70974000301971	-149.31308381795523	149.31308381795523	sum(abs(pFBA_flux)/10*directional_reaction_dg)
9c4954aaf096885d	co2	CO₂	20	10.681527905162719	7	False	True	False	21	-3.075117875803495	-4.393717371210567	-15.803609631519182	-98.70344217753996	98.70344217753996	sum(abs(pFBA_flux)/10*directional_reaction_dg)
535b98e15e237b41	co2	CO₂	20	5.731423265910868	5	False	True	False	21	-3.096876708900552	-5.1091462095164415	-16.519038469825052	-73.93431422610624	73.93431422610624	sum(abs(pFBA_flux)/10*directional_reaction_dg)
8b27cc96b04a78ed	co2	CO₂	19	7.803687964924913	6	False	True	False	20	-3.0968770524886464	-4.18454291546784	-15.59443517577645	-84.32794183071225	84.32794183071225	sum(abs(pFBA_flux)/10*directional_reaction_dg)
d1771ea01315b43d	co2	CO₂	20	15.168161983699127	6	False	True	False	21	6.090061487563261	1.5949127865851098	-4.110034199311087	-85.87079105302192	85.87079105302192	sum(abs(pFBA_flux)/10*directional_reaction_dg)
c4aaf4a21c0edfad	co2	CO₂	18	-27.126979401664645	7	False	True	True	21	-7.6360565702921805	-7.512701391084289	-21.77506714434099	-84.4752143577608	84.4752143577608	sum(abs(pFBA_flux)/10*directional_reaction_dg)
43dab345c9061bb1	co2	CO₂	20	-26.14988129666644	8	False	True	True	23	-16.71427023377204	-16.58453456599659	-36.551845593665725	-128.1000632069692	128.1000632069692	sum(abs(pFBA_flux)/10*directional_reaction_dg)
4470b0dd77c712ce	co2	CO₂	20	8.119573527140373	7	False	True	False	21	-3.096948376820275	-4.178539504573745	-15.588431764882351	-83.95278211946099	83.95278211946099	sum(abs(pFBA_flux)/10*directional_reaction_dg)
49db87dcd7f7443a	co2	CO₂	20	5.731423585268573	5	False	True	False	21	-3.096948033232095	-5.10915368090904	-16.519045941217648	-86.75196854948801	86.75196854948801	sum(abs(pFBA_flux)/10*directional_reaction_dg)
8a954cf1cbc4f7d0	co2	CO₂	19	15.729164659513293	5	False	True	False	20	6.090061487563318	1.1915959856428118	-4.513351000253361	-86.28423948361132	86.28423948361132	sum(abs(pFBA_flux)/10*directional_reaction_dg)
b32b54fa81681c2b	co2	CO₂	19	-26.632511590222226	5	False	True	True	21	-274.13065031602605	-273.83766434000876	-265.2802455726483	-153.5855369550469	153.5855369550469	sum(abs(pFBA_flux)/10*directional_reaction_dg)
7cff1a617868f030	co2	CO₂	18	12.093269483409152	4	False	True	False	19	-301.69168161493167	-301.6463148703445	-310.203733637705	-376.1035791730349	376.1035791730349	sum(abs(pFBA_flux)/10*directional_reaction_dg)
4bf5e3b24ff3523f	co2	CO₂	19	12.202578252548012	5	False	True	False	20	-301.6916816149313	-301.6471370915175	-310.2045558588781	-360.5038003061827	360.5038003061827	sum(abs(pFBA_flux)/10*directional_reaction_dg)
d077a769a40e0d1b	co2	CO₂	18	12.093269922562879	4	False	True	False	19	-301.69168161493144	-301.64629527097264	-310.20371403833315	-363.6107180875289	363.6107180875289	sum(abs(pFBA_flux)/10*directional_reaction_dg)
c04581cc9f6a088e	co2	CO₂	9	27.264230692633852	1	True	False	False	9	-274.2612053500264	-287.55746476654383	-279.0000459991832	-340.8617475353711	340.8617475353711	sum(abs(pFBA_flux)/10*directional_reaction_dg)
6d7e56a8b597399c	co2	CO₂	16	8.722459684469953	1	True	False	False	16	-279.3378687075525	-291.7891319947562	-283.23171322739563	-289.41898840063556	289.41898840063556	sum(abs(pFBA_flux)/10*directional_reaction_dg)
cf1c64266e37100d	co2	CO₂	20	18.022794260020287	6	False	True	False	20	-298.5184261919272	-304.38576829253384	-304.3857682925338	-388.65728292851685	388.65728292851685	sum(abs(pFBA_flux)/10*directional_reaction_dg)
c64119850e4830d2	co2	CO₂	20	-27.12696467155111	3	False	True	True	23	-279.2073136735505	-278.9279666904226	-270.3705479230621	-149.83088103652486	149.83088103652486	sum(abs(pFBA_flux)/10*directional_reaction_dg)
dc77720ad7382c03	co2	CO₂	20	10.435599945479227	0	True	False	False	21	-324.6517005825025	-347.5062950547294	-347.5062950547293	-398.6558026162472	398.6558026162472	sum(abs(pFBA_flux)/10*directional_reaction_dg)
cb94a77a86643c0a	co2	CO₂	16	-28.15523998076235	3	False	True	True	18	-274.1959278330254	-273.9271053670104	-265.3696865996499	-137.6240532340083	137.6240532340083	sum(abs(pFBA_flux)/10*directional_reaction_dg)
1323d1e4fc6c0961	co2	CO₂	19	-27.634209303764326	2	False	False	True	21	-279.27259119055134	-279.0056719486379	-270.4482531812773	-142.52673923057773	142.52673923057773	sum(abs(pFBA_flux)/10*directional_reaction_dg)
baa34b7d92b5b642	co2	CO₂	17	6.729781929309966	3	False	True	False	19	-274.3264828670271	-283.93805801957706	-275.3806392522166	-279.6880262001918	279.6880262001918	sum(abs(pFBA_flux)/10*directional_reaction_dg)
c1b6b17c24be8f5d	co2	CO₂	14	15.47450147985625	1	True	False	False	15	-292.9551905645034	-293.0415550120067	-293.04155501200677	-335.3932659221664	335.3932659221664	sum(abs(pFBA_flux)/10*directional_reaction_dg)
be584db44a87b91e	co2	CO₂	19	-26.149882740985685	5	False	True	True	22	-287.8785272069782	-287.59195274575086	-287.5919527457508	-188.0508857380106	188.0508857380106	sum(abs(pFBA_flux)/10*directional_reaction_dg)
a9ebd4a2d27dfa57	co2	CO₂	19	-26.14988129648139	6	False	True	True	22	-287.87852720697805	-287.59195199242157	-287.5919519924217	-188.44310933459886	188.44310933459886	sum(abs(pFBA_flux)/10*directional_reaction_dg)
7b7747ae41380bf5	co2	CO₂	18	-26.632508756595122	5	False	True	True	21	-287.87852720697816	-287.5972977752393	-287.5972977752393	-206.9978945086746	206.9978945086746	sum(abs(pFBA_flux)/10*directional_reaction_dg)
6be4f2bc30c595ea	co2	CO₂	13	14.782004720058898	2	True	False	False	14	-274.2612053500264	-279.61726259243227	-271.05984382507165	-336.21174891410806	336.21174891410806	sum(abs(pFBA_flux)/10*directional_reaction_dg)
5bb244ff83ca0955	co2	CO₂	15	20.811771918980202	2	True	False	False	16	-317.2776889103487	-317.57998125137954	-326.13740001874004	-378.19514935746685	378.19514935746685	sum(abs(pFBA_flux)/10*directional_reaction_dg)
bc983a64f2f203ed	co2	CO₂	20	8.490879925686897	2	True	False	False	21	-287.4254184131778	-302.5577349077785	-302.55773490777864	-298.5275729585711	298.5275729585711	sum(abs(pFBA_flux)/10*directional_reaction_dg)
e4c58c448958c507	co2	CO₂	14	13.177639412765224	1	True	False	False	15	-306.63778993845506	-306.7177465461269	-315.2751653134874	-323.23784559650863	323.23784559650863	sum(abs(pFBA_flux)/10*directional_reaction_dg)
0562806b9a957c38	co2	CO₂	16	13.524471311155478	3	False	True	False	17	-306.6377899384552	-306.72293683377774	-315.28035560113824	-345.4338932227169	345.4338932227169	sum(abs(pFBA_flux)/10*directional_reaction_dg)
02506a0ee72e35a3	co2	CO₂	16	21.167607604862155	2	True	False	False	17	-331.02556580130215	-330.3780445258862	-347.4928820606072	-422.9978220837909	422.9978220837909	sum(abs(pFBA_flux)/10*directional_reaction_dg)
db6f15ac885e912c	co2	CO₂	15	13.355278926265338	2	True	False	False	16	-306.6377899384551	-306.72043263545714	-315.2778514028177	-339.09147609907865	339.09147609907865	sum(abs(pFBA_flux)/10*directional_reaction_dg)
74f4f25efbbc80bd	co2	CO₂	20	19.00584426005523	5	False	True	False	21	-312.20102555282375	-317.3634959320721	-325.92091469943256	-440.3516718012859	440.3516718012859	sum(abs(pFBA_flux)/10*directional_reaction_dg)
8a283fd12f08c0ea	co2	CO₂	16	14.765810559567804	2	True	False	False	17	-287.9438047239785	-297.51069718872884	-297.5106971887288	-390.63983787782627	390.63983787782627	sum(abs(pFBA_flux)/10*directional_reaction_dg)
41cd1a0741cc14b4	co2	CO₂	19	7.575832640128508	1	True	False	False	20	-293.02046808150436	-307.79241402325357	-307.7924140232536	-315.6428644133118	315.6428644133118	sum(abs(pFBA_flux)/10*directional_reaction_dg)
a7bf689f3a1a5ec9	co2	CO₂	15	24.25378725706284	3	False	True	False	16	-301.62640409793073	-305.3786644472701	-313.9360832146306	-405.77266955754396	405.77266955754396	sum(abs(pFBA_flux)/10*directional_reaction_dg)
969f6f9d046edb4c	co2	CO₂	19	12.202578154159431	5	False	True	False	20	-301.6264040979309	-301.5849649065817	-310.1423836739423	-369.3300333744759	369.3300333744759	sum(abs(pFBA_flux)/10*directional_reaction_dg)
e6caa329a2357f2e	co2	CO₂	18	12.093269849485749	4	False	True	False	19	-301.6264040979308	-301.58413478159395	-310.14155354895456	-369.9861991015297	369.9861991015297	sum(abs(pFBA_flux)/10*directional_reaction_dg)
f9eeac5de3928561	co2	CO₂	11	28.62907084468321	3	False	True	False	12	-287.94380472397825	-296.59036933976654	-296.59036933976654	-379.4445689675126	379.4445689675126	sum(abs(pFBA_flux)/10*directional_reaction_dg)
b2e84acf40fb2297	co2	CO₂	20	18.98809252613464	6	False	True	False	21	-312.2663030698242	-317.37962202906493	-325.93704079642544	-410.5383401908298	410.5383401908298	sum(abs(pFBA_flux)/10*directional_reaction_dg)
e7aa52217dc75d8b	co2	CO₂	18	13.612571184735833	3	False	True	False	19	-287.94380472397853	-298.69265442430714	-298.69265442430714	-392.9369827053736	392.9369827053736	sum(abs(pFBA_flux)/10*directional_reaction_dg)
f833456623b01775	co2	CO₂	15	-28.155238160631352	6	False	True	True	18	-287.8785272069776	-287.6141643192063	-287.61416431920634	-189.87347510826518	189.87347510826518	sum(abs(pFBA_flux)/10*directional_reaction_dg)
c7d552973108e2cd	co2	CO₂	16	24.83912312662154	3	False	True	False	17	-301.56112658093014	-303.202018321548	-311.7594370889086	-387.5807600820844	387.5807600820844	sum(abs(pFBA_flux)/10*directional_reaction_dg)
4d7ec0136a107e90	co2	CO₂	20	12.202578230833224	6	False	True	False	21	-301.5611265809299	-301.5227905060706	-310.0802092734311	-360.75249246104175	360.75249246104175	sum(abs(pFBA_flux)/10*directional_reaction_dg)
9783c394b1bd302f	co2	CO₂	11	29.282925992195636	3	False	True	False	12	-287.87852720697737	-299.9015910990475	-299.9015910990475	-351.8783387611669	351.8783387611669	sum(abs(pFBA_flux)/10*directional_reaction_dg)
6fff4747feb584eb	co2	CO₂	10	34.55974659141287	1	True	False	False	10	-287.94380472397893	-298.3563741790457	-298.35637417904576	-392.46220296870325	392.46220296870325	sum(abs(pFBA_flux)/10*directional_reaction_dg)
38567fa911d1121f	co2	CO₂	17	8.250085544318575	1	True	False	False	17	-293.02046808150465	-299.37835620954394	-299.3783562095439	-306.1209945260558	306.1209945260558	sum(abs(pFBA_flux)/10*directional_reaction_dg)
9092922fbc545a79	co2	CO₂	20	5.631743104356718	6	False	True	False	20	-312.2663030698243	-311.24790213196724	-319.8053208993278	-346.4401571348563	346.4401571348563	sum(abs(pFBA_flux)/10*directional_reaction_dg)
2442a4102314ae3a	co2	CO₂	20	19.36323972554641	5	False	True	False	21	-326.07945747777774	-326.2337863064725	-343.34862384119356	-464.12013628952474	464.12013628952474	sum(abs(pFBA_flux)/10*directional_reaction_dg)
87b61e7d5a8669e3	co2	CO₂	17	19.79094823031271	3	False	True	False	18	-312.3968581038255	-319.2970140172259	-327.8544327845864	-451.26208012692086	451.26208012692086	sum(abs(pFBA_flux)/10*directional_reaction_dg)
f21c65687213c894	co2	CO₂	19	18.916467722179675	5	False	True	False	20	-312.2663030698244	-317.2015360881617	-325.7589548555222	-426.8554027526722	426.8554027526722	sum(abs(pFBA_flux)/10*directional_reaction_dg)
8bef3d8c8ddc18f5	co2	CO₂	17	14.170312406096578	3	False	True	False	18	-287.94380472397825	-297.4940251774799	-297.4940251774799	-392.15983943985907	392.15983943985907	sum(abs(pFBA_flux)/10*directional_reaction_dg)
9927ca3f7deb7bf7	co2	CO₂	19	5.599967257267537	2	True	False	False	20	-2147.189550344432	-2162.339762409979	-2162.3397624099784	-2141.3971887493285	2141.3971887493285	sum(abs(pFBA_flux)/10*directional_reaction_dg)
2c70f5b94d2a2329	co2	CO₂	20	10.535350444875904	3	False	True	False	21	-2147.2548278614327	-2159.2403903574336	-2159.2403903574336	-2112.7079187420563	2112.7079187420563	sum(abs(pFBA_flux)/10*directional_reaction_dg)
649e2a369af31eec	co2	CO₂	14	-28.69126418236092	4	False	True	True	17	-287.9438047239781	-287.6918231397897	-287.69182313978973	-209.11901286214922	209.11901286214922	sum(abs(pFBA_flux)/10*directional_reaction_dg)
659afa7aa557d309	co2	CO₂	15	24.74068243562145	2	True	False	False	16	-301.6264040979308	-303.9492324478912	-312.5066512152517	-392.80465879095925	392.80465879095925	sum(abs(pFBA_flux)/10*directional_reaction_dg)
5ff105d8f68e1d04	co2	CO₂	10	30.615285691992902	3	False	True	False	11	-288.0090822409785	-295.09154482226137	-295.09154482226137	-355.4507898877646	355.4507898877646	sum(abs(pFBA_flux)/10*directional_reaction_dg)
e99fdd1a855b9d31	co2	CO₂	17	16.740501185442813	3	False	True	False	17	-298.5184261788713	-298.5184329869143	-298.51843298691426	-392.233630968777	392.233630968777	sum(abs(pFBA_flux)/10*directional_reaction_dg)
153a57b70eabba03	co2	CO₂	15	8.554300637617176	3	False	True	False	15	-268.66615568169993	-285.7256727156726	-277.16825394831204	-254.62284617113704	254.62284617113704	sum(abs(pFBA_flux)/10*directional_reaction_dg)
4579feb40a1e25ad	co2	CO₂	13	22.268413201992228	3	False	True	False	13	-288.1396372749799	-288.6629664522067	-288.6629664522067	-376.315255325942	376.315255325942	sum(abs(pFBA_flux)/10*directional_reaction_dg)
68ae99438b7bf06f	co2	CO₂	19	-26.632509384777848	6	False	True	True	21	-200.30272674467165	-200.0412072087632	-194.33626364583452	-123.87869212935628	123.87869212935628	sum(abs(pFBA_flux)/10*directional_reaction_dg)
bcf85885f5ee5644	co2	CO₂	19	14.104493452553188	3	False	True	False	20	-203.6871666727129	-208.26044449990763	-202.5554992254952	-275.40780977405456	275.40780977405456	sum(abs(pFBA_flux)/10*directional_reaction_dg)
91156ecc69ff6627	co2	CO₂	18	15.528679745686132	2	True	False	False	19	-200.00065227381407	-206.51087115186726	-200.8059258774549	-271.1529994399704	271.1529994399704	sum(abs(pFBA_flux)/10*directional_reaction_dg)
0981a0d5ccb7e330	co2	CO₂	20	-26.149880575568623	6	False	True	True	22	-209.42445874846655	-209.16119113390772	-209.1611928453915	-160.7884968059276	160.7884968059276	sum(abs(pFBA_flux)/10*directional_reaction_dg)
3efc821c7c55503e	co2	CO₂	17	17.294083351043113	2	True	False	False	19	-200.34624358818778	-210.18837189137716	-204.48342661696478	-280.508518105489	280.508518105489	sum(abs(pFBA_flux)/10*directional_reaction_dg)
414f5b3c3d86806c	co2	CO₂	16	21.11429451671637	2	True	False	False	17	-212.8088986765077	-224.72014857927593	-224.7201485792759	-303.63354855832847	303.63354855832847	sum(abs(pFBA_flux)/10*directional_reaction_dg)
9b1fb5a058c85343	co2	CO₂	19	13.721629431693264	3	False	True	False	20	-212.80889867650748	-218.03442104598275	-218.03442104598278	-293.19346614705546	293.19346614705546	sum(abs(pFBA_flux)/10*directional_reaction_dg)
542d4ce9ab4544de	co2	CO₂	18	13.765669306258527	2	True	False	False	19	-209.12238427760835	-211.343279541273	-211.343279541273	-284.4856031978272	284.4856031978272	sum(abs(pFBA_flux)/10*directional_reaction_dg)
21a08b26152b18e8	co2	CO₂	20	10.100275166955209	3	False	True	False	21	-221.88711233998737	-221.6830855798974	-227.38803085430982	-285.1673248077871	285.1673248077871	sum(abs(pFBA_flux)/10*directional_reaction_dg)
9018a9b9c96559b0	co2	CO₂	17	22.78349112117629	3	False	True	False	18	-221.93063068030253	-227.03179832649025	-232.73674360090266	-330.9809425165445	330.9809425165445	sum(abs(pFBA_flux)/10*directional_reaction_dg)
231ad78af3d2cb90	co2	CO₂	20	8.718544542381988	5	False	True	False	24	-238.14562795603322	-255.77058451595727	-267.1804750647822	-380.6822802217356	380.6822802217356	sum(abs(pFBA_flux)/10*directional_reaction_dg)
53d63f53f07a9315	co2	CO₂	19	32.55830145161587	3	False	True	False	20	-238.14562795603317	-255.57984198358554	-266.98973253241036	-393.92409550781286	393.92409550781286	sum(abs(pFBA_flux)/10*directional_reaction_dg)
602a095e3eecc0fb	co2	CO₂	20	13.843700841211994	3	False	True	False	21	-212.80889867650785	-218.40387319615004	-218.40387319615002	-304.75958057765496	304.75958057765496	sum(abs(pFBA_flux)/10*directional_reaction_dg)
ddbecc3e7b75c744	co2	CO₂	19	13.908549293139924	3	False	True	False	20	-209.1223842776086	-211.47965055467304	-211.47965055467304	-298.6733734155053	298.6733734155053	sum(abs(pFBA_flux)/10*directional_reaction_dg)
adfe5f3b207887f2	co2	CO₂	18	31.943402549156616	3	False	True	False	19	-228.98037761192322	-245.9570437901617	-251.66198906457407	-363.31864099536637	363.31864099536637	sum(abs(pFBA_flux)/10*directional_reaction_dg)
978d051d0c491b6e	co2	CO₂	18	-26.632495673880477	2	False	False	True	21	-209.25293929855405	-209.029058251914	-209.02905825191402	-123.37360099014901	123.37360099014901	sum(abs(pFBA_flux)/10*directional_reaction_dg)
7f95063025ed59fb	co2	CO₂	19	21.237837937375733	4	False	True	False	20	-209.55501100437365	-220.36939553781986	-220.36939553781988	-297.76683543074313	297.76683543074313	sum(abs(pFBA_flux)/10*directional_reaction_dg)
a7052960cf16256e	co2	CO₂	20	22.378516984069527	5	False	True	False	21	-218.7637796887988	-221.53354789538898	-227.23849316980142	-322.9210435969631	322.9210435969631	sum(abs(pFBA_flux)/10*directional_reaction_dg)
87b5d7812d5e4341	co2	CO₂	18	17.844634351390717	3	False	True	False	20	-209.59853013786213	-212.20064694857558	-212.20064694857552	-303.24017038866555	303.24017038866555	sum(abs(pFBA_flux)/10*directional_reaction_dg)
85185107bcd77816	co2	CO₂	18	-26.632511616288202	5	False	True	True	21	-196.79028699499847	-196.5625247016393	-190.85758113871063	-110.84777676728989	110.84777676728989	sum(abs(pFBA_flux)/10*directional_reaction_dg)
f7ef77ecf4c40fa3	co2	CO₂	17	8.497591092004928	4	False	True	False	21	-196.7902837351686	-212.36763158359088	-206.6626863091784	-278.7469200350953	278.7469200350953	sum(abs(pFBA_flux)/10*directional_reaction_dg)
95c64dba761ce001	co2	CO₂	18	17.128993273587913	5	False	True	False	20	-209.46797511691634	-222.3215955825108	-222.32159558251078	-314.6870021256934	314.6870021256934	sum(abs(pFBA_flux)/10*directional_reaction_dg)
99c13a850568736b	co2	CO₂	18	-26.63251012724889	7	False	True	True	21	-196.5726920335922	-196.3215542916602	-190.61660901724778	-121.8435815589086	121.8435815589086	sum(abs(pFBA_flux)/10*directional_reaction_dg)
0794768b9d257c79	co2	CO₂	19	8.308462901141134	6	False	True	False	21	-196.65972871422284	-211.08367690765968	-205.37873163324724	-256.49157098984034	256.49157098984034	sum(abs(pFBA_flux)/10*directional_reaction_dg)
005a764879e5b827	co2	CO₂	19	18.228589718641505	3	False	True	False	19	-205.7814607180182	-209.41191925084115	-209.41191925084115	-299.3382952719626	299.3382952719626	sum(abs(pFBA_flux)/10*directional_reaction_dg)
797f6d3472968e0a	co2	CO₂	14	20.840602831849367	3	False	True	False	14	-196.65972871422312	-207.51045790840942	-201.80551263399698	-272.54112018730683	272.54112018730683	sum(abs(pFBA_flux)/10*directional_reaction_dg)
a3dd86ad9e9eed46	co2	CO₂	20	15.816204024177532	6	False	True	False	21	-209.3810089674445	-224.94554594802042	-224.94554594802042	-304.96612131414594	304.96612131414594	sum(abs(pFBA_flux)/10*directional_reaction_dg)
ec1c7ec7d1584dcc	co2	CO₂	17	17.79905528298609	4	False	True	False	19	-209.42445677660112	-212.2407952605602	-212.24079526056028	-304.83980790645984	304.83980790645984	sum(abs(pFBA_flux)/10*directional_reaction_dg)
f1969099286cf0ec	co2	CO₂	17	-27.126978050030402	6	False	True	True	20	-196.57269203359206	-196.32644518904442	-190.621499914632	-145.99059262470462	145.99059262470462	sum(abs(pFBA_flux)/10*directional_reaction_dg)
defe8161df7508bf	co2	CO₂	19	18.071072447616654	4	False	True	False	20	-205.73794237770238	-209.13084268437981	-209.13084268437976	-296.7514051203008	296.7514051203008	sum(abs(pFBA_flux)/10*directional_reaction_dg)
5d737cb2efc6d659	co2	CO₂	13	22.206009546322754	3	False	True	False	13	-187.62503339105842	-202.06844609614308	-190.6585555473182	-254.39073896728016	254.39073896728016	sum(abs(pFBA_flux)/10*directional_reaction_dg)
384707f28a2eabc1	co2	CO₂	20	10.390386190549842	3	False	True	False	20	-190.9659555876858	-208.55556215489312	-197.14567160606825	-200.19374356932983	200.19374356932983	sum(abs(pFBA_flux)/10*directional_reaction_dg)
5c916555d148b469	co2	CO₂	17	21.529718968316157	3	False	True	False	17	-196.6162103739078	-209.1975840004187	-203.49263872600625	-284.90859859926206	284.90859859926206	sum(abs(pFBA_flux)/10*directional_reaction_dg)
eb006fd6da190bb2	co2	CO₂	19	-26.632511841959865	6	False	True	True	21	-200.30272615245977	-200.04120696589658	-194.33626511445163	-103.03251585641362	103.03251585641362	sum(abs(pFBA_flux)/10*directional_reaction_dg)
5b83abbdd4d25e3b	co2	CO₂	17	8.268666761397407	4	False	True	False	18	-187.53799732895672	-201.60273334332814	-190.19284279450332	-234.07281103304933	234.07281103304933	sum(abs(pFBA_flux)/10*directional_reaction_dg)
4cc5a0c7abf7b768	co2	CO₂	12	17.670677618591586	3	False	True	False	12	-146.58086526275355	-150.96565526726437	-142.4082364999038	-188.56826206887814	188.56826206887814	sum(abs(pFBA_flux)/10*directional_reaction_dg)
282130ec226621cc	co2	CO₂	18	12.501047437014144	2	True	False	False	19	-172.1487889227073	-172.06270745947157	-176.3414168431518	-240.9124189019635	240.9124189019635	sum(abs(pFBA_flux)/10*directional_reaction_dg)
77e87861502e2c85	co2	CO₂	19	-26.149882758458755	4	False	True	True	22	-136.97467950011497	-136.77507542584365	-123.93894727480284	-55.7409458185294	55.7409458185294	sum(abs(pFBA_flux)/10*directional_reaction_dg)
b8fd0b5408df137c	co2	CO₂	18	21.62719428099122	3	False	True	False	19	-189.66262632702114	-191.53772041174284	-200.09513917910334	-264.93829542511344	264.93829542511344	sum(abs(pFBA_flux)/10*directional_reaction_dg)
e71c21e9876c3ef1	co2	CO₂	18	11.361432792782605	2	True	False	False	19	-185.8313882966587	-185.72425051494864	-198.5603786659894	-265.7714840626341	265.7714840626341	sum(abs(pFBA_flux)/10*directional_reaction_dg)
2212db0f6c3b817b	co2	CO₂	18	21.79324879864507	3	False	True	False	19	-203.3778644725296	-203.0079679107982	-220.1228054455192	-320.57811753570223	320.57811753570223	sum(abs(pFBA_flux)/10*directional_reaction_dg)
fc6516d2a93e8c33	co2	CO₂	20	9.238123490903346	2	True	False	False	21	-178.99008860968274	-178.63386674150325	-187.19128550886379	-227.56322469140227	227.56322469140227	sum(abs(pFBA_flux)/10*directional_reaction_dg)
6b8097b046a9ee04	co2	CO₂	20	18.532662859963835	2	True	False	False	21	-164.40515576501952	-166.14911758465732	-170.42782696833757	-268.764917183402	268.764917183402	sum(abs(pFBA_flux)/10*directional_reaction_dg)
69feb3c9c0eb6977	co2	CO₂	14	23.37606106118871	3	False	True	False	15	-150.68991763256705	-162.66786742295045	-158.38915803927023	-236.2812027477566	236.2812027477566	sum(abs(pFBA_flux)/10*directional_reaction_dg)
967ab71360057c3b	co2	CO₂	19	17.446615447820793	4	False	True	False	21	-173.97870276915836	-183.52460102626875	-192.08201979362929	-303.46441276457506	303.46441276457506	sum(abs(pFBA_flux)/10*directional_reaction_dg)
70ed116348a0c5cb	co2	CO₂	17	8.250057100783549	5	False	True	False	19	-150.68991763256685	-164.4392576817399	-160.16054829805964	-220.97095485413408	220.97095485413408	sum(abs(pFBA_flux)/10*directional_reaction_dg)
91947998cd46a1b2	co2	CO₂	14	19.88573026766131	3	False	True	False	15	-150.62464011556622	-164.7096232678481	-160.4309138841678	-232.7451256831386	232.7451256831386	sum(abs(pFBA_flux)/10*directional_reaction_dg)
3e688a387401339c	co2	CO₂	13	24.72011039638141	3	False	True	False	13	-160.2961033952063	-167.13681530758146	-167.13681530758143	-249.69636274270312	249.69636274270312	sum(abs(pFBA_flux)/10*directional_reaction_dg)
9039b3d5c749edc1	co2	CO₂	19	20.01515901408254	4	False	True	False	20	-184.71651801655275	-192.181489341268	-200.73890810862846	-318.89029415609275	318.89029415609275	sum(abs(pFBA_flux)/10*directional_reaction_dg)
d2baffc137f5820d	co2	CO₂	19	9.998397054126613	3	False	True	False	21	-167.17004184068236	-169.76697128146938	-174.04568066514963	-271.6701508804532	271.6701508804532	sum(abs(pFBA_flux)/10*directional_reaction_dg)
6060fbd45ca88b8f	co2	CO₂	20	-25.67827856981749	6	False	True	True	23	-150.65727887406672	-150.45895893371616	-146.18024955003585	-116.30106398324014	116.30106398324014	sum(abs(pFBA_flux)/10*directional_reaction_dg)
20705d53e06fb125	co2	CO₂	18	18.12517263864059	3	False	True	False	19	-164.33987824801906	-165.74382945027432	-170.0225388339546	-257.85908007125386	257.85908007125386	sum(abs(pFBA_flux)/10*directional_reaction_dg)
11a5412806bb25f0	co2	CO₂	13	24.050511106004095	2	True	False	False	14	-150.6572788740664	-164.23445743579603	-159.95574805211578	-235.78039700537852	235.78039700537852	sum(abs(pFBA_flux)/10*directional_reaction_dg)
ddb4442cd63cb996	co2	CO₂	18	19.90577328588005	4	False	True	False	19	-170.96864112559967	-178.04084300639482	-178.0408430063949	-273.04291849302865	273.04291849302865	sum(abs(pFBA_flux)/10*directional_reaction_dg)
e6e414f746011fc8	co2	CO₂	19	8.834387629819688	5	False	True	False	19	-141.01845435292736	-158.79334534784178	-150.2359265804813	-166.64311192633326	166.64311192633326	sum(abs(pFBA_flux)/10*directional_reaction_dg)
c317b3d6ae6fe942	co2	CO₂	16	22.325121874869232	3	False	True	False	16	-157.49857856104313	-163.76208164171567	-163.7620816417157	-254.7194877836049	254.7194877836049	sum(abs(pFBA_flux)/10*directional_reaction_dg)
7314eb7c5959084a	co2	CO₂	19	-26.632495648350424	4	False	True	True	21	-2.6173393945341097	-2.4648074550850065	3.2401378193274204	28.421154864241295	-28.421154864241295	sum(abs(pFBA_flux)/10*directional_reaction_dg)
f65b1d35725bc1ab	co2	CO₂	18	10.133073366779456	1	True	False	False	18	-37.225009182770805	-37.57687321976074	-48.9867637685856	-141.64351920609485	141.64351920609485	sum(abs(pFBA_flux)/10*directional_reaction_dg)
3ca81c197808f27c	co2	CO₂	18	12.25622786514427	0	True	False	False	18	-73.75545553826578	-73.55788947020706	-107.7875611166816	-216.55851852121947	216.55851852121947	sum(abs(pFBA_flux)/10*directional_reaction_dg)
2b4dcad177937f11	co2	CO₂	18	10.133073368212866	2	True	False	False	18	-37.268527523085986	-37.622265109495714	-49.03215565832057	-137.45185109131396	137.45185109131396	sum(abs(pFBA_flux)/10*directional_reaction_dg)
595727327b26e5e2	co2	CO₂	20	15.72461381459399	5	False	True	False	20	-19.024980786568243	-33.74991899682815	-33.74991899682815	-99.03202428683446	99.03202428683446	sum(abs(pFBA_flux)/10*directional_reaction_dg)
c8453507561632f6	co2	CO₂	20	10.181309719932912	1	True	False	False	20	-50.9076085567231	-51.38564657938892	-71.3529558955743	-198.13498212306047	198.13498212306047	sum(abs(pFBA_flux)/10*directional_reaction_dg)
ea58ea11999d9c95	co2	CO₂	20	10.181409149373355	2	True	False	False	20	-50.90760855672332	-51.37053475075178	-71.33784406693717	-195.9922936213091	195.9922936213091	sum(abs(pFBA_flux)/10*directional_reaction_dg)
0ac3bd719e320700	co2	CO₂	19	-26.632495606770856	5	False	True	True	21	-2.552061877533461	-2.3925151482270173	3.312430126185399	27.546184087212495	-27.546184087212495	sum(abs(pFBA_flux)/10*directional_reaction_dg)
abbab64ef39e23da	co2	CO₂	20	-26.14986709042739	4	False	True	True	22	-19.98645316738531	-19.820513285076576	-22.67298677802465	-14.09141885471589	14.09141885471589	sum(abs(pFBA_flux)/10*directional_reaction_dg)
cc2d08224153bd7d	co2	CO₂	18	9.611850103250696	1	True	False	False	20	-1266.8880038713226	-1270.14270741923	-1264.4377621448175	-1310.9663076132638	1310.9663076132638	sum(abs(pFBA_flux)/10*directional_reaction_dg)
98dc864d02e53c9c	co2	CO₂	19	11.409891687727676	0	True	False	False	20	-56.090202224984374	-622.0436313990635	-627.748576673476	-657.2341670114272	657.2341670114272	sum(abs(pFBA_flux)/10*directional_reaction_dg)
6eb51be311a931f3	co2	CO₂	18	2.859239737190056	2	True	False	False	21	-22.409505415402638	-30.590066591096807	-30.590066591096804	-84.6219863995046	84.6219863995046	sum(abs(pFBA_flux)/10*directional_reaction_dg)
e729742343b3754a	co2	CO₂	20	2.5916128219745755	1	True	False	False	23	-44.03740867948645	-42.390000040698865	-53.79989058952371	-95.36411873282044	95.36411873282044	sum(abs(pFBA_flux)/10*directional_reaction_dg)
c6c101d8f51e2c7d	co2	CO₂	18	10.680587830100238	1	True	False	False	21	-39.89750765372121	-55.094825061495904	-55.094823350012135	-112.79932571456017	112.79932571456017	sum(abs(pFBA_flux)/10*directional_reaction_dg)
5a917f204e98c569	co2	CO₂	19	9.675112052372581	3	False	True	False	22	-52.70567322951018	-67.2375423089917	-72.94248587192041	-134.6455673488922	134.6455673488922	sum(abs(pFBA_flux)/10*directional_reaction_dg)
124971108304030d	co2	CO₂	20	2.577109758290707	2	True	False	False	22	-1254.8787349990994	-1259.4766390068523	-1259.4766390068523	-1305.3791795200752	1305.3791795200752	sum(abs(pFBA_flux)/10*directional_reaction_dg)
b14f1e5396f56c0c	co2	CO₂	19	2.377955972031909	3	False	True	False	22	-31.618265166160135	-40.137861343871535	-45.842804906800204	-108.83309031605921	108.83309031605921	sum(abs(pFBA_flux)/10*directional_reaction_dg)
4a9f6247ab1ba456	co2	CO₂	15	-28.6912648670592	5	False	True	True	17	-19.025065487361417	-18.851544873049463	-18.85154658453323	-18.24757154608796	18.24757154608796	sum(abs(pFBA_flux)/10*directional_reaction_dg)
74eb813d82efb76c	co2	CO₂	18	8.742837663073036	2	True	False	False	20	-1258.5217373800483	-1270.7640788061783	-1270.764078806178	-1331.026700088843	1331.026700088843	sum(abs(pFBA_flux)/10*directional_reaction_dg)
4e7fbcc120c8cffe	co2	CO₂	19	-26.149867040943963	3	False	True	True	22	-19.068581855811896	-18.88092379999973	-18.88092379999972	8.761661313103861	-8.761661313103861	sum(abs(pFBA_flux)/10*directional_reaction_dg)
4690143010cefdf4	co2	CO₂	18	17.350013523928673	2	True	False	False	20	-28.19031385960666	-35.94620288629601	-41.65114816070845	-131.02862402770802	131.02862402770802	sum(abs(pFBA_flux)/10*directional_reaction_dg)
91763b817c68f087	co2	CO₂	15	13.323611656906616	2	True	False	False	16	-22.409505415402705	-23.28799527703964	-23.28799527703964	-84.12166230647327	84.12166230647327	sum(abs(pFBA_flux)/10*directional_reaction_dg)
e0351a111f53c0ca	co2	CO₂	20	7.144732348546261	0	True	False	False	21	-34.95919765941904	-48.90663897196694	-54.61158424637937	-108.28384289553968	108.28384289553968	sum(abs(pFBA_flux)/10*directional_reaction_dg)
9fa01e0e22da8143	co2	CO₂	19	9.50043842927321	3	False	True	False	21	-31.53123741919739	-45.58082319024815	-51.28576846466057	-137.2935843707837	137.2935843707837	sum(abs(pFBA_flux)/10*directional_reaction_dg)
dd10be7e71a1c457	co2	CO₂	15	15.216975799864729	2	True	False	False	16	-31.531237419197424	-36.60010859413651	-42.305053868548924	-120.28488653196023	120.28488653196023	sum(abs(pFBA_flux)/10*directional_reaction_dg)
71026b8c52197208	co2	CO₂	19	-25.678281291241664	5	False	True	True	23	-28.146789042971335	-27.954141336699443	-33.65908661111186	-25.79012018150155	25.79012018150155	sum(abs(pFBA_flux)/10*directional_reaction_dg)
e811041fb0672484	co2	CO₂	20	-25.678281254748214	6	False	True	True	23	-28.14679749115657	-27.95414969400261	-33.659096679898774	-58.2511653609252	58.2511653609252	sum(abs(pFBA_flux)/10*directional_reaction_dg)
f30d1c5e0e287bc3	co2	CO₂	19	-25.678279875705794	6	False	True	True	23	-28.146795519291487	-27.95414781393124	-33.659093088343674	-30.815351253319687	30.815351253319687	sum(abs(pFBA_flux)/10*directional_reaction_dg)
d5290ce41ae40c15	co2	CO₂	20	-25.678279890313025	7	False	True	True	23	-28.146866820861895	-27.95415792273728	-33.65910490863344	-65.68594726001037	65.68594726001037	sum(abs(pFBA_flux)/10*directional_reaction_dg)
8ddf7d9f749e995e	co2	CO₂	16	-28.155237979268353	5	False	True	True	18	-28.190315831471757	-28.020176319666408	-33.72512330556259	-52.61792701260443	52.61792701260443	sum(abs(pFBA_flux)/10*directional_reaction_dg)
22fa6850b249ed9c	co2	CO₂	18	-26.14987996870392	5	False	True	True	22	-28.146795519291487	-27.95759651478313	-33.66254178919556	-49.58317983568999	49.58317983568999	sum(abs(pFBA_flux)/10*directional_reaction_dg)
d1b015fad6017ab7	co2	CO₂	19	-26.14988124998349	6	False	True	True	22	-28.190385161177083	-28.005889077378395	-33.71083606327457	-65.93143371150119	65.93143371150119	sum(abs(pFBA_flux)/10*directional_reaction_dg)
83b7f6c4c5f6ac7d	co2	CO₂	13	17.11726377758488	2	True	False	False	15	-19.06858233087727	-26.728841672211892	-26.728841672211896	-94.39321878476966	94.39321878476966	sum(abs(pFBA_flux)/10*directional_reaction_dg)
5e3d204499104359	co2	CO₂	19	7.089479317274527	1	True	False	False	20	-22.453023755718018	-36.05923777721066	-36.05923777721066	-72.61473110258615	72.61473110258615	sum(abs(pFBA_flux)/10*directional_reaction_dg)
bc9bab5a94199ee1	co2	CO₂	19	7.216467125726471	2	True	False	False	20	-22.453023755718068	-26.47082564277335	-26.47082564277335	-65.40261233092512	65.40261233092512	sum(abs(pFBA_flux)/10*directional_reaction_dg)
7a37ae054339e87e	co2	CO₂	17	-27.634209099007286	6	False	True	True	19	-6.173305698374792	-5.998857311576559	-0.2939120371641355	11.647049353924443	-11.647049353924443	sum(abs(pFBA_flux)/10*directional_reaction_dg)
d627f01fd4eb2dd2	co2	CO₂	19	11.571278008487733	3	False	True	False	19	-28.19031385960662	-28.62758573210543	-34.33253100651785	-109.18280347434289	109.18280347434289	sum(abs(pFBA_flux)/10*directional_reaction_dg)
bbaad90a075c0375	co2	CO₂	12	20.651606415248995	2	True	False	False	13	-31.48771907888218	-42.07246156204336	-47.777406836455775	-124.70456484092597	124.70456484092597	sum(abs(pFBA_flux)/10*directional_reaction_dg)
395e0c3d2c309310	co2	CO₂	19	6.767653861729993	2	True	False	False	20	-31.48771907888164	-46.33562228671697	-52.04056756112938	-114.358010752359	114.358010752359	sum(abs(pFBA_flux)/10*directional_reaction_dg)
4775ac9427e17f7c	co2	CO₂	19	-26.149888841948105	6	False	True	True	22	-47.74623469492772	-47.50438444131151	-58.91427499013632	-74.72703139403393	74.72703139403393	sum(abs(pFBA_flux)/10*directional_reaction_dg)
9e0c67abba81f2df	co2	CO₂	19	25.24428717441644	3	False	True	False	20	-56.91148503903775	-71.84272553077612	-88.95756135401336	-212.34977513183534	212.34977513183534	sum(abs(pFBA_flux)/10*directional_reaction_dg)
f33edcbc3d2e7929	co2	CO₂	15	13.125991965795855	2	True	False	False	16	-31.48771907888196	-34.0998308692557	-39.804776143668114	-102.15558874531641	102.15558874531641	sum(abs(pFBA_flux)/10*directional_reaction_dg)
2fab65bb8aa8dbaa	co2	CO₂	20	7.144732341412226	0	True	False	False	21	-44.03741132289802	-57.97891934920165	-69.38880989802652	-138.17665714254431	138.17665714254431	sum(abs(pFBA_flux)/10*directional_reaction_dg)
8298d06d9cc993f0	co2	CO₂	20	-25.6782812922222	5	False	True	True	23	-27.801204679983123	-27.624925164924527	-33.329870439337	-40.886658077327915	40.886658077327915	sum(abs(pFBA_flux)/10*directional_reaction_dg)
d69bd25b1eab158f	co2	CO₂	20	14.18746373738591	2	True	False	False	21	-49.77470142678674	-50.072775674442816	-67.18761149768008	-156.83668130433756	156.83668130433756	sum(abs(pFBA_flux)/10*directional_reaction_dg)
6ec000b97b3016cf	co2	CO₂	15	13.681538567111346	2	True	False	False	16	-40.60945108267643	-43.885307751467714	-55.29519830029255	-147.0393088419971	147.0393088419971	sum(abs(pFBA_flux)/10*directional_reaction_dg)
e50608854314a5e6	co2	CO₂	17	13.027196537932287	4	False	True	False	18	-31.574755759512882	-36.0157670461835	-41.72071232059592	-118.1155342559872	118.1155342559872	sum(abs(pFBA_flux)/10*directional_reaction_dg)
23e702b1201ead93	co2	CO₂	20	-25.67827988159663	6	False	True	True	23	-27.844724415666803	-27.673295836376386	-33.37824111078883	-36.85195426969837	36.85195426969837	sum(abs(pFBA_flux)/10*directional_reaction_dg)
105d61f5c6a770d9	co2	CO₂	16	9.988058159295923	3	False	True	False	17	-40.65296942299235	-40.69603428454317	-52.10592483336802	-127.34639557953719	127.34639557953719	sum(abs(pFBA_flux)/10*directional_reaction_dg)
09a8062d4d630ce3	co2	CO₂	13	23.136005380789012	2	True	False	False	14	-40.65296942299207	-45.53639549365714	-56.94628604248198	-151.75662290498732	151.75662290498732	sum(abs(pFBA_flux)/10*directional_reaction_dg)
12a7b87a9d321b4b	co2	CO₂	20	11.071178920678939	2	True	False	False	21	-44.08092966321343	-54.81453619393422	-66.22442674275905	-135.802514825368	135.802514825368	sum(abs(pFBA_flux)/10*directional_reaction_dg)
960f65bd0ae08cce	co2	CO₂	20	-25.678287318427365	6	False	True	True	23	-56.867966698722825	-56.62498924811792	-73.73982507135518	-110.51072427147291	110.51072427147291	sum(abs(pFBA_flux)/10*directional_reaction_dg)
79008012ea6a6296	co2	CO₂	20	24.155963761804287	3	False	True	False	21	-66.07673538314808	-75.60909058862666	-98.42887168627634	-234.94793948709668	234.94793948709668	sum(abs(pFBA_flux)/10*directional_reaction_dg)
231250c0239b48e7	co2	CO₂	15	32.14583947452886	3	False	True	False	16	-56.8679666987226	-71.71507005573824	-88.82990587897552	-209.4111363347805	209.4111363347805	sum(abs(pFBA_flux)/10*directional_reaction_dg)
a758f8a08937cc5e	co2	CO₂	15	16.549886638048083	2	True	False	False	17	-40.609451082676955	-49.805057269177595	-61.214947818002464	-152.94545966531118	152.94545966531118	sum(abs(pFBA_flux)/10*directional_reaction_dg)
b8152ec2f78a6ece	co2	CO₂	19	-26.149879953289773	5	False	True	True	22	-27.888241360613442	-27.724645401959265	-33.42959067637171	-51.33022566752321	51.33022566752321	sum(abs(pFBA_flux)/10*directional_reaction_dg)
35a9d30d27cb30cc	co2	CO₂	20	10.066497888281104	2	True	False	False	21	-49.77470142678701	-49.83863740707791	-66.9534732303152	-148.50676900809796	148.50676900809796	sum(abs(pFBA_flux)/10*directional_reaction_dg)
0822e9e1559d05be	co2	CO₂	15	9.957597586891755	2	True	False	False	16	-40.65296942299214	-40.69568305066201	-52.105573599486874	-131.34323936550732	131.34323936550732	sum(abs(pFBA_flux)/10*directional_reaction_dg)
fe76c1d741a4b7b0	co2	CO₂	14	31.26692265379413	3	False	True	False	15	-47.74623469492806	-62.099029189723396	-73.50891973854823	-178.03589389005498	178.03589389005498	sum(abs(pFBA_flux)/10*directional_reaction_dg)
96b7b809dfc5cc00	co2	CO₂	19	8.003995233466181	3	False	True	False	20	-15.03647661760443	-32.692554141079874	-32.69255414107989	-85.49778097073812	85.49778097073812	sum(abs(pFBA_flux)/10*directional_reaction_dg)
b8df0d77e35a9825	co2	CO₂	16	4.180632145067398	4	False	True	False	18	-18.810027697133993	-22.246248087049928	-22.246248087049928	-51.865184890452895	51.865184890452895	sum(abs(pFBA_flux)/10*directional_reaction_dg)
176ff8e4d176b059	co2	CO₂	15	21.647117941593315	4	False	True	False	16	-28.14679472611777	-38.8544184950727	-44.55936376948511	-132.2370562401002	132.2370562401002	sum(abs(pFBA_flux)/10*directional_reaction_dg)
b0e8939821fbfc46	co2	CO₂	20	-25.678289496120495	7	False	True	True	23	-44.36179279502203	-44.10994043567396	-55.51983098449878	-68.13097295463018	68.13097295463018	sum(abs(pFBA_flux)/10*directional_reaction_dg)
905e546f82fbfedb	co2	CO₂	20	8.840899607476207	3	False	True	False	22	-1267.686989043955	-1279.9023045698661	-1285.607248132795	-1334.3701928831958	1334.3701928831958	sum(abs(pFBA_flux)/10*directional_reaction_dg)
2ccbd57f151b4647	co2	CO₂	19	15.470086034600442	2	True	False	False	21	-28.233832199921935	-35.14509767314316	-40.85004294755558	-123.56128591458	123.56128591458	sum(abs(pFBA_flux)/10*directional_reaction_dg)
8c0b7e3800990e4a	co2	CO₂	19	17.4212648286032	3	False	True	False	21	-37.312045863401565	-43.451976140713796	-54.86186668953866	-151.80270698595638	151.80270698595638	sum(abs(pFBA_flux)/10*directional_reaction_dg)
62bdfc793deb15ac	co2	CO₂	19	16.785344026453835	5	False	True	False	21	-37.35556420371681	-46.71937094820964	-58.1292614970345	-164.62157313640614	164.62157313640614	sum(abs(pFBA_flux)/10*directional_reaction_dg)
6b8b440a3a0516af	co2	CO₂	17	-27.634209089663166	7	False	True	True	20	-37.26859857296745	-37.09322805501633	-48.5031186038412	-51.226241263550634	51.226241263550634	sum(abs(pFBA_flux)/10*directional_reaction_dg)
d06577947cc3096d	co2	CO₂	20	13.990440816729656	6	False	True	False	21	-37.35556420371642	-40.89927212945702	-52.30916267828186	-156.34421176177858	156.34421176177858	sum(abs(pFBA_flux)/10*directional_reaction_dg)
bde5e1f57ce0ea1f	co2	CO₂	16	23.58465588149729	4	False	True	False	17	-37.35556341054319	-42.29499264530687	-53.70488319413172	-159.13364752347718	159.13364752347718	sum(abs(pFBA_flux)/10*directional_reaction_dg)
82d5509098a6c4d0	co2	CO₂	20	27.533919164926747	6	False	True	False	21	-53.57056147944706	-61.2970772334378	-78.41191305667506	-209.62565411526924	209.62565411526924	sum(abs(pFBA_flux)/10*directional_reaction_dg)
6d855b5cd432e10c	co2	CO₂	18	16.749351390078086	4	False	True	False	20	-37.35556420371671	-46.599210079640144	-58.009100628465006	-163.83182189326217	163.83182189326217	sum(abs(pFBA_flux)/10*directional_reaction_dg)
e71adba45b2b5ded	co2	CO₂	19	14.017464570037703	5	False	True	False	20	-37.31204586340095	-41.025416599449734	-52.43530714827457	-157.78789186453554	157.78789186453554	sum(abs(pFBA_flux)/10*directional_reaction_dg)
42ef5f5346ef7d4c	co2	CO₂	19	25.573068301271025	6	False	True	False	20	-44.40531113533711	-54.03766157488532	-65.44755212371015	-179.54645736182079	179.54645736182079	sum(abs(pFBA_flux)/10*directional_reaction_dg)
f09f77515853aa0b	co2	CO₂	14	17.654377912940284	3	False	True	False	16	-28.14679551929116	-30.344460986819453	-36.04940626123187	-112.342466211282	112.342466211282	sum(abs(pFBA_flux)/10*directional_reaction_dg)
d6a6ccddeae827df	co2	CO₂	19	7.441745949883993	1	True	False	False	20	-18.76650942745766	-32.891153619833	-32.89115190834923	-76.97527896352648	76.97527896352648	sum(abs(pFBA_flux)/10*directional_reaction_dg)
dae2940ede8ba83d	co2	CO₂	15	-28.155239698505017	6	False	True	True	18	-15.338556042484527	-15.175202384263518	-15.175202384263518	-7.618784545292241	7.618784545292241	sum(abs(pFBA_flux)/10*directional_reaction_dg)
51ea632d80253cf5	co2	CO₂	15	9.11150754238748	4	False	True	False	17	-15.425585797227921	-27.477629958397504	-27.477629958397504	-91.35151706422356	91.35151706422356	sum(abs(pFBA_flux)/10*directional_reaction_dg)
7b3497bc32593dbe	co2	CO₂	20	-25.678281321460638	6	False	True	True	23	-24.503790219348524	-24.331615711884638	-30.036559274813317	-30.103572846490685	30.103572846490685	sum(abs(pFBA_flux)/10*directional_reaction_dg)
b414ed721b1f5eff	co2	CO₂	17	16.765814612509615	6	False	True	False	18	-28.19038439076467	-42.29884097271081	-48.00378624712325	-135.00694559363382	135.00694559363382	sum(abs(pFBA_flux)/10*directional_reaction_dg)
ed82d034d31bdf83	co2	CO₂	20	-25.67828749820578	8	False	True	True	23	-44.405311135336824	-44.158304740431404	-55.56819528925624	-78.21220097732363	78.21220097732363	sum(abs(pFBA_flux)/10*directional_reaction_dg)
e20312057876ed05	co2	CO₂	20	6.7337010329091065	4	False	True	False	22	-1267.7305074470885	-1280.1597296636521	-1285.8646749380648	-1348.555257138315	1348.555257138315	sum(abs(pFBA_flux)/10*directional_reaction_dg)
01d9e031efe9f7e3	co2	CO₂	18	9.412716107202073	5	False	True	False	21	-28.233832199921878	-41.61948151846314	-47.32442679287557	-128.64058504395183	128.64058504395183	sum(abs(pFBA_flux)/10*directional_reaction_dg)
241cde2c972455a3	co2	CO₂	19	-25.67827991132182	8	False	True	True	23	-15.425576555868648	-15.254971223650136	-15.254969512166355	-5.587482301885736	5.587482301885736	sum(abs(pFBA_flux)/10*directional_reaction_dg)
7f66e7f6d67dabbe	co2	CO₂	18	18.273999083111374	6	False	True	False	19	-37.399153075190036	-47.04016067621801	-58.45005122504286	-163.79190367873386	163.79190367873386	sum(abs(pFBA_flux)/10*directional_reaction_dg)
81904900b2d12eaf	co2	CO₂	20	25.96264218820284	7	False	True	False	21	-53.527043139131756	-66.37064281908862	-83.48547864232589	-213.90335030715565	213.90335030715565	sum(abs(pFBA_flux)/10*directional_reaction_dg)
7761513fb7ce68a1	co2	CO₂	20	15.785243942282467	6	False	True	False	22	-37.399082544031955	-50.24656171173623	-61.65645226056109	-168.1487639244016	168.1487639244016	sum(abs(pFBA_flux)/10*directional_reaction_dg)
b55cae243979f091	co2	CO₂	20	10.04007685133856	6	False	True	False	21	-37.35563525359813	-37.68907212731128	-49.098962676136146	-155.55061554523323	155.55061554523323	sum(abs(pFBA_flux)/10*directional_reaction_dg)
cea252d022f99d33	co2	CO₂	19	25.176545404107365	7	False	True	False	20	-44.49234781596743	-58.55913795737996	-69.96902850620484	-184.06793377191218	184.06793377191218	sum(abs(pFBA_flux)/10*directional_reaction_dg)
5e3ffb08cd68f0db	co2	CO₂	15	17.524507766713235	4	False	True	False	16	-31.574755759512264	-37.736857651109986	-43.44180292552242	-117.5620757296772	117.5620757296772	sum(abs(pFBA_flux)/10*directional_reaction_dg)
3000220b458f507b	co2	CO₂	20	7.144730577511719	3	False	True	False	21	-31.618267828970303	-45.56924934245012	-51.27419290537879	-111.2131880289048	111.2131880289048	sum(abs(pFBA_flux)/10*directional_reaction_dg)
8d868604eb837597	co2	CO₂	15	-28.155238150107653	7	False	True	True	18	-15.338549116597218	-15.175195372796813	-15.175195372796813	-8.113008646612558	8.113008646612558	sum(abs(pFBA_flux)/10*directional_reaction_dg)
d6188f1784ddc6c5	co2	CO₂	16	15.536352745701882	4	False	True	False	17	-24.503799460707423	-26.15032043170102	-31.855265706113443	-115.0216101172359	115.0216101172359	sum(abs(pFBA_flux)/10*directional_reaction_dg)
ff61d8e042e3a0ed	co2	CO₂	18	23.96145432658919	5	False	True	False	18	-44.36178562080144	-55.00584930866082	-66.41573985748568	-178.47097858480805	178.47097858480805	sum(abs(pFBA_flux)/10*directional_reaction_dg)
fa293d3a5d025bbc	co2	CO₂	20	5.59996897862681	1	True	False	False	20	-1254.9657743294847	-1267.2046806666986	-1267.2046806666986	-1305.7874797585132	1305.7874797585132	sum(abs(pFBA_flux)/10*directional_reaction_dg)
92ad460e6460e42c	co2	CO₂	18	16.54964004762174	3	False	True	False	18	-28.27734600334457	-30.518754904942863	-36.223700179355276	-122.47271795799278	122.47271795799278	sum(abs(pFBA_flux)/10*directional_reaction_dg)
5f6858f5d3b9f42f	co2	CO₂	12	8.186526182005393	3	False	True	False	15	-15.425585797227992	-28.696319707470845	-28.696319707470852	-86.13214178868714	86.13214178868714	sum(abs(pFBA_flux)/10*directional_reaction_dg)
1088c69d109a34f9	co2	CO₂	19	6.605357360149278	3	False	True	False	22	-18.810027697133926	-33.20436116377564	-33.20436116377564	-64.7636646339786	64.7636646339786	sum(abs(pFBA_flux)/10*directional_reaction_dg)
4e3a839557d89ca8	co2	CO₂	17	17.25780407024481	5	False	True	False	18	-37.312116394559695	-46.47688377644657	-57.88677432527143	-155.34318397449405	155.34318397449405	sum(abs(pFBA_flux)/10*directional_reaction_dg)
516d7b8286f4c19a	co2	CO₂	20	-25.67828736888626	7	False	True	True	23	-53.57062593855238	-53.33169306042654	-70.44652717218005	-104.43770222960185	104.43770222960185	sum(abs(pFBA_flux)/10*directional_reaction_dg)
2bc2511dc9b0d4c1	co2	CO₂	19	25.432684113462255	6	False	True	False	20	-53.527043139131735	-53.727486428817585	-70.84232225205486	-197.30297461834522	197.30297461834522	sum(abs(pFBA_flux)/10*directional_reaction_dg)
84a4a89d4736ba4b	co2	CO₂	10	24.018429741032755	2	True	False	False	10	-15.33854911659757	-27.25998241683561	-27.259982416835605	-99.0357941923484	99.0357941923484	sum(abs(pFBA_flux)/10*directional_reaction_dg)
856e73fbbc5e1876	co2	CO₂	17	9.678133232804628	2	True	False	False	17	-18.766507993855196	-33.47975833513426	-33.479758335134264	-72.85156958616145	72.85156958616145	sum(abs(pFBA_flux)/10*directional_reaction_dg)
2e07ddd441973b4b	co2	CO₂	18	22.642529671379116	6	False	True	False	18	-44.361792795021955	-46.83475322446293	-58.24464377328778	-169.3935240157428	169.3935240157428	sum(abs(pFBA_flux)/10*directional_reaction_dg)
b8ac9b7b4db3f015	co2	CO₂	20	19.108830065312727	4	False	True	False	21	-53.48352479881666	-56.43434350372253	-73.54917932695982	-192.30328279458698	192.30328279458698	sum(abs(pFBA_flux)/10*directional_reaction_dg)
25a647f9ecb1909f	co2	CO₂	16	15.457392688646209	5	False	True	False	17	-28.146866050449518	-42.05051864827291	-47.755463922685344	-127.33076688556463	127.33076688556463	sum(abs(pFBA_flux)/10*directional_reaction_dg)
16232e19729be66f	co2	CO₂	19	-26.149888920454245	7	False	True	True	22	-44.3617927950219	-44.114445842901326	-55.52433639172615	-73.87136007093135	73.87136007093135	sum(abs(pFBA_flux)/10*directional_reaction_dg)
43775220f92215bc	co2	CO₂	18	25.501330799176706	6	False	True	False	19	-44.44882947565207	-53.8286999136002	-65.23859046242505	-179.33749568684743	179.33749568684743	sum(abs(pFBA_flux)/10*directional_reaction_dg)
ff688c665cf66db8	co2	CO₂	13	17.603084396876497	3	False	True	False	15	-28.146795519290905	-30.25937937093955	-35.96432464535197	-112.76754007880199	112.76754007880199	sum(abs(pFBA_flux)/10*directional_reaction_dg)
95f53e3cfd02b20d	co2	CO₂	19	7.089477558643453	2	True	False	False	20	-31.574749488654803	-45.17620579572977	-50.881149358658455	-115.40485821476696	115.40485821476696	sum(abs(pFBA_flux)/10*directional_reaction_dg)
0a08e0947536dade	co2	CO₂	20	9.049492720876826	3	False	True	False	21	-31.53123116139499	-45.602972107541305	-51.30791567046997	-121.83386179066079	121.83386179066079	sum(abs(pFBA_flux)/10*directional_reaction_dg)
dc4893a28bb972d9	co2	CO₂	14	-28.691264183386263	6	False	True	True	17	-15.338552573748686	-15.178867728313218	-15.178867728313218	-28.55270159874748	28.55270159874748	sum(abs(pFBA_flux)/10*directional_reaction_dg)
e3e4e7cc946065ac	co2	CO₂	15	21.82306760696782	3	False	True	False	16	-24.503799460707214	-32.713798668354436	-38.418743942766866	-130.92578537762336	130.92578537762336	sum(abs(pFBA_flux)/10*directional_reaction_dg)
17428b362eacfbdd	co2	CO₂	19	6.704885983379445	3	False	True	False	21	-1267.7305074601436	-1279.0579619282064	-1284.762907202619	-1349.8797566483424	1349.8797566483424	sum(abs(pFBA_flux)/10*directional_reaction_dg)
33dacc7233923371	co2	CO₂	20	15.546916463693494	3	False	True	False	22	-28.233832199921792	-35.28260062984424	-40.98754590425666	-126.51645998958809	126.51645998958809	sum(abs(pFBA_flux)/10*directional_reaction_dg)
211f51357af34f5a	co2	CO₂	18	17.40023313434182	3	False	True	False	20	-37.312045863401366	-43.13850192450436	-54.54839247332921	-157.60607292725467	157.60607292725467	sum(abs(pFBA_flux)/10*directional_reaction_dg)
4d7e6b549eb5b141	co2	CO₂	18	-26.14987995984271	7	False	True	True	22	-15.382067456912672	-15.209752287905141	-15.209752287905115	-20.923259025966303	20.923259025966303	sum(abs(pFBA_flux)/10*directional_reaction_dg)
0321a977781b9d69	co2	CO₂	9	22.341693937748275	2	True	False	False	9	-6.260335453117786	-19.05519642006605	-13.350251145653619	-69.02975568825455	69.02975568825455	sum(abs(pFBA_flux)/10*directional_reaction_dg)
b7ab70a11037c39f	co2	CO₂	16	8.745720147351895	2	True	False	False	16	-9.688295690164352	-24.739410298025913	-19.034465023613492	-50.963766104959014	50.963766104959014	sum(abs(pFBA_flux)/10*directional_reaction_dg)
910f83b9d570c3ae	co2	CO₂	17	22.27290227580256	6	False	True	False	17	-35.28350815778654	-42.49105213031227	-48.19599740472469	-143.02583528115622	143.02583528115622	sum(abs(pFBA_flux)/10*directional_reaction_dg)
83d959c1b53c820d	co2	CO₂	20	19.213101836898957	4	False	True	False	21	-44.49234781596743	-49.27738488015174	-60.68727542897659	-170.80387102995707	170.80387102995707	sum(abs(pFBA_flux)/10*directional_reaction_dg)
f3a0c0c72261f26f	co2	CO₂	12	8.765196010506685	4	False	True	False	13	-6.260335453117779	-16.817024750814756	-11.112079476402329	-56.41886523121967	56.41886523121967	sum(abs(pFBA_flux)/10*directional_reaction_dg)
69b56d900036c897	co2	CO₂	19	5.5513866064051385	1	True	False	False	19	-1245.8005239853746	-1258.272573883225	-1252.5676286088126	-1274.9113635725316	1274.9113635725316	sum(abs(pFBA_flux)/10*directional_reaction_dg)
9ba6e075b3e6df50	co2	CO₂	20	9.75471004921769	2	True	False	False	20	-1245.8440423126344	-1263.1823014691406	-1257.4773561947281	-1295.8171887235808	1295.8171887235808	sum(abs(pFBA_flux)/10*directional_reaction_dg)
704ddf806c758965	co2	CO₂	17	15.886126830033833	3	False	True	False	17	-19.112093896947094	-25.372784873162963	-25.372786584646704	-94.6030726174192	94.6030726174192	sum(abs(pFBA_flux)/10*directional_reaction_dg)
1373a11536e5f2d7	co2	CO₂	14	22.43997235084849	2	True	False	False	14	-15.382065351976998	-30.312324368058228	-30.312322656574466	-106.37825114117415	106.37825114117415	sum(abs(pFBA_flux)/10*directional_reaction_dg)
3c01d7af2b124c2a	co2	CO₂	20	9.412714494465282	7	False	True	False	21	-35.32708939646772	-48.89273790050045	-54.59767975194536	-140.93822919767152	140.93822919767152	sum(abs(pFBA_flux)/10*directional_reaction_dg)
015bc4fb7a032f1a	co2	CO₂	20	18.477122344907134	3	False	True	False	21	-37.312029994992805	-44.73778594581124	-56.14767136018484	-159.33023279275415	159.33023279275415	sum(abs(pFBA_flux)/10*directional_reaction_dg)
698357e69ef706a4	co2	CO₂	19	-26.632495647671465	4	False	True	True	21	-2.42671925140219	-2.318391591500287	1.960317792179964	-1.1331550074202141	1.1331550074202141	sum(abs(pFBA_flux)/10*directional_reaction_dg)
0ed351238d49160d	co2	CO₂	20	7.878390881818664	5	False	True	False	21	-44.89523715477074	-44.380266145585686	-61.49510368030673	-151.8986321462069	151.8986321462069	sum(abs(pFBA_flux)/10*directional_reaction_dg)
b041f2d95b004ebe	co2	CO₂	8	20.02337607097982	2	True	False	False	8	-10.688738719890562	-20.79178410218795	-16.513074718507685	-72.47147963506158	72.47147963506158	sum(abs(pFBA_flux)/10*directional_reaction_dg)
6caab36161e623a2	co2	CO₂	20	8.714952924700514	2	True	False	False	20	-930.6401482504779	-946.918837153264	-938.3614183859033	-978.1752026132176	978.1752026132176	sum(abs(pFBA_flux)/10*directional_reaction_dg)
e583f8842fe4d06c	co2	CO₂	20	11.40989168979091	1	True	False	False	21	-993.3383547168571	-1722.6024537291373	-1726.8811631128176	-1765.9141118774667	1765.9141118774667	sum(abs(pFBA_flux)/10*directional_reaction_dg)
06d11b2b902b2444	co2	CO₂	19	11.409891689792438	1	True	False	False	20	-988.2616913593315	-1724.4406284735956	-1728.7193378572758	-1764.6235010411772	1764.6235010411772	sum(abs(pFBA_flux)/10*directional_reaction_dg)
a61833f2f42a2870	co2	CO₂	17	-26.632495645964227	2	False	False	True	21	-10.62346120289005	-10.470737950649067	-6.1920285669688075	4.757365961461185	-4.757365961461185	sum(abs(pFBA_flux)/10*directional_reaction_dg)
c86f5847159cd54a	co2	CO₂	14	-28.691267309931686	3	False	True	True	17	-100.14991419874755	-97.91275093574579	-89.35533216838527	-71.42974279006238	71.42974279006238	sum(abs(pFBA_flux)/10*directional_reaction_dg)
8e0766f14efedd37	co2	CO₂	16	7.8236672916801995	2	True	False	False	17	-29.382723934367757	-29.20788793114186	-33.48659731482212	-86.54144567984386	86.54144567984386	sum(abs(pFBA_flux)/10*directional_reaction_dg)
79dbd0982bc3ef72	co2	CO₂	20	-25.67827925242093	6	False	True	True	23	-31.179999022318412	-31.032555971531025	-39.589974738891556	-97.29243218174805	97.29243218174805	sum(abs(pFBA_flux)/10*directional_reaction_dg)
25c54db3a87bac44	co2	CO₂	15	-28.155239715588277	4	False	True	True	18	-10.688738719890779	-10.551765923768855	-6.273056540088586	-12.917433740696548	12.917433740696548	sum(abs(pFBA_flux)/10*directional_reaction_dg)
6990e4627c0d28d6	co2	CO₂	17	3.7307052797679283	4	False	True	False	18	-53.770499797213745	-53.96602400664851	-66.80215215768926	-114.31553727874419	114.31553727874419	sum(abs(pFBA_flux)/10*directional_reaction_dg)
05b61d0a21b91a09	co2	CO₂	19	15.485464548358841	2	True	False	False	20	-49.90662299529532	-50.305214825749104	-67.42005236047014	-182.04022165594787	182.04022165594787	sum(abs(pFBA_flux)/10*directional_reaction_dg)
b8f4400188affc46	co2	CO₂	16	5.430346183742312	3	False	True	False	17	-67.45309917116609	-67.95665663274404	-89.35020355114533	-171.9301063581342	171.9301063581342	sum(abs(pFBA_flux)/10*directional_reaction_dg)
d09642d1dc68e646	co2	CO₂	20	12.076894108131945	6	False	True	False	21	-48.693836439688766	-48.40876317940632	-61.24489133044712	-148.1330113605073	148.1330113605073	sum(abs(pFBA_flux)/10*directional_reaction_dg)
29ce90d52672187d	co2	CO₂	19	9.695200162231417	2	True	False	False	21	-24.371338093842812	-25.12400792211974	-29.4027173058	-94.72727612936191	94.72727612936191	sum(abs(pFBA_flux)/10*directional_reaction_dg)
b763c475a60c3733	co2	CO₂	18	-26.63251161314006	5	False	True	True	21	-14.73251357270341	-14.596959272668425	-14.596959272668425	-23.849013769230883	23.849013769230883	sum(abs(pFBA_flux)/10*directional_reaction_dg)
6fd651b0d2d75240	co2	CO₂	14	17.968666672283252	2	True	False	False	15	-28.48039046365625	-29.32494150495138	-37.8823602723119	-127.71396984026529	127.71396984026529	sum(abs(pFBA_flux)/10*directional_reaction_dg)
2bb12df89d4bf335	co2	CO₂	20	7.878390903087349	5	False	True	False	21	-44.895237154770456	-44.38026444130884	-61.49510197602987	-152.78260729382924	152.78260729382924	sum(abs(pFBA_flux)/10*directional_reaction_dg)
a42074a5787291fd	co2	CO₂	9	23.353237002523176	2	True	False	False	10	-14.797791089704049	-26.233331326155557	-26.233331326155557	-95.07556422952774	95.07556422952774	sum(abs(pFBA_flux)/10*directional_reaction_dg)
07ec3a5f14c6a56e	co2	CO₂	20	13.409646907976429	7	False	True	False	21	-48.69383643968854	-49.37998208867556	-62.21611023971634	-149.6850493624323	149.6850493624323	sum(abs(pFBA_flux)/10*directional_reaction_dg)
a6865f4ac1b0c816	co2	CO₂	19	13.631786295177738	3	False	True	False	21	-31.212637780818874	-41.28947626067686	-49.84689502803738	-130.3130027232671	130.3130027232671	sum(abs(pFBA_flux)/10*directional_reaction_dg)
355a5f10b1726537	co2	CO₂	18	-26.63251012564351	6	False	True	True	21	-14.765152331203396	-14.6331045298896	-14.633104529889614	-27.853973253783025	27.853973253783025	sum(abs(pFBA_flux)/10*directional_reaction_dg)
012079b697ed83bc	co2	CO₂	14	15.390644724824472	3	False	True	False	15	-28.41511294665554	-29.43412888264053	-37.991547650001046	-122.21195684494009	122.21195684494009	sum(abs(pFBA_flux)/10*directional_reaction_dg)
6c4eb19017cda631	co2	CO₂	9	19.22354243045008	3	False	True	False	10	-14.797791089703821	-26.04090264245046	-26.04090264245046	-94.9322266836842	94.9322266836842	sum(abs(pFBA_flux)/10*directional_reaction_dg)
296813c46e805139	co2	CO₂	9	23.99563108874757	2	True	False	False	9	-24.4039768523431	-29.848151189092224	-34.12686057277248	-116.10607767731709	116.10607767731709	sum(abs(pFBA_flux)/10*directional_reaction_dg)
1ff0facccf13e447	co2	CO₂	20	5.731421710615886	6	False	True	False	21	-62.409074572140554	-62.90672835485144	-84.30027527325275	-175.49907961499497	175.49907961499497	sum(abs(pFBA_flux)/10*directional_reaction_dg)
06f44830f76a6c53	co2	CO₂	19	17.25349400683156	4	False	True	False	20	-48.6938364396884	-50.16760768991013	-63.003735840950895	-175.53844267005056	175.53844267005056	sum(abs(pFBA_flux)/10*directional_reaction_dg)
7980765dcf2ce20b	co2	CO₂	19	8.427786721711945	6	False	True	False	20	-48.69383643968865	-47.804539216745795	-60.64066736778659	-144.2106630587008	144.2106630587008	sum(abs(pFBA_flux)/10*directional_reaction_dg)
4151234600b9b98c	co2	CO₂	16	12.348203218587077	2	True	False	False	18	-31.179999022318675	-41.10179856865868	-49.659217336019196	-138.62964162422972	138.62964162422972	sum(abs(pFBA_flux)/10*directional_reaction_dg)
29393c0f8da4c4ab	co2	CO₂	17	-27.126978044281024	5	False	True	True	20	-14.79779108970395	-14.671753029738294	-14.671753029738307	-38.09835446213511	38.09835446213511	sum(abs(pFBA_flux)/10*directional_reaction_dg)
eafb49a57fe0f309	co2	CO₂	12	7.987484543509188	3	False	True	False	14	-14.863068606704406	-26.77400201413809	-26.77400201413809	-95.71935332637295	95.71935332637295	sum(abs(pFBA_flux)/10*directional_reaction_dg)
e5e7e6b4ed7fea77	co2	CO₂	8	23.21770590594595	2	True	False	False	9	-14.79779108970365	-25.590780622164637	-25.590780622164637	-93.73445822843088	93.73445822843088	sum(abs(pFBA_flux)/10*directional_reaction_dg)
604c57ed5d4f9805	co2	CO₂	18	17.150672602841126	4	False	True	False	19	-35.04387582423644	-35.6156802925493	-39.89438967622955	-132.6862962564525	132.6862962564525	sum(abs(pFBA_flux)/10*directional_reaction_dg)
fd4d512cfdd78a88	co2	CO₂	15	8.55429796159082	4	False	True	False	15	-5.126327810064396	-20.492933438723547	-16.21422405504328	-63.48745695209064	63.48745695209064	sum(abs(pFBA_flux)/10*directional_reaction_dg)
07bb19498e3b9241	co2	CO₂	13	11.960153799665516	4	False	True	False	13	-24.371338093842642	-33.50471917856496	-37.78342856224521	-105.38771615385473	105.38771615385473	sum(abs(pFBA_flux)/10*directional_reaction_dg)
5190230860d6848c	co2	CO₂	20	-26.149881082176304	5	False	True	True	22	181.0219157749023	29.309823448447467	33.58853283212773	26.622198831302534	-26.622198831302534	sum(abs(pFBA_flux)/10*directional_reaction_dg)
61a81d609619b703	co2	CO₂	20	7.7186483146254705	5	False	True	False	21	141.2856451886962	-27.865963921133392	-44.98080145585443	-125.41631950560227	125.41631950560227	sum(abs(pFBA_flux)/10*directional_reaction_dg)
b0839dd8e997dc84	co2	CO₂	20	-26.149881279632325	6	False	True	True	23	141.31828394719687	-11.397144610042002	-28.511982144763046	-95.0912632407315	95.0912632407315	sum(abs(pFBA_flux)/10*directional_reaction_dg)
868bd7ee0feca075	co2	CO₂	20	4.648847114607369	4	False	True	False	21	148.12694487567245	-12.731634537282822	-25.56776268832361	-96.03454928828087	96.03454928828087	sum(abs(pFBA_flux)/10*directional_reaction_dg)
13f7f7a60745d0b8	co2	CO₂	7	19.790857805073188	2	True	False	False	7	175.55742114057702	-3.718607447578491	0.5601019361017752	-54.56845463622831	54.56845463622831	sum(abs(pFBA_flux)/10*directional_reaction_dg)
30390699d1303301	co2	CO₂	19	6.059787850149666	2	True	False	False	19	-744.4592659070115	-922.1282593239179	-913.5708405565574	-956.2551293790175	956.2551293790175	sum(abs(pFBA_flux)/10*directional_reaction_dg)
6f65b9d7420e1c3a	co2	CO₂	19	1.936175602567967	4	False	True	False	19	151.16964527773007	-16.196321985184866	-20.475031368865118	-67.10779649500842	67.10779649500842	sum(abs(pFBA_flux)/10*directional_reaction_dg)
b9f6eb894c78294c	co2	CO₂	20	11.40989168865521	2	True	False	False	21	-802.0808090158648	-1691.4036406379755	-1695.6823500216556	-1738.6238047656132	1738.6238047656132	sum(abs(pFBA_flux)/10*directional_reaction_dg)
02bd6aded3bad272	co2	CO₂	19	11.409891689792438	1	True	False	False	20	-802.0481702573643	-1715.9295620093508	-1720.208271393031	-1757.629835630308	1757.629835630308	sum(abs(pFBA_flux)/10*directional_reaction_dg)
c0333787f923afe2	co2	CO₂	17	-26.63251185143231	3	False	True	True	21	175.55742114057688	14.201655847481153	18.48036523116141	21.819317103638586	-21.819317103638586	sum(abs(pFBA_flux)/10*directional_reaction_dg)
c1e9a2a822555913	co2	CO₂	17	3.7307067899310087	3	False	True	False	18	149.9894974806234	-14.79475612160395	-23.352174888964456	-93.35288304257894	93.35288304257894	sum(abs(pFBA_flux)/10*directional_reaction_dg)
c3ce81b6ee390354	co2	CO₂	20	-25.678281328027747	6	False	True	True	23	155.03352207964875	-5.353967095233912	-13.911385862594443	-62.38067577172497	62.38067577172497	sum(abs(pFBA_flux)/10*directional_reaction_dg)
9ca3c2ffa85ade3f	co2	CO₂	20	-25.67827987857666	7	False	True	True	23	155.03352207964895	2.230554840416019	-6.326863926944512	-63.59843953201144	63.59843953201144	sum(abs(pFBA_flux)/10*directional_reaction_dg)
6a973b690bbd91b3	co2	CO₂	19	-26.149882449225476	6	False	True	True	22	161.87482176662482	2.8864247393172544	-1.3922846443630041	-28.651270167316948	28.651270167316948	sum(abs(pFBA_flux)/10*directional_reaction_dg)
bcb13f5b65202255	co2	CO₂	15	-28.155239707698524	4	False	True	True	18	175.59005989907715	15.532201400940693	19.810910784620965	-5.441416093019381	5.441416093019381	sum(abs(pFBA_flux)/10*directional_reaction_dg)
d2361e8fdafb9743	co2	CO₂	16	3.649153969915273	4	False	True	False	17	132.44302130475347	-32.66176908173374	-45.4978972327745	-101.04008609970317	101.04008609970317	sum(abs(pFBA_flux)/10*directional_reaction_dg)
996582ef1cfcc77b	co2	CO₂	18	11.023419566715782	2	True	False	False	19	143.14819779364797	-33.72752311763364	-46.56365126867441	-124.01399280183541	124.01399280183541	sum(abs(pFBA_flux)/10*directional_reaction_dg)
4c25c0f473255f5f	co2	CO₂	17	-15.796495770701325	4	False	True	True	18	125.60172161777722	-36.61211921165432	-53.72695674637534	-49.49665076546593	49.49665076546593	sum(abs(pFBA_flux)/10*directional_reaction_dg)
a08028dd6090ae3f	co2	CO₂	20	8.415805167126074	6	False	True	False	21	137.5196846622785	-30.016018570482117	-42.85214672152291	-128.21159833033542	128.21159833033542	sum(abs(pFBA_flux)/10*directional_reaction_dg)
22059949dea1cc88	co2	CO₂	17	14.88904570980593	2	True	False	False	19	155.03352207964863	-20.783263477489847	-29.340682244850363	-115.84271212958559	115.84271212958559	sum(abs(pFBA_flux)/10*directional_reaction_dg)
783273a07060deb4	co2	CO₂	17	-27.12698093971029	5	False	True	True	20	171.48100752926388	11.418697169691246	11.41869716969122	-5.841045599963204	5.841045599963204	sum(abs(pFBA_flux)/10*directional_reaction_dg)
ca6f6d9ccc1563f4	co2	CO₂	14	17.96866663168737	2	True	False	False	15	157.7984081553115	-19.03905577256896	-27.59647453992948	-119.29675317496104	119.29675317496104	sum(abs(pFBA_flux)/10*directional_reaction_dg)
bcb8b914f9f93d9f	co2	CO₂	9	23.352676646927705	2	True	False	False	10	171.48100752926382	-17.929629438342037	-17.929629438342037	-89.22708215897444	89.22708215897444	sum(abs(pFBA_flux)/10*directional_reaction_dg)
df2cbbac8a4c5b69	co2	CO₂	20	8.52650143701563	7	False	True	False	21	137.51968466227873	-27.04201916769358	-39.87814731873438	-124.144671798396	124.144671798396	sum(abs(pFBA_flux)/10*directional_reaction_dg)
7966a2ce381fe1c9	co2	CO₂	19	9.486318777297669	3	False	True	False	21	161.80954424962437	-9.413109635582117	-13.691819019262375	-94.61586524248234	94.61586524248234	sum(abs(pFBA_flux)/10*directional_reaction_dg)
cd8e877aa3e27cc8	co2	CO₂	17	-27.1269793746758	6	False	True	True	20	171.44836877076386	18.927144584476792	18.92714458447678	-3.480030338453294	3.480030338453294	sum(abs(pFBA_flux)/10*directional_reaction_dg)
9f29374abad1eabb	co2	CO₂	14	15.390644746088329	3	False	True	False	15	157.70049187981107	-12.748718711865779	-21.306137479226294	-117.7139403424925	117.7139403424925	sum(abs(pFBA_flux)/10*directional_reaction_dg)
bd366aba4ab1b378	co2	CO₂	20	5.731421701258286	7	False	True	False	21	123.80444652982669	-44.568223217027565	-65.96177013542886	-159.1106818683609	159.1106818683609	sum(abs(pFBA_flux)/10*directional_reaction_dg)
f47e50c7c53fa80f	co2	CO₂	9	19.22354240491064	3	False	True	False	10	171.48100752926405	-9.966094692947026	-9.966094692947026	-81.52574155915788	81.52574155915788	sum(abs(pFBA_flux)/10*directional_reaction_dg)
bb38e0ae440003ac	co2	CO₂	8	23.782447273237903	2	True	False	False	8	161.80954424962417	-14.604277268963383	-18.882986652643634	-100.13767233647775	100.13767233647775	sum(abs(pFBA_flux)/10*directional_reaction_dg)
ed551fc80609149a	co2	CO₂	20	7.740344371374919	2	True	False	False	20	-760.7781132352266	-950.2273662708824	-950.2273662708825	-1008.8804335898365	1008.8804335898365	sum(abs(pFBA_flux)/10*directional_reaction_dg)
fe26090fa9be1a71	co2	CO₂	19	5.659114799196468	6	False	True	False	20	123.73916901282604	-43.97651344929438	-65.37006036769569	-139.6478377061246	139.6478377061246	sum(abs(pFBA_flux)/10*directional_reaction_dg)
0c0ea8b68dced872	co2	CO₂	19	17.32135567198056	4	False	True	False	20	137.45440714527837	-47.56883499562894	-60.40496314666971	-169.91399469871075	169.91399469871075	sum(abs(pFBA_flux)/10*directional_reaction_dg)
0b2945a2dfe9773b	co2	CO₂	19	8.42778674862876	6	False	True	False	20	137.51968466227862	-26.604008895563005	-39.440137046603795	-123.44829627333839	123.44829627333839	sum(abs(pFBA_flux)/10*directional_reaction_dg)
a2ed91964ce49b1e	co2	CO₂	17	14.638333147058296	2	True	False	False	19	155.03352207964886	-21.8374333635456	-30.394852130906113	-116.03443003639941	116.03443003639941	sum(abs(pFBA_flux)/10*directional_reaction_dg)
e5e57b427d7b8857	co2	CO₂	20	5.64700622236985	1	True	False	False	21	-770.3842989978654	-941.9013588902296	-946.1800682739099	-1029.9886747416588	1029.9886747416588	sum(abs(pFBA_flux)/10*directional_reaction_dg)
6c151eb514ea2086	co2	CO₂	16	-27.634206136988308	5	False	True	True	19	171.481007529264	26.559244794412827	26.55924479441282	-13.627263377197124	13.627263377197124	sum(abs(pFBA_flux)/10*directional_reaction_dg)
1fe59d6f9f247b8f	co2	CO₂	10	8.118152508164622	3	False	True	False	14	171.481007529264	-8.332213660824468	-8.332213660824468	-77.22575190651546	77.22575190651546	sum(abs(pFBA_flux)/10*directional_reaction_dg)
9a377266bbeb85c3	co2	CO₂	8	23.21770590762059	2	True	False	False	9	171.48100752926422	-8.717230812554202	-8.7172308125542	-79.62306036457963	79.62306036457963	sum(abs(pFBA_flux)/10*directional_reaction_dg)
8ee9f1d6d671ba6a	co2	CO₂	18	17.150672540981432	4	False	True	False	19	151.16964527773078	-33.634854267086524	-37.91356365076678	-128.72326634514903	128.72326634514903	sum(abs(pFBA_flux)/10*directional_reaction_dg)
dba39a8afba351de	co2	CO₂	14	8.478457577625425	4	False	True	False	14	181.08719329190288	-4.347922254984782	-0.06921287130451681	-52.12591871289426	52.12591871289426	sum(abs(pFBA_flux)/10*directional_reaction_dg)
c982d41e473086cd	co2	CO₂	11	5.496147137732688	5	False	True	False	12	175.49214362357662	9.458055248980163	13.736764632660424	-34.34075287475953	34.34075287475953	sum(abs(pFBA_flux)/10*directional_reaction_dg)
aff628cdc600ee75	co2	CO₂	20	20.056226296728436	6	False	True	False	21	166.43568789010016	-21.773881481891014	-23.20012079559068	-93.56657592126729	93.56657592126729	sum(abs(pFBA_flux)/10*directional_reaction_dg)
c635fad7f92a81e1	co2	CO₂	20	15.80918301028248	6	False	True	False	21	166.43561656576853	-18.430481020240375	-19.856720333940054	-91.25315785735137	91.25315785735137	sum(abs(pFBA_flux)/10*directional_reaction_dg)
764efe1827260291	co2	CO₂	14	12.139286924829928	4	False	True	False	15	-57.322693897132126	-82.92411032963007	-100.0389478643511	-183.55155039563388	183.55155039563388	sum(abs(pFBA_flux)/10*directional_reaction_dg)
11adacc28311c692	co2	CO₂	14	12.139287266716362	5	False	True	False	15	-57.32269389713173	-91.30794037518058	-108.42277790990161	-210.43254396950593	210.43254396950593	sum(abs(pFBA_flux)/10*directional_reaction_dg)
69f3549d7c7a1195	co2	CO₂	13	12.053675866211513	4	False	True	False	14	-57.32269389713184	-93.324597341756	-110.43943487647704	-213.740698883093	213.740698883093	sum(abs(pFBA_flux)/10*directional_reaction_dg)
3c403277a97cd4d2	co2	CO₂	6	10.140699873301667	1	True	False	False	6	15.486891759724315	3.807575425028481	12.364994192388998	-30.422099633438183	30.422099633438183	sum(abs(pFBA_flux)/10*directional_reaction_dg)
519bda91c2d54707	co2	CO₂	11	10.588406365474707	2	True	False	False	11	-1857.5067307516824	-1869.8450930482936	-1869.8450930482936	-1955.1785124579874	1955.1785124579874	sum(abs(pFBA_flux)/10*directional_reaction_dg)
bef0fce6bb4bd5b1	co2	CO₂	19	7.058383999539503	4	False	True	False	20	-15.742183790098522	-30.704217288082077	-34.982926671762336	-90.16556406427355	90.16556406427355	sum(abs(pFBA_flux)/10*directional_reaction_dg)
c5f6a44e9a5464e9	co2	CO₂	20	7.441162533172715	3	False	True	False	20	1.7390148687714628	-15.296775113388666	-15.296775113388673	-78.05435907750208	78.05435907750208	sum(abs(pFBA_flux)/10*directional_reaction_dg)
f4865108e86e6f57	co2	CO₂	18	7.14530400931908	2	True	False	False	20	-1889.203240769681	-1916.0281695277677	-1916.0281695277677	-1980.4824910094562	1980.4824910094562	sum(abs(pFBA_flux)/10*directional_reaction_dg)
307361e1d4808a36	co2	CO₂	17	-28.691250074930185	2	False	False	True	19	-16.27489577527568	-16.686436199355448	-8.129017431994928	24.849992694900493	-24.849992694900493	sum(abs(pFBA_flux)/10*directional_reaction_dg)
e9fa2b21c8cb6b00	co2	CO₂	13	11.409891689237984	1	True	False	False	15	-1902.8858401436337	-1873.4244721652888	-1881.9818909326493	-1925.441768273848	1925.441768273848	sum(abs(pFBA_flux)/10*directional_reaction_dg)
77c2d71143e5b045	co2	CO₂	13	11.409891689535465	2	True	False	False	15	-1902.8858401436337	-1920.8428839335593	-1929.4003027009198	-1986.4114138523155	1986.4114138523155	sum(abs(pFBA_flux)/10*directional_reaction_dg)
988e330cdf4eda82	co2	CO₂	12	11.409891689234692	1	True	False	False	14	-1902.8858401436337	-1759.4160637796545	-1767.973482547015	-1814.0345315987609	1814.0345315987609	sum(abs(pFBA_flux)/10*directional_reaction_dg)
391fcba5d54ba302	co2	CO₂	13	-29.81403034189564	2	False	False	True	15	15.48689175972438	15.565907594430731	24.123326361791243	6.1770124912333575	-6.1770124912333575	sum(abs(pFBA_flux)/10*directional_reaction_dg)
cf45a105829ce694	co2	CO₂	16	-29.24365161477832	1	False	False	True	18	15.486891759724003	15.567941861531558	24.125360628892075	8.20626933844434	-8.20626933844434	sum(abs(pFBA_flux)/10*directional_reaction_dg)
9efa25f359c75e2a	co2	CO₂	20	-26.149882763099423	5	False	True	True	22	8.645592072747931	8.73523015468993	13.013939538370183	-17.25050672761212	17.25050672761212	sum(abs(pFBA_flux)/10*directional_reaction_dg)
ad021a2e5b2961df	co2	CO₂	10	-30.40428751177763	4	False	True	True	14	1.804292385772012	1.8771717692626497	1.8771717692626497	-33.84116190884806	33.84116190884806	sum(abs(pFBA_flux)/10*directional_reaction_dg)
ee504801e81fd247	co2	CO₂	20	-18.76639463398713	6	False	True	True	21	1.804292385771788	2.0789745092761187	2.0789745092761223	1.5231563185616004	-1.5231563185616004	sum(abs(pFBA_flux)/10*directional_reaction_dg)
3361a514aa3b53ea	co2	CO₂	8	-32.318951331289256	4	False	True	True	11	1.8042923857718414	1.8707174595629685	1.8707174595629827	-37.46884994159394	37.46884994159394	sum(abs(pFBA_flux)/10*directional_reaction_dg)
38a9fc4237b1e8ef	co2	CO₂	18	-20.65472087315834	7	False	True	True	19	-8.900884103122706	-8.740841021981982	-8.740841021981968	-6.35690681733864	6.35690681733864	sum(abs(pFBA_flux)/10*directional_reaction_dg)
16f19132355ab12e	co2	CO₂	13	-19.799936148520988	5	False	True	True	15	1.8042923857719018	2.044535191744693	2.044535191744707	-9.577967744113817	9.577967744113817	sum(abs(pFBA_flux)/10*directional_reaction_dg)
9b0b6a09276df722	co2	CO₂	13	-19.799935571162457	6	False	True	True	15	1.8042923857720652	2.0445360493910236	2.044536049391038	-22.767886121720707	22.767886121720707	sum(abs(pFBA_flux)/10*directional_reaction_dg)
08c94606b4e3cd83	co2	CO₂	19	-20.511953441792606	6	False	True	True	20	-33.11178900012729	-33.87732331772846	-42.43474208508898	-43.184599513251904	43.184599513251904	sum(abs(pFBA_flux)/10*directional_reaction_dg)
8b13405eedc69ec9	co2	CO₂	16	-19.261061355095773	5	False	True	True	18	-30.297532434442417	-31.199993737221835	-39.75741250458234	-77.14802676018137	77.14802676018137	sum(abs(pFBA_flux)/10*directional_reaction_dg)
e1aee6377de31cc4	co2	CO₂	13	7.390940631227167	1	True	False	False	14	1.8042923857722997	-8.674121599098926	-8.674121599098923	-74.16146090175259	74.16146090175259	sum(abs(pFBA_flux)/10*directional_reaction_dg)
6cfe72d6afca74da	co2	CO₂	20	6.704885838844861	2	True	False	False	21	-1864.3480304386578	-1881.9481009502515	-1886.2268103339318	-1972.016539753776	1972.016539753776	sum(abs(pFBA_flux)/10*directional_reaction_dg)
084b2f6e526bbc1e	co2	CO₂	18	-26.632511609073696	5	False	True	True	21	-5.069646059704056	-4.989929327160512	-9.268638710840763	-56.9944616448356	56.9944616448356	sum(abs(pFBA_flux)/10*directional_reaction_dg)
12839043fcc95e2e	co2	CO₂	11	4.350640874564167	3	False	True	False	15	-5.037007301203857	-17.02252916759615	-21.301238551276406	-92.2333581742395	92.2333581742395	sum(abs(pFBA_flux)/10*directional_reaction_dg)
c14002f1e8ffdd3a	co2	CO₂	16	13.799396517476456	6	False	True	False	17	-57.322693897132126	-88.77890421070842	-105.89374174542945	-195.710215267166	195.710215267166	sum(abs(pFBA_flux)/10*directional_reaction_dg)
0bb8291f95c0bd6d	co2	CO₂	15	14.232862440887276	5	False	True	False	16	-57.32269389713201	-85.61096989179126	-102.7258074265123	-185.1180456848959	185.1180456848959	sum(abs(pFBA_flux)/10*directional_reaction_dg)
69828050a4f75a35	co2	CO₂	9	16.189843520070585	2	True	False	False	10	-5.069646059704269	-17.196810765017336	-21.475520148697587	-118.71207122213555	118.71207122213555	sum(abs(pFBA_flux)/10*directional_reaction_dg)
a9b0211221f9e8f7	co2	CO₂	15	7.530971754481479	3	False	True	False	16	1.8042923857724134	-9.256135257718114	-9.25613525771811	-84.06555965864456	84.06555965864456	sum(abs(pFBA_flux)/10*directional_reaction_dg)
9d9f5748400c42e7	co2	CO₂	15	5.442251871289314	2	True	False	False	17	-1887.0049463761334	-1907.8821652558745	-1916.439584023235	-2005.697783847306	2005.697783847306	sum(abs(pFBA_flux)/10*directional_reaction_dg)
0723a9d6ecf200d8	co2	CO₂	15	6.56436721879326	3	False	True	False	17	-1871.1240526086337	-1881.2094299566356	-1889.7668487239962	-1995.332170368028	1995.332170368028	sum(abs(pFBA_flux)/10*directional_reaction_dg)
43e70b60606abed6	co2	CO₂	18	-26.63251010197877	6	False	True	True	21	-5.069646059703828	-4.989929363587529	-9.268638747267795	-63.6821084636434	63.6821084636434	sum(abs(pFBA_flux)/10*directional_reaction_dg)
f851c40f5ffd6884	co2	CO₂	13	7.7276865051648285	4	False	True	False	15	-5.102284818204112	-17.32246465661782	-21.60117404029808	-92.28143652891018	92.28143652891018	sum(abs(pFBA_flux)/10*directional_reaction_dg)
93e23d2cf186c373	co2	CO₂	15	14.854803406259295	6	False	True	False	16	-57.32269389713207	-88.28962773241321	-105.40446526713424	-196.36553548716455	196.36553548716455	sum(abs(pFBA_flux)/10*directional_reaction_dg)
734c23ab9dabbef5	co2	CO₂	9	16.189844608464586	3	False	True	False	10	-5.069646059704041	-17.196818571258767	-21.47552795493902	-114.99567625889937	114.99567625889937	sum(abs(pFBA_flux)/10*directional_reaction_dg)
0a89c9fa69eb649b	co2	CO₂	7	11.597071595614242	1	True	False	False	7	1.7390148687716636	-8.08865494056176	-8.08865494056176	-63.34964692110195	63.34964692110195	sum(abs(pFBA_flux)/10*directional_reaction_dg)
227018bd03500790	co2	CO₂	12	11.082528212459298	2	True	False	False	12	-1871.1240526086335	-1882.2486196327975	-1890.806038400158	-2009.547700283632	2009.547700283632	sum(abs(pFBA_flux)/10*directional_reaction_dg)
265a75da9d459252	co2	CO₂	18	4.743026936940209	4	False	True	False	21	-29.424783164050325	-43.32119336962369	-56.15732152066445	-147.1827212411662	147.1827212411662	sum(abs(pFBA_flux)/10*directional_reaction_dg)
0867ebeec78876c1	co2	CO₂	16	12.589091917429686	3	False	True	False	16	-29.424783164050552	-38.83877288907943	-51.6749010401202	-166.27656689971573	166.27656689971573	sum(abs(pFBA_flux)/10*directional_reaction_dg)
12ed069914fde35a	co2	CO₂	14	7.47206534994501	2	True	False	False	15	1.739014868771875	-9.010889868482243	-9.010889868482241	-85.95749023894126	85.95749023894126	sum(abs(pFBA_flux)/10*directional_reaction_dg)
4ba38ce0d3a2e282	co2	CO₂	15	5.442251975068552	1	True	False	False	17	-1887.0049463761334	-1908.1170571632542	-1916.6744759306148	-2019.4533188345044	2019.4533188345044	sum(abs(pFBA_flux)/10*directional_reaction_dg)
ebfa409fba5428d5	co2	CO₂	14	6.527538166864438	2	True	False	False	16	-1871.1240526086337	-1881.1656805541563	-1889.7230993215169	-1998.6518909267552	1998.6518909267552	sum(abs(pFBA_flux)/10*directional_reaction_dg)
5d0e6245fe5510d6	co2	CO₂	17	-27.126978023786815	5	False	True	True	20	-5.069646059703885	-4.991481831347055	-9.27019121502729	-77.48257290388509	77.48257290388509	sum(abs(pFBA_flux)/10*directional_reaction_dg)
c9361e0b52052eba	co2	CO₂	12	7.658249159936866	3	False	True	False	14	-5.102284818204282	-16.912884780694103	-21.191594164374354	-92.11335985015197	92.11335985015197	sum(abs(pFBA_flux)/10*directional_reaction_dg)
3c76c36e105aed89	co2	CO₂	8	15.93772103269885	2	True	False	False	9	-5.069646059703871	-16.728017584542947	-21.006726968223198	-114.37865141267511	114.37865141267511	sum(abs(pFBA_flux)/10*directional_reaction_dg)
55fcec1331358c2e	co2	CO₂	17	12.346882245812308	4	False	True	False	17	-15.742183790098352	-28.34110963103332	-32.61981901471357	-105.67262642503817	105.67262642503817	sum(abs(pFBA_flux)/10*directional_reaction_dg)
3c9c87d165421425	co2	CO₂	13	7.113136833595646	3	False	True	False	13	21.01666391104989	5.10912312451684	13.666541891877358	-46.23538946341579	46.23538946341579	sum(abs(pFBA_flux)/10*directional_reaction_dg)
f5071da7888a29ee	co2	CO₂	13	8.813901707223696	6	False	True	False	16	1.8042923857724134	-11.854750764980977	-11.854750764980974	-68.9042092386973	68.9042092386973	sum(abs(pFBA_flux)/10*directional_reaction_dg)
a2d6fdaa82074153	co2	CO₂	17	13.143102053559208	7	False	True	False	18	-57.388042464014234	-88.12195461385242	-105.23679214857349	-205.90225994651533	205.90225994651533	sum(abs(pFBA_flux)/10*directional_reaction_dg)
f44e72edb6ace4a9	co2	CO₂	20	13.426544069934966	5	False	True	False	21	-22.46564219211494	-39.20673573053434	-47.764154497894864	-151.56573489121033	151.56573489121033	sum(abs(pFBA_flux)/10*directional_reaction_dg)
ac87f2da20ca3998	co2	CO₂	20	13.905947658087785	6	False	True	False	21	-22.48740136880032	-39.94034927239554	-48.49776803975605	-152.8029782755739	152.8029782755739	sum(abs(pFBA_flux)/10*directional_reaction_dg)
b31be21fa73bc266	co2	CO₂	20	11.97991023254493	5	False	True	False	21	-17.970055031820483	-40.6438969628217	-46.34884394871787	-139.73960703934407	139.73960703934407	sum(abs(pFBA_flux)/10*directional_reaction_dg)
4960f3296d6334dd	co2	CO₂	18	-27.126964695750463	4	False	True	True	20	15.453133348585412	15.605911009267874	21.310856283680312	24.724796619344744	-24.724796619344744	sum(abs(pFBA_flux)/10*directional_reaction_dg)
2dd72735854012e6	co2	CO₂	17	10.107876102123404	1	True	False	False	17	-19.154536439651288	-19.41212972027028	-30.82202026909514	-138.59136260245833	138.59136260245833	sum(abs(pFBA_flux)/10*directional_reaction_dg)
a816f1b05bc4ac59	co2	CO₂	15	12.20185743831819	0	True	False	False	15	-46.51973245103625	-46.243096882931276	-74.76782325499342	-187.24160733675774	187.24160733675774	sum(abs(pFBA_flux)/10*directional_reaction_dg)
8e282f7a1024d984	co2	CO₂	17	10.107876103387868	2	True	False	False	17	-19.154536439651235	-19.411972241630142	-30.821862790454997	-136.45147252380852	136.45147252380852	sum(abs(pFBA_flux)/10*directional_reaction_dg)
a314fbd29c59e9ee	co2	CO₂	20	15.724613821112477	6	False	True	False	20	-0.9763435648827539	-15.575971922080864	-15.575971922080859	-90.4643528314794	90.4643528314794	sum(abs(pFBA_flux)/10*directional_reaction_dg)
47fd3360998ebdf6	co2	CO₂	19	10.157565667610415	1	True	False	False	19	-32.98945001123432	-33.357733316358384	-53.32504263254375	-194.89001279781402	194.89001279781402	sum(abs(pFBA_flux)/10*directional_reaction_dg)
879daa5391ec0a38	co2	CO₂	19	10.157565668338524	2	True	False	False	19	-32.989450011234815	-33.35761290455369	-53.32492222073906	-189.87635820738205	189.87635820738205	sum(abs(pFBA_flux)/10*directional_reaction_dg)
6e36f0605f214d50	co2	CO₂	19	-26.632495647139375	4	False	True	True	21	15.51841086558607	15.681235568753387	21.38618084316582	18.64039307658307	-18.64039307658307	sum(abs(pFBA_flux)/10*directional_reaction_dg)
92269074ac27c790	co2	CO₂	20	10.157565665830443	2	True	False	False	20	-19.154536439651363	-19.423598323442064	-30.833488872266926	-138.55612366974742	138.55612366974742	sum(abs(pFBA_flux)/10*directional_reaction_dg)
dcce8442b61f3143	co2	CO₂	19	-26.149867550451813	6	False	True	True	22	11.831896466687015	12.013159009687291	17.71810428409973	8.881993565894035	-8.881993565894035	sum(abs(pFBA_flux)/10*directional_reaction_dg)
4255959c9434e9fe	co2	CO₂	18	9.611850177277876	2	True	False	False	20	-1248.817531128203	-1253.3635814315799	-1247.6586361571674	-1305.281668245942	1305.281668245942	sum(abs(pFBA_flux)/10*directional_reaction_dg)
9655607ec7fe35fa	co2	CO₂	19	11.409891688489388	1	True	False	False	20	-37.97621114154961	-638.2907146805841	-643.9956599549965	-690.8878879141473	690.8878879141473	sum(abs(pFBA_flux)/10*directional_reaction_dg)
738cb38ee37918f7	co2	CO₂	18	2.859239735940913	3	False	True	False	21	-4.339032672283112	-12.410492181898915	-12.410492181898908	-77.30673566671143	77.30673566671143	sum(abs(pFBA_flux)/10*directional_reaction_dg)
c3dab5c99420ad11	co2	CO₂	19	9.675113097831437	1	True	False	False	22	-47.097943145344075	-64.28741489859735	-75.69730544742218	-148.5961909623489	148.5961909623489	sum(abs(pFBA_flux)/10*directional_reaction_dg)
daabbe1f0b06190d	co2	CO₂	20	9.705468621288002	2	True	False	False	23	-47.09794050193256	-57.81036775497124	-69.22025830379609	-151.4320947076699	151.4320947076699	sum(abs(pFBA_flux)/10*directional_reaction_dg)
693200109749c3db	co2	CO₂	20	9.70546867984202	2	True	False	False	23	-47.09794050193248	-58.523991886396985	-69.93388243522185	-158.63192117245228	158.63192117245228	sum(abs(pFBA_flux)/10*directional_reaction_dg)
fb5ea8691c5910a6	co2	CO₂	18	10.680587848710422	2	True	False	False	21	-21.827034910601675	-42.87816709083601	-42.87816537935226	-117.58491498758839	117.58491498758839	sum(abs(pFBA_flux)/10*directional_reaction_dg)
b931bbb774082303	co2	CO₂	18	9.643929223890112	3	False	True	False	21	-34.63520048639066	-47.897656317471416	-53.60259988040009	-130.26523415162416	130.26523415162416	sum(abs(pFBA_flux)/10*directional_reaction_dg)
81a33532c4a168e3	co2	CO₂	19	9.643930427062378	2	True	False	False	21	-1257.9392631450535	-1267.6586478849958	-1267.6586478849958	-1333.652156048485	1333.652156048485	sum(abs(pFBA_flux)/10*directional_reaction_dg)
321b2910ebffdfee	co2	CO₂	18	9.643929289922871	3	False	True	False	21	-34.678793312114195	-48.03448651598682	-53.739430078915476	-135.35490026030712	135.35490026030712	sum(abs(pFBA_flux)/10*directional_reaction_dg)
45f63dee4b18df21	co2	CO₂	15	-28.691264858383544	6	False	True	True	17	-0.9109191561519197	-0.7302069737169035	-0.7302086852006582	-33.73900955655331	33.73900955655331	sum(abs(pFBA_flux)/10*directional_reaction_dg)
b96d82dd04b3e8eb	co2	CO₂	19	8.128512426201512	3	False	True	False	21	-1240.4077462966136	-1257.7586914613046	-1257.7586914613046	-1332.7995724940433	1332.7995724940433	sum(abs(pFBA_flux)/10*directional_reaction_dg)
3b613fef88a23c26	co2	CO₂	19	-26.149867076265735	4	False	True	True	22	-0.9545907723771334	-0.7588312741178287	-0.7588312741178349	3.470362017442371	-3.470362017442371	sum(abs(pFBA_flux)/10*directional_reaction_dg)
4bd3d7a076cf376f	co2	CO₂	18	16.355430738745763	3	False	True	False	20	-10.076322776171889	-20.701155803323182	-26.40610107773561	-123.39017063408835	123.39017063408835	sum(abs(pFBA_flux)/10*directional_reaction_dg)
b47192a3882c9be3	co2	CO₂	14	17.421506480642996	2	True	False	False	16	-13.417246335762668	-19.669660595178293	-25.37460586959072	-120.88250231111166	120.88250231111166	sum(abs(pFBA_flux)/10*directional_reaction_dg)
eb2b48dd905520ba	co2	CO₂	20	7.144732412794653	1	True	False	False	21	-16.801688235669012	-30.75141210602672	-36.456357380439165	-111.7210097201692	111.7210097201692	sum(abs(pFBA_flux)/10*directional_reaction_dg)
c5ab0dbd8418bfeb	co2	CO₂	19	8.186438764711465	4	False	True	False	21	-13.460764676077872	-27.57407767542493	-33.279022949837334	-116.95893253282132	116.95893253282132	sum(abs(pFBA_flux)/10*directional_reaction_dg)
95374678f623868d	co2	CO₂	15	15.216975760792295	3	False	True	False	16	-13.41724633576274	-18.49726697998811	-24.20221225440053	-117.29486687941588	117.29486687941588	sum(abs(pFBA_flux)/10*directional_reaction_dg)
fedafcf7c5347777	co2	CO₂	19	-25.67828132839159	6	False	True	True	23	-10.07631629985174	-9.880265079651467	-15.585210354063921	-27.37408981585188	27.37408981585188	sum(abs(pFBA_flux)/10*directional_reaction_dg)
20c9b2826ab05cea	co2	CO₂	20	-25.67828129951153	7	False	True	True	23	-10.076324748036996	-9.88027402976713	-15.585221015663308	-60.57430800420316	60.57430800420316	sum(abs(pFBA_flux)/10*directional_reaction_dg)
3a91b6862e1f2013	co2	CO₂	18	-26.14988126986777	6	False	True	True	22	-10.032804435856571	-9.835506470524399	-15.540451744936833	-33.720714509678295	33.720714509678295	sum(abs(pFBA_flux)/10*directional_reaction_dg)
9aa3c1faec395160	co2	CO₂	19	-26.14988129169346	7	False	True	True	22	-10.032875737427219	-9.835518551395609	-15.540465537291784	-76.0923068664558	76.0923068664558	sum(abs(pFBA_flux)/10*directional_reaction_dg)
164b13aec6aca539	co2	CO₂	16	-28.15523732599764	6	False	True	True	18	-10.076324748037024	-9.89870708267776	-15.603654068573952	-65.24378320713097	65.24378320713097	sum(abs(pFBA_flux)/10*directional_reaction_dg)
fe7b284247cbbf5b	co2	CO₂	18	-26.149879916282355	6	False	True	True	22	-10.119841116487144	-9.932063396748596	-15.637008671161047	-57.62097731242956	57.62097731242956	sum(abs(pFBA_flux)/10*directional_reaction_dg)
b9af386ed09eabfa	co2	CO₂	19	-26.149880613315613	7	False	True	True	22	-10.076394077742435	-9.883792922936358	-15.588739908832522	-87.96683596724279	87.96683596724279	sum(abs(pFBA_flux)/10*directional_reaction_dg)
ffa48957c0564023	co2	CO₂	13	16.75952926093314	3	False	True	False	15	-0.9110731422445736	-12.591682545668691	-12.591680834184935	-92.46091199409693	92.46091199409693	sum(abs(pFBA_flux)/10*directional_reaction_dg)
5d3292313c06b3f2	co2	CO₂	19	7.089479267547566	2	True	False	False	20	-4.339032672283368	-17.94869612205615	-17.948696122056152	-76.42374755369704	76.42374755369704	sum(abs(pFBA_flux)/10*directional_reaction_dg)
39789855f41e2b1f	co2	CO₂	20	8.733973851866656	3	False	True	False	21	-4.382551247715696	-20.782890709012253	-20.782888997528502	-74.02376996375465	74.02376996375465	sum(abs(pFBA_flux)/10*directional_reaction_dg)
8dae7479cd73dd5e	co2	CO₂	17	-27.63420909581113	7	False	True	True	19	11.94068538506002	12.122775174339447	17.827720448751887	5.9516401272573605	-5.9516401272573605	sum(abs(pFBA_flux)/10*directional_reaction_dg)
6a9947dfbf95dce9	co2	CO₂	20	11.595330382670216	4	False	True	False	20	-10.119841116487038	-10.78990761394325	-16.494852888355666	-103.15992267630476	103.15992267630476	sum(abs(pFBA_flux)/10*directional_reaction_dg)
30b3ee8e76543963	co2	CO₂	12	20.65160641300474	3	False	True	False	13	-13.417246335762655	-23.952288548080226	-29.657233822492643	-119.81434327556785	119.81434327556785	sum(abs(pFBA_flux)/10*directional_reaction_dg)
8990e2be323dd3fa	co2	CO₂	19	6.767653856717818	3	False	True	False	20	-13.417246335762092	-28.2385163760094	-33.943461650421824	-118.79588576980106	118.79588576980106	sum(abs(pFBA_flux)/10*directional_reaction_dg)
8b47d87691836ec9	co2	CO₂	19	-26.149888857797954	7	False	True	True	22	-29.67576195180814	-29.430568860426185	-40.840459409251054	-83.97986725838166	83.97986725838166	sum(abs(pFBA_flux)/10*directional_reaction_dg)
083d66f0259e4e07	co2	CO₂	19	22.556237277687075	4	False	True	False	20	-38.79749395560302	-48.80602277826151	-65.92085860149876	-196.49737666169935	196.49737666169935	sum(abs(pFBA_flux)/10*directional_reaction_dg)
420a9f978a8c131f	co2	CO₂	15	12.792119782440675	3	False	True	False	16	-13.460764676077662	-17.230472480544222	-22.935417754956646	-103.5229157573526	103.5229157573526	sum(abs(pFBA_flux)/10*directional_reaction_dg)
9c0bcc4f8d2b8aff	co2	CO₂	20	7.144732353140847	1	True	False	False	21	-25.966938579778482	-39.913140216038165	-51.323030764863	-141.32383539891418	141.32383539891418	sum(abs(pFBA_flux)/10*directional_reaction_dg)
3821b039cefd199b	co2	CO₂	20	12.331864551024879	3	False	True	False	21	-31.70422868366714	-32.086274228700916	-49.20111005193819	-156.85579597073664	156.85579597073664	sum(abs(pFBA_flux)/10*directional_reaction_dg)
ab1d5af87783ad95	co2	CO₂	15	13.681538582598636	3	False	True	False	16	-22.538978339556905	-25.834238878358065	-37.24412942718291	-146.90805325593809	146.90805325593809	sum(abs(pFBA_flux)/10*directional_reaction_dg)
5305c8b92b85bc33	co2	CO₂	15	16.49636419557767	3	False	True	False	17	-22.538978339557517	-32.92850435766247	-44.338394906487316	-149.51328934702076	149.51328934702076	sum(abs(pFBA_flux)/10*directional_reaction_dg)
c2c762acabcdb053	co2	CO₂	20	-26.149881287449585	6	False	True	True	23	-22.538978339557175	-22.350392112542735	-33.760282661367604	-61.71043268644141	61.71043268644141	sum(abs(pFBA_flux)/10*directional_reaction_dg)
ae63dff6c301bc43	co2	CO₂	20	8.509004464318375	3	False	True	False	21	-31.660710343352363	-31.543850140613724	-48.658685963851006	-149.92824481395473	149.92824481395473	sum(abs(pFBA_flux)/10*directional_reaction_dg)
f4ee370b07927e82	co2	CO₂	15	9.957597557166439	3	False	True	False	16	-22.538978339557612	-22.562326431519455	-33.97221698034431	-127.8093082594023	127.8093082594023	sum(abs(pFBA_flux)/10*directional_reaction_dg)
f7935320b090aa24	co2	CO₂	13	22.394688046041242	3	False	True	False	14	-22.582496679872378	-27.990245344541187	-39.40013589336603	-149.43069453060994	149.43069453060994	sum(abs(pFBA_flux)/10*directional_reaction_dg)
e4f50310ea69e25c	co2	CO₂	20	11.393315767964035	3	False	True	False	21	-26.010456920093738	-37.134537717747726	-48.54442826657256	-132.16810625444623	132.16810625444623	sum(abs(pFBA_flux)/10*directional_reaction_dg)
58e15986c062b931	co2	CO₂	20	-25.678287328160685	7	False	True	True	23	-38.79749395560319	-38.551113041994434	-55.665948865231684	-118.5863670897718	118.5863670897718	sum(abs(pFBA_flux)/10*directional_reaction_dg)
8223f56e34343ee1	co2	CO₂	20	23.178583596133414	4	False	True	False	21	-47.91922595939806	-49.49485971384438	-72.3146408114941	-225.03238578318815	225.03238578318815	sum(abs(pFBA_flux)/10*directional_reaction_dg)
9c814e720d97bd82	co2	CO₂	15	27.051508500187673	4	False	True	False	16	-38.7974939556029	-53.59295346608659	-70.70778928932388	-199.35392152902682	199.35392152902682	sum(abs(pFBA_flux)/10*directional_reaction_dg)
c433be0d27b6d93b	co2	CO₂	16	12.919899163115279	4	False	True	False	17	-13.460764676078067	-17.611686532748948	-23.316631807161375	-111.39877611015437	111.39877611015437	sum(abs(pFBA_flux)/10*directional_reaction_dg)
35a2f77fbf40c1c6	co2	CO₂	20	-26.149879959797364	6	False	True	True	23	-22.53897833955709	-22.350392361010343	-33.76028290983519	-98.95464815579383	98.95464815579383	sum(abs(pFBA_flux)/10*directional_reaction_dg)
80f3d581c178cdec	co2	CO₂	20	8.509004610468924	3	False	True	False	21	-31.660710343352306	-31.543821045354676	-48.658656868591954	-164.36855873085548	164.36855873085548	sum(abs(pFBA_flux)/10*directional_reaction_dg)
7d903a5a1f4cfc70	co2	CO₂	15	9.957597643600085	3	False	True	False	16	-22.538978339557385	-22.56242969569172	-33.97232024451658	-140.49229893468674	140.49229893468674	sum(abs(pFBA_flux)/10*directional_reaction_dg)
abe285ff872a388e	co2	CO₂	14	28.660710335156324	4	False	True	False	15	-29.675761951808482	-44.7546824283766	-56.16457297720144	-166.0809426851545	166.0809426851545	sum(abs(pFBA_flux)/10*directional_reaction_dg)
dcea488ff1295a37	co2	CO₂	20	8.841611454035482	3	False	True	False	21	-9.73073193686377	-25.53134943708959	-31.236294711502012	-111.08384202115786	111.08384202115786	sum(abs(pFBA_flux)/10*directional_reaction_dg)
0e7b4975cb74dd76	co2	CO₂	15	-28.15522283555332	4	False	True	True	18	-9.730731936863641	-9.567943407759996	-15.272888682172416	-16.97948515225952	16.97948515225952	sum(abs(pFBA_flux)/10*directional_reaction_dg)
618b10de6a31c884	co2	CO₂	15	19.74397538310605	5	False	True	False	16	-10.076321982998252	-18.266394061951175	-23.971339336363602	-119.91394995944037	119.91394995944037	sum(abs(pFBA_flux)/10*directional_reaction_dg)
cac1c6ea2976e32a	co2	CO₂	20	-25.678289479162505	8	False	True	True	23	-26.334838392217733	-26.084430097224836	-37.49432064604969	-68.93442037437569	68.93442037437569	sum(abs(pFBA_flux)/10*directional_reaction_dg)
65afe868f6139156	co2	CO₂	20	6.723772552768049	4	False	True	False	22	-1249.5729979474647	-1261.876962373041	-1267.5819059359699	-1337.3041026734106	1337.3041026734106	sum(abs(pFBA_flux)/10*directional_reaction_dg)
5980965fe419a7ed	co2	CO₂	19	15.40093909877632	3	False	True	False	21	-10.119841116487162	-17.346455521893773	-23.0514007963062	-120.03547043102736	120.03547043102736	sum(abs(pFBA_flux)/10*directional_reaction_dg)
b6c9e18b4866c1ad	co2	CO₂	19	15.836879307088868	4	False	True	False	21	-19.19805477996678	-24.91572485348851	-36.32561540231336	-144.19410403483803	144.19410403483803	sum(abs(pFBA_flux)/10*directional_reaction_dg)
f9a7ce21ca0ba7e0	co2	CO₂	18	15.269210974860494	5	False	True	False	20	-19.198054779966572	-27.28911666381452	-38.69900721263937	-150.57754624630766	150.57754624630766	sum(abs(pFBA_flux)/10*directional_reaction_dg)
102a55f1d04aa2cb	co2	CO₂	19	12.260830241975242	6	False	True	False	20	-19.19805477996627	-19.56152981925267	-30.971420368077535	-138.0977169438344	138.0977169438344	sum(abs(pFBA_flux)/10*directional_reaction_dg)
99fcaa5a76ae8d50	co2	CO₂	16	21.073742240065506	5	False	True	False	17	-19.24157232710823	-21.865715072043603	-33.275605620868454	-150.51957528237062	150.51957528237062	sum(abs(pFBA_flux)/10*directional_reaction_dg)
c66ba2cd2b57b05e	co2	CO₂	20	22.114995011044858	7	False	True	False	21	-35.4565703960121	-36.12137169694111	-53.23620752017839	-186.55490217861237	186.55490217861237	sum(abs(pFBA_flux)/10*directional_reaction_dg)
1021d256a3026257	co2	CO₂	18	15.274536536264554	5	False	True	False	20	-19.241573120281714	-27.203877490857355	-38.61376803968221	-154.33793310645908	154.33793310645908	sum(abs(pFBA_flux)/10*directional_reaction_dg)
e2e8e4e242b69626	co2	CO₂	19	12.26083024679084	6	False	True	False	20	-19.198054779966043	-19.56153090803651	-30.97142145686137	-138.57695782347065	138.57695782347065	sum(abs(pFBA_flux)/10*directional_reaction_dg)
d6245b6c7dd0512c	co2	CO₂	19	21.509191056960102	7	False	True	False	20	-26.291320051902147	-33.16757701700317	-44.57746756582801	-162.59403002214654	162.59403002214654	sum(abs(pFBA_flux)/10*directional_reaction_dg)
ccf0120831778115	co2	CO₂	14	16.97537659580825	4	False	True	False	16	-10.07632277617164	-21.48332509375392	-27.188270368166343	-115.41378336040876	115.41378336040876	sum(abs(pFBA_flux)/10*directional_reaction_dg)
70aeff55f67bb2fd	co2	CO₂	19	7.441745941271289	2	True	False	False	20	-0.6960366843381176	-14.831271089849016	-14.83126937836526	-78.47657400363336	78.47657400363336	sum(abs(pFBA_flux)/10*directional_reaction_dg)
31388ac1e7fb986c	co2	CO₂	15	-28.155239718151222	7	False	True	True	18	2.7319167006349687	2.89835385849112	2.89835385849112	-9.201212522114536	9.201212522114536	sum(abs(pFBA_flux)/10*directional_reaction_dg)
837bb8ff8c6573ba	co2	CO₂	16	15.536352587468489	4	False	True	False	17	-6.389808377272823	-8.106364050865508	-13.811309325277936	-109.92131840327677	109.92131840327677	sum(abs(pFBA_flux)/10*directional_reaction_dg)
d7425cc1ead864a7	co2	CO₂	20	-25.678281345562002	7	False	True	True	23	-6.389799135913648	-6.2093703262803075	-11.914313889208998	-35.43721563964566	35.43721563964566	sum(abs(pFBA_flux)/10*directional_reaction_dg)
562297c2688c943a	co2	CO₂	16	15.457392688003806	6	False	True	False	17	-10.076393307329795	-23.886934590000287	-29.591879864412718	-122.37796407292092	122.37796407292092	sum(abs(pFBA_flux)/10*directional_reaction_dg)
f4f7e8ece32c9ca2	co2	CO₂	19	-26.149889027696865	8	False	True	True	22	-26.291320051902147	-26.04063053556827	-37.4505210843931	-81.66861269048808	81.66861269048808	sum(abs(pFBA_flux)/10*directional_reaction_dg)
752d0ea28ee0dd36	co2	CO₂	20	8.420396828875791	8	False	True	False	22	-26.334838392217563	-41.104410020055155	-52.514300568880024	-159.15687376563397	159.15687376563397	sum(abs(pFBA_flux)/10*directional_reaction_dg)
6e1f1c99c313fd08	co2	CO₂	19	6.704885975418444	4	False	True	False	21	-1249.6599588857084	-1262.377547728792	-1268.0824947146882	-1347.7566262823225	1347.7566262823225	sum(abs(pFBA_flux)/10*directional_reaction_dg)
f9496bac7ab9fd6c	co2	CO₂	20	15.266691617376335	4	False	True	False	22	-10.11984111648713	-19.461981062296168	-25.16692633670859	-122.1509957676997	122.1509957676997	sum(abs(pFBA_flux)/10*directional_reaction_dg)
bf83ee00a6f5f8f9	co2	CO₂	18	15.811698910577842	4	False	True	False	20	-19.241573120281906	-24.797991032798716	-36.20788158162358	-142.92864180956323	142.92864180956323	sum(abs(pFBA_flux)/10*directional_reaction_dg)
bc3f143b54e6232b	co2	CO₂	19	-26.149881326037466	9	False	True	True	22	2.6884145275661755	2.8640721633176094	2.864073874801343	-5.001770625027406	5.001770625027406	sum(abs(pFBA_flux)/10*directional_reaction_dg)
5d6b32799264ca9a	co2	CO₂	17	17.257804058341197	6	False	True	False	18	-19.241643651440228	-28.29379959452424	-39.70369014334911	-155.5815160286641	155.5815160286641	sum(abs(pFBA_flux)/10*directional_reaction_dg)
3bd5f15ea3fc8d3a	co2	CO₂	20	-25.678287501901245	8	False	True	True	23	-35.5000887363274	-35.25781283928492	-52.37264866252218	-111.8113571170259	111.8113571170259	sum(abs(pFBA_flux)/10*directional_reaction_dg)
b4bc493054832662	co2	CO₂	19	22.04735320176398	7	False	True	False	20	-35.456570396012495	-36.083000564956436	-53.197836388193714	-185.58246673733427	185.58246673733427	sum(abs(pFBA_flux)/10*directional_reaction_dg)
f9d20f3e7b9ec0af	co2	CO₂	19	14.644757960084767	6	False	True	False	21	-19.285091460597112	-30.93219192619156	-42.34208247501641	-159.10307774009027	159.10307774009027	sum(abs(pFBA_flux)/10*directional_reaction_dg)
2461b624e9daa696	co2	CO₂	20	-26.632510111279117	7	False	True	True	23	-19.28516251047854	-19.108664421221974	-30.518554970046818	-66.26167072728276	66.26167072728276	sum(abs(pFBA_flux)/10*directional_reaction_dg)
76c02215788e191b	co2	CO₂	19	7.400835520997579	7	False	True	False	23	-19.241644170163454	-28.67015135290464	-40.08004190172953	-145.79248390196966	145.79248390196966	sum(abs(pFBA_flux)/10*directional_reaction_dg)
bf4f360ca416c416	co2	CO₂	19	8.360277248127927	6	False	True	False	20	-19.241644170163372	-18.997755329369117	-30.40764587819397	-126.03104205289299	126.03104205289299	sum(abs(pFBA_flux)/10*directional_reaction_dg)
924bf6c39aa6d537	co2	CO₂	18	21.435745538355178	7	False	True	False	19	-26.334838392217392	-32.953446585980686	-44.36333713480553	-162.70809111158425	162.70809111158425	sum(abs(pFBA_flux)/10*directional_reaction_dg)
8f48709e83ce09fc	co2	CO₂	13	16.935067207143028	4	False	True	False	15	-10.076322776171441	-21.230262333313625	-26.935207607726056	-115.00039513733576	115.00039513733576	sum(abs(pFBA_flux)/10*directional_reaction_dg)
ed7a5a505c0049e8	co2	CO₂	19	7.089477443235248	3	False	True	False	20	-13.504276745535563	-27.110493438454625	-32.8154370013833	-109.51687040391931	109.51687040391931	sum(abs(pFBA_flux)/10*directional_reaction_dg)
65b9208b158e4cdc	co2	CO₂	20	7.245855378942786	4	False	True	False	21	-13.504276745535513	-17.726480325767803	-23.431423888696475	-101.01962866093169	101.01962866093169	sum(abs(pFBA_flux)/10*directional_reaction_dg)
be12b22f069b0384	co2	CO₂	14	-28.691265663842803	7	False	True	True	17	2.6884052862071117	2.8468084688429833	2.846808468842962	-4.5954852422086025	4.5954852422086025	sum(abs(pFBA_flux)/10*directional_reaction_dg)
1d36ac431afd9101	co2	CO₂	15	15.464926271107746	4	False	True	False	16	-6.389808377272681	-8.038654671437422	-13.743599945849848	-111.04414361394107	111.04414361394107	sum(abs(pFBA_flux)/10*directional_reaction_dg)
73be6d04a67c984e	co2	CO₂	18	21.758568657321796	6	False	True	False	18	-26.29131286462612	-32.99613588881145	-44.4060264376363	-162.98633343001063	162.98633343001063	sum(abs(pFBA_flux)/10*directional_reaction_dg)
b43d8dbd856ed90d	co2	CO₂	20	5.582624660360077	2	True	False	False	20	-1236.8082649187902	-1251.4660003008755	-1251.4660003008755	-1309.528967938446	1309.528967938446	sum(abs(pFBA_flux)/10*directional_reaction_dg)
a0f40119cbc29c03	co2	CO₂	18	16.326494343984034	4	False	True	False	18	-10.163354919909802	-14.919629719446476	-20.624574993858896	-117.60863623938035	117.60863623938035	sum(abs(pFBA_flux)/10*directional_reaction_dg)
4e74d0151713b078	co2	CO₂	15	16.644501304353053	3	False	True	False	15	-6.433326717588081	-8.96169010509874	-14.666635379511169	-112.1266804810578	112.1266804810578	sum(abs(pFBA_flux)/10*directional_reaction_dg)
ea0a104112197039	co2	CO₂	17	17.257804058554708	6	False	True	False	18	-19.24164365144	-28.293805056988646	-39.70369560581351	-157.0975049900436	157.0975049900436	sum(abs(pFBA_flux)/10*directional_reaction_dg)
272b9e57ae98fa8d	co2	CO₂	20	-25.678287365651293	8	False	True	True	23	-35.45663484206176	-35.209448117405096	-52.324282229158605	-119.93198047138367	119.93198047138367	sum(abs(pFBA_flux)/10*directional_reaction_dg)
ac761ec5cdc0944f	co2	CO₂	19	22.055091037898034	7	False	True	False	20	-35.45657039601204	-36.024285162378156	-53.13912098561544	-186.33753420253618	186.33753420253618	sum(abs(pFBA_flux)/10*directional_reaction_dg)
bd5c78e22e467bfc	co2	CO₂	10	19.966117014047583	3	False	True	False	10	2.6884052862069816	-9.286053127830032	-9.286053127830034	-92.13954092481612	92.13954092481612	sum(abs(pFBA_flux)/10*directional_reaction_dg)
f093b457f3eb884e	co2	CO₂	17	10.35544985481371	3	False	True	False	17	-0.7395563493830513	-14.315307668050288	-14.315307668050291	-86.198365952909	86.198365952909	sum(abs(pFBA_flux)/10*directional_reaction_dg)
3defce90174f49df	co2	CO₂	18	21.96893752237752	7	False	True	False	18	-26.33483839221745	-33.29347765321503	-44.70336820203987	-164.2627718747581	164.2627718747581	sum(abs(pFBA_flux)/10*directional_reaction_dg)
d6755c8594233f75	co2	CO₂	16	15.457392688274508	6	False	True	False	17	-10.076393307329994	-23.88693442451808	-29.591879698930498	-122.38481024524683	122.38481024524683	sum(abs(pFBA_flux)/10*directional_reaction_dg)
3f285d5a7a22f50d	co2	CO₂	19	-26.149888892716497	8	False	True	True	22	-26.291320051902318	-26.04063058596767	-37.450521134792496	-85.29693171108327	85.29693171108327	sum(abs(pFBA_flux)/10*directional_reaction_dg)
709759d451ddcbe8	co2	CO₂	18	21.43574554354162	7	False	True	False	19	-26.334838392217392	-32.95345509862634	-44.36334564745118	-162.71478580881052	162.71478580881052	sum(abs(pFBA_flux)/10*directional_reaction_dg)
60ea2f58d3582e35	co2	CO₂	13	16.935067271872796	4	False	True	False	15	-10.076322776171384	-21.230262651391534	-26.93520792580396	-115.02454255586467	115.02454255586467	sum(abs(pFBA_flux)/10*directional_reaction_dg)
8b02d0d222e4a1ba	co2	CO₂	19	7.089477563178312	3	False	True	False	20	-13.504276745535279	-27.11049508889804	-32.815438651826724	-120.07091667597453	120.07091667597453	sum(abs(pFBA_flux)/10*directional_reaction_dg)
1a02412220642e7f	co2	CO₂	20	7.245855411495167	4	False	True	False	21	-13.504276745535229	-17.726480345291083	-23.431423908219756	-108.15411630188977	108.15411630188977	sum(abs(pFBA_flux)/10*directional_reaction_dg)
1e06b1461a7efc03	co2	CO₂	14	-28.691264169532094	7	False	True	True	17	2.688401829055586	2.8468050905924063	2.846805090592399	-32.40281971935605	32.40281971935605	sum(abs(pFBA_flux)/10*directional_reaction_dg)
b15d478332fd2e0f	co2	CO₂	15	15.464926386479322	4	False	True	False	16	-6.3898083772725105	-8.03862476059333	-13.743570035005751	-111.00991516236905	111.00991516236905	sum(abs(pFBA_flux)/10*directional_reaction_dg)
5a966c2df3810dda	co2	CO₂	19	6.704886009913827	4	False	True	False	21	-1249.6164405584484	-1263.0286837993579	-1268.733630785254	-1356.0183397463168	1356.0183397463168	sum(abs(pFBA_flux)/10*directional_reaction_dg)
92f23a11c7649932	co2	CO₂	20	15.45381626838585	4	False	True	False	22	-10.119841116487073	-17.541504679976097	-23.246449954388524	-120.23051941770574	120.23051941770574	sum(abs(pFBA_flux)/10*directional_reaction_dg)
bdd931e7d00036ad	co2	CO₂	18	15.811698915921243	4	False	True	False	20	-19.198054779966665	-24.83880958316217	-36.24870013198702	-144.30719460943286	144.30719460943286	sum(abs(pFBA_flux)/10*directional_reaction_dg)
71b2a431798a3bc2	co2	CO₂	19	-26.149879979019783	7	False	True	True	22	-6.38980837727253	-6.2126095766884895	-11.917554851100913	-68.58285320452836	68.58285320452836	sum(abs(pFBA_flux)/10*directional_reaction_dg)
f16daebda38cc709	co2	CO₂	9	19.812280218954427	3	False	True	False	9	11.853655630316968	0.3044171276235277	6.009362402035952	-60.15284208250209	60.15284208250209	sum(abs(pFBA_flux)/10*directional_reaction_dg)
391c8cca413e8da6	co2	CO₂	16	9.669907371022346	3	False	True	False	16	8.425691271974165	-4.4328796158697665	1.2720656585426662	-52.511593911836684	52.511593911836684	sum(abs(pFBA_flux)/10*directional_reaction_dg)
c3d0833a75a43a8c	co2	CO₂	17	21.80644568582204	7	False	True	False	17	-17.169588048107443	-26.614093092430863	-32.31903836684329	-136.90970138729816	136.90970138729816	sum(abs(pFBA_flux)/10*directional_reaction_dg)
5dba06582da82b86	co2	CO₂	20	18.963737492898	5	False	True	False	21	-26.378356732532545	-32.600617747919856	-44.010508296744696	-165.48542150337596	165.48542150337596	sum(abs(pFBA_flux)/10*directional_reaction_dg)
53a764478f20109d	co2	CO₂	12	8.893487542937686	5	False	True	False	13	11.853655630316972	0.5613455555525242	6.266290829964953	-50.34716073654106	50.34716073654106	sum(abs(pFBA_flux)/10*directional_reaction_dg)
2762152fb6fb3bec	co2	CO₂	19	5.5342023487501555	2	True	False	False	19	-1227.6430145746801	-1237.7311277719248	-1232.0261824975123	-1276.5362164523538	1276.5362164523538	sum(abs(pFBA_flux)/10*directional_reaction_dg)
42153955d71e338c	co2	CO₂	20	10.923424054448615	3	False	True	False	20	-1227.5994962474203	-1243.1626354691198	-1237.4576901947075	-1300.994523079857	1300.994523079857	sum(abs(pFBA_flux)/10*directional_reaction_dg)
9fec2ef0c7b7532f	co2	CO₂	17	15.447010657641185	4	False	True	False	17	-0.9981045757998235	-8.983988650173131	-8.983988650173117	-88.78202230119948	88.78202230119948	sum(abs(pFBA_flux)/10*directional_reaction_dg)
ed997ed53b95af68	co2	CO₂	13	7.926636554333138	4	False	True	False	14	11.810137290001721	0.05883418463663759	5.763779459049063	-52.72861337061735	52.72861337061735	sum(abs(pFBA_flux)/10*directional_reaction_dg)
28c3a5928cbeb6b2	co2	CO₂	20	8.417323427377404	8	False	True	False	21	-17.1695799727178	-32.22754922474306	-37.932491076187986	-129.7942069767504	129.7942069767504	sum(abs(pFBA_flux)/10*directional_reaction_dg)
3178e634e336fcf6	co2	CO₂	20	18.40400853742152	4	False	True	False	21	-19.28507557913299	-27.117149461652748	-38.527034876026335	-152.92832408836688	152.92832408836688	sum(abs(pFBA_flux)/10*directional_reaction_dg)
35b6a7941b7e74ee	co2	CO₂	18	-27.126964695750463	4	False	True	True	20	6.258693148594048	6.403080827707148	12.108026102119585	25.520017448967636	-25.520017448967636	sum(abs(pFBA_flux)/10*directional_reaction_dg)
7ae4ac10e752a287	co2	CO₂	17	10.107876101547355	1	True	False	False	17	-28.34897663964264	-28.68379838588077	-40.093688934705625	-135.2138369014676	135.2138369014676	sum(abs(pFBA_flux)/10*directional_reaction_dg)
fea149486ddd1558	co2	CO₂	20	-26.149882760212275	6	False	True	True	22	-10.105512632053504	-9.913703849962019	-9.913703849962038	1.910034702713165	-1.910034702713165	sum(abs(pFBA_flux)/10*directional_reaction_dg)
a1c4679604957aa2	co2	CO₂	17	12.229431383172868	0	True	False	False	17	-65.05349635639777	-64.86220402005517	-99.09187566652972	-210.58694019278653	210.58694019278653	sum(abs(pFBA_flux)/10*directional_reaction_dg)
973c34706f88c934	co2	CO₂	19	7.811954366084419	5	False	True	False	20	-37.514226983752586	-36.75416789243637	-53.869003715673664	-144.84344245747582	144.84344245747582	sum(abs(pFBA_flux)/10*directional_reaction_dg)
52099e32c3d2c68e	co2	CO₂	20	4.648847114607369	4	False	True	False	21	-37.60126366438289	-36.98133288708787	-54.09616871032516	-121.18764845447218	121.18764845447218	sum(abs(pFBA_flux)/10*directional_reaction_dg)
5a56c899c8bf825d	co2	CO₂	17	10.107876100764718	2	True	False	False	17	-28.34897663964259	-28.683614639610894	-40.09350518843575	-132.4302966906549	132.4302966906549	sum(abs(pFBA_flux)/10*directional_reaction_dg)
b02de8ad412bf8b4	co2	CO₂	19	15.637487611091649	5	False	True	False	19	-10.14902184291197	-24.541772403664847	-24.541772403664847	-89.2946951925697	89.2946951925697	sum(abs(pFBA_flux)/10*directional_reaction_dg)
ea2ca80a0ad4a568	co2	CO₂	19	10.157562521200484	1	True	False	False	19	-42.03157601359492	-42.47748045313907	-62.44478976932442	-191.616789490396	191.616789490396	sum(abs(pFBA_flux)/10*directional_reaction_dg)
ab57e115be618e1b	co2	CO₂	19	10.157565668171225	2	True	False	False	19	-42.031576013595156	-42.4750686776786	-62.44237799386397	-187.6805015810143	187.6805015810143	sum(abs(pFBA_flux)/10*directional_reaction_dg)
7d8fe7d11f1231d6	co2	CO₂	20	17.292829652041313	5	False	True	False	20	-23.896977684759634	-33.4905904996264	-42.04801097847066	-132.87303389314476	132.87303389314476	sum(abs(pFBA_flux)/10*directional_reaction_dg)
90182a539e7134ec	co2	CO₂	20	8.50900455958756	4	False	True	False	21	-17.427502487216202	-17.236175933078783	-22.941119496007467	-94.26047597135586	94.26047597135586	sum(abs(pFBA_flux)/10*directional_reaction_dg)
e23faa1912a48f85	co2	CO₂	18	-27.126964688638942	5	False	True	True	20	6.323970665594699	6.475237603627329	12.180182878039746	24.78988953315645	-24.78988953315645	sum(abs(pFBA_flux)/10*directional_reaction_dg)
677f00a4b6f77a5d	co2	CO₂	20	10.157565665586477	2	True	False	False	20	-28.348976639642718	-28.698729313664224	-40.108619862489086	-134.96155227129503	134.96155227129503	sum(abs(pFBA_flux)/10*directional_reaction_dg)
471b30cc75f44fc9	co2	CO₂	17	9.57878996648025	1	True	False	False	19	-1258.0119713281945	-1263.04261985872	-1257.3376745843073	-1302.7016279114955	1302.7016279114955	sum(abs(pFBA_flux)/10*directional_reaction_dg)
50a3a6584bab5014	co2	CO₂	20	-6.610961863889433	4	False	True	True	23	-1236.8809679212259	-1241.6292789858558	-1235.9243337114433	-1255.7324585377407	1255.7324585377407	sum(abs(pFBA_flux)/10*directional_reaction_dg)
b7106d5ab3293208	co2	CO₂	18	11.409891688754117	0	True	False	False	19	-47.17065134154098	-572.5947636033612	-578.2997088777736	-609.4563067814998	609.4563067814998	sum(abs(pFBA_flux)/10*directional_reaction_dg)
678e2783f91011fd	co2	CO₂	17	2.8205510692732965	2	True	False	False	20	-13.533472872274478	-21.49890529787014	-21.498905297870145	-69.61935278805053	69.61935278805053	sum(abs(pFBA_flux)/10*directional_reaction_dg)
1113e1fdc44b6c4e	co2	CO₂	18	9.643930329333111	0	True	False	False	21	-56.29238334533545	-69.02130870653828	-80.43119925536311	-134.54075080575268	134.54075080575268	sum(abs(pFBA_flux)/10*directional_reaction_dg)
da8012446ea9bb7e	co2	CO₂	20	9.705468621288002	2	True	False	False	23	-56.292380701923925	-66.99361584805413	-78.403506396879	-147.77936405644388	147.77936405644388	sum(abs(pFBA_flux)/10*directional_reaction_dg)
3277bfbb962bd15a	co2	CO₂	19	9.675111999001285	1	True	False	False	22	-56.29238070192384	-67.31454280108534	-78.72443334991019	-152.3136782090035	152.3136782090035	sum(abs(pFBA_flux)/10*directional_reaction_dg)
1236a5bc225aff26	co2	CO₂	17	10.645569754855718	1	True	False	False	20	-30.977956783333376	-49.744165126836776	-49.74416341535303	-107.47618960382867	107.47618960382867	sum(abs(pFBA_flux)/10*directional_reaction_dg)
6c2c91cdfe6de0d0	co2	CO₂	18	9.64392924910706	3	False	True	False	21	-43.87315901364178	-56.71952264450875	-62.42446620743743	-125.10656069470764	125.10656069470764	sum(abs(pFBA_flux)/10*directional_reaction_dg)
f9a3c2a163985a47	co2	CO₂	18	9.611850102165748	1	True	False	False	20	-1267.1772216723045	-1269.0790380257404	-1269.0790380257404	-1321.5228744837511	1321.5228744837511	sum(abs(pFBA_flux)/10*directional_reaction_dg)
161628ff55d26fe7	co2	CO₂	20	10.714677349675192	2	True	False	False	22	-47.279996995302255	-61.62255227725194	-67.32749755166435	-138.57890059092756	138.57890059092756	sum(abs(pFBA_flux)/10*directional_reaction_dg)
d9b2e107adbaacf1	co2	CO₂	17	9.611849011068983	2	True	False	False	20	-43.82971517179034	-58.247939975787716	-63.952883538716385	-127.56188766592	127.56188766592	sum(abs(pFBA_flux)/10*directional_reaction_dg)
28e4771896d6f782	co2	CO₂	20	8.194937165343914	1	True	False	False	22	-21.85623103514631	-41.763758387366124	-36.05881311295369	-83.72092633346173	83.72092633346173	sum(abs(pFBA_flux)/10*directional_reaction_dg)
d4aace9074bc3b47	co2	CO₂	14	-29.24366682801615	5	False	True	True	16	-10.105359356143197	-9.936605149187848	-9.936606860671603	-26.684715315820803	26.684715315820803	sum(abs(pFBA_flux)/10*directional_reaction_dg)
0c6d0d96e4c8701b	co2	CO₂	18	8.086808947259925	2	True	False	False	20	-1249.6021864966049	-1272.0732428331269	-1272.0732428331266	-1332.6869827194373	1332.6869827194373	sum(abs(pFBA_flux)/10*directional_reaction_dg)
47d32c942faaa837	co2	CO₂	18	-26.632495642915636	3	False	True	True	21	-10.149030972368504	-9.965475015107454	-9.965475015107463	5.597683201642548	-5.597683201642548	sum(abs(pFBA_flux)/10*directional_reaction_dg)
6841846e5c2dc135	co2	CO₂	17	16.739134165556955	2	True	False	False	19	-19.270762976163265	-28.25961958658987	-33.96456486100231	-119.3600885341482	119.3600885341482	sum(abs(pFBA_flux)/10*directional_reaction_dg)
bcf38c9d41318f0e	co2	CO₂	13	17.371462825939272	1	True	False	False	15	-22.61168653575404	-28.742233284509133	-34.44717855892156	-114.45161125994449	114.45161125994449	sum(abs(pFBA_flux)/10*directional_reaction_dg)
bc55765b4512fcdf	co2	CO₂	19	7.089479300181405	0	True	False	False	20	-26.03964677597564	-39.6379477369513	-45.34289301136372	-103.3202176616877	103.3202176616877	sum(abs(pFBA_flux)/10*directional_reaction_dg)
cbd7d9ac2f4dffdd	co2	CO₂	20	7.2458563844600405	1	True	False	False	21	-26.03964677597564	-30.41713662810313	-36.12208190251556	-91.66338708648084	91.66338708648084	sum(abs(pFBA_flux)/10*directional_reaction_dg)
81efc1e379bc34fd	co2	CO₂	20	-25.678281037516424	5	False	True	True	23	-22.655204876069398	-22.473628574339354	-28.178573848751768	-27.36084728113079	27.36084728113079	sum(abs(pFBA_flux)/10*directional_reaction_dg)
7bbcdb7d8e20cdb3	co2	CO₂	19	13.274416451857272	2	True	False	False	20	-31.733418539548865	-32.32277520782448	-43.73266575664932	-136.15931773213867	136.15931773213867	sum(abs(pFBA_flux)/10*directional_reaction_dg)
254815a84605eebc	co2	CO₂	14	15.138268557204269	2	True	False	False	15	-22.611686535754046	-27.571026307422127	-33.27597158183454	-115.46643109068303	115.46643109068303	sum(abs(pFBA_flux)/10*directional_reaction_dg)
e35ba17e4f6a3b69	co2	CO₂	18	-26.149882763250098	5	False	True	True	22	-19.227238159527882	-19.038652150176073	-24.74359742458851	-25.176539556795376	25.176539556795376	sum(abs(pFBA_flux)/10*directional_reaction_dg)
1aee76aaed04e034	co2	CO₂	19	-26.14988276084668	6	False	True	True	22	-19.270764948028358	-19.08694270339965	-24.791889689295843	-51.57733803180992	51.57733803180992	sum(abs(pFBA_flux)/10*directional_reaction_dg)
90feedd97757f7a9	co2	CO₂	18	-26.14988126986777	6	False	True	True	22	-19.227244635847942	-19.03866591863102	-24.743611193043456	-34.70836759083289	34.70836759083289	sum(abs(pFBA_flux)/10*directional_reaction_dg)
6956056dddf8bd33	co2	CO₂	19	-26.149881298595723	7	False	True	True	22	-19.27076297616324	-19.086937806369605	-24.791883080782043	-65.97010442168104	65.97010442168104	sum(abs(pFBA_flux)/10*directional_reaction_dg)
9f3ccbd6c5c0e6c4	co2	CO₂	15	-28.691264862871215	5	False	True	True	17	-19.270764948028415	-19.104999170660797	-24.80994615655696	-59.02849003004427	59.02849003004427	sum(abs(pFBA_flux)/10*directional_reaction_dg)
72b33621e5d49ab5	co2	CO₂	17	-26.63250875807748	5	False	True	True	21	-19.227244635848034	-19.042176348029727	-24.747121622442144	-51.792585419034296	51.792585419034296	sum(abs(pFBA_flux)/10*directional_reaction_dg)
637c79a9c120f272	co2	CO₂	20	-25.678281012056967	6	False	True	True	23	-19.227303466670598	-19.0352214524859	-24.740168438382074	-34.39930243127344	34.39930243127344	sum(abs(pFBA_flux)/10*directional_reaction_dg)
a4cb27dfa9acf784	co2	CO₂	18	-26.632509433420463	6	False	True	True	21	-19.27083427773374	-19.09038135750709	-24.795328343403284	-80.48588674213704	80.48588674213704	sum(abs(pFBA_flux)/10*directional_reaction_dg)
b250c8aa3869f9c1	co2	CO₂	20	-26.149891035420787	7	False	True	True	22	-26.364032051526237	-26.118838889832006	-31.823784164244422	-41.833670426637006	41.833670426637006	sum(abs(pFBA_flux)/10*directional_reaction_dg)
4d7114d94cb6da39	co2	CO₂	12	17.018223621643934	2	True	False	False	13	-10.149030972368168	-17.317992683319208	-17.317992683319204	-83.53724625441265	83.53724625441265	sum(abs(pFBA_flux)/10*directional_reaction_dg)
dba4336499b2f0f6	co2	CO₂	18	7.032198328093594	1	True	False	False	19	-13.576988844558967	-26.822478516422663	-26.822478516422667	-66.57597444204971	66.57597444204971	sum(abs(pFBA_flux)/10*directional_reaction_dg)
a4cb124e300d04d7	co2	CO₂	19	7.780265370306622	2	True	False	False	20	-13.576991212589773	-27.225636223648106	-27.225636223648106	-75.79859591284672	75.79859591284672	sum(abs(pFBA_flux)/10*directional_reaction_dg)
e2582fd3e6bde597	co2	CO₂	16	-28.155239696597864	6	False	True	True	18	2.7026555358850635	2.8684817203385693	8.573426994750994	18.250852584431417	-18.250852584431417	sum(abs(pFBA_flux)/10*directional_reaction_dg)
2c49b88420dd6aeb	co2	CO₂	18	13.212455336499115	3	False	True	False	19	-19.31428131647843	-19.90667782394941	-25.611623098361825	-106.26826355174757	106.26826355174757	sum(abs(pFBA_flux)/10*directional_reaction_dg)
931d09ca721a198d	co2	CO₂	11	20.521345402052834	2	True	False	False	12	-22.61168653575399	-32.90266353260282	-38.60760880701524	-114.5064309774087	114.5064309774087	sum(abs(pFBA_flux)/10*directional_reaction_dg)
1800bfc3529b5112	co2	CO₂	18	6.715099667185387	2	True	False	False	19	-22.611686535753453	-37.14689391943233	-42.85183919384473	-108.40582067332262	108.40582067332262	sum(abs(pFBA_flux)/10*directional_reaction_dg)
1bc2750f643f05f6	co2	CO₂	18	-26.63251779885646	6	False	True	True	21	-38.87020215179953	-38.63813950213467	-50.048030050959504	-75.34635357961065	75.34635357961065	sum(abs(pFBA_flux)/10*directional_reaction_dg)
e73b71a2a1284b58	co2	CO₂	18	23.328172398762888	3	False	True	False	19	-47.99193415559429	-57.86403334834924	-74.9788691715865	-193.56023483678695	193.56023483678695	sum(abs(pFBA_flux)/10*directional_reaction_dg)
d1913c1c5cf87c98	co2	CO₂	13	16.409891379861204	1	True	False	False	15	-31.776936879863683	-40.484612855154815	-51.89450340397966	-135.4799057794129	135.4799057794129	sum(abs(pFBA_flux)/10*directional_reaction_dg)
234901bfc4b6c6d4	co2	CO₂	19	7.0894792760763305	0	True	False	False	20	-35.1178604394546	-48.71014736439174	-60.12003791321659	-133.49038669281313	133.49038669281313	sum(abs(pFBA_flux)/10*directional_reaction_dg)
0d0f48587aad0b21	co2	CO₂	20	7.245856388440306	1	True	False	False	21	-35.117860439454525	-39.571217387951705	-50.98110793677655	-116.73808850337258	116.73808850337258	sum(abs(pFBA_flux)/10*directional_reaction_dg)
0a96b225d3f539d8	co2	CO₂	20	-25.678279170543597	5	False	True	True	23	-40.898668883658246	-40.72365563634064	-57.83849145957793	-129.22869815335204	129.22869815335204	sum(abs(pFBA_flux)/10*directional_reaction_dg)
988de0bd93dc750d	co2	CO₂	19	12.260830205559305	2	True	False	False	20	-40.8551505433434	-41.2222146404059	-58.33705046364315	-154.02904031044966	154.02904031044966	sum(abs(pFBA_flux)/10*directional_reaction_dg)
04efaa21720d4152	co2	CO₂	14	13.590979965099892	2	True	False	False	15	-31.776936879863484	-34.95374600100443	-46.36363654982928	-136.64390551967423	136.64390551967423	sum(abs(pFBA_flux)/10*directional_reaction_dg)
4a15254682d3947e	co2	CO₂	15	16.49636419557767	3	False	True	False	17	-31.73341853954888	-42.16527110632517	-53.575161655150026	-144.0145017692538	144.0145017692538	sum(abs(pFBA_flux)/10*directional_reaction_dg)
fdc33396925744f6	co2	CO₂	20	-26.149881287449585	6	False	True	True	23	-31.733418539548538	-31.553551578263637	-42.9634421270885	-64.11484348297593	64.11484348297593	sum(abs(pFBA_flux)/10*directional_reaction_dg)
f9138b18bc885a2d	co2	CO₂	19	7.365210077561213	4	False	True	False	21	-31.776936879864117	-41.0066167618051	-52.416507310629946	-129.91136417095404	129.91136417095404	sum(abs(pFBA_flux)/10*directional_reaction_dg)
b820ee7866bde3f0	co2	CO₂	15	9.957597557166439	3	False	True	False	16	-31.733418539548975	-31.77799661981794	-43.1878871686428	-123.81869459965311	123.81869459965311	sum(abs(pFBA_flux)/10*directional_reaction_dg)
baea935a15f3c002	co2	CO₂	12	22.99442373384096	2	True	False	False	13	-31.77693687986377	-36.453320180265834	-47.86321072909067	-141.99410077260413	141.99410077260413	sum(abs(pFBA_flux)/10*directional_reaction_dg)
b6af7cf9b6fa3060	co2	CO₂	19	11.340193626674944	2	True	False	False	20	-35.20489712008513	-46.150475001117414	-57.560365549942254	-120.23822960077729	120.23822960077729	sum(abs(pFBA_flux)/10*directional_reaction_dg)
ac09222666ad0ad6	co2	CO₂	19	-26.14988885706747	6	False	True	True	22	-47.99193415559458	-47.75868316590515	-64.87351898914243	-110.32913299746929	110.32913299746929	sum(abs(pFBA_flux)/10*directional_reaction_dg)
38ce76068e4dc3a9	co2	CO₂	19	24.094594900767248	3	False	True	False	20	-57.15718449970464	-66.31704130947682	-89.13682240712654	-225.42597844106967	225.42597844106967	sum(abs(pFBA_flux)/10*directional_reaction_dg)
3373c12b518f94af	co2	CO₂	14	32.03182335210168	3	False	True	False	15	-47.99193415559441	-62.42511516142699	-79.53995098466426	-197.24383921721514	197.24383921721514	sum(abs(pFBA_flux)/10*directional_reaction_dg)
cbc6c85128fa3e08	co2	CO₂	15	13.125985831045536	3	False	True	False	16	-22.611686535754163	-25.19877085757678	-30.903716131989206	-107.52727328484059	107.52727328484059	sum(abs(pFBA_flux)/10*directional_reaction_dg)
91f5887f8cdb3fce	co2	CO₂	20	7.144730676828629	1	True	False	False	21	-35.11786043945462	-49.058470457854675	-60.46836100667952	-152.86825498821807	152.86825498821807	sum(abs(pFBA_flux)/10*directional_reaction_dg)
88f8a55a1ff9edf7	co2	CO₂	19	-26.632508762972172	5	False	True	True	22	-31.776936879863698	-31.6051002549125	-43.014990803737355	-80.07576552332128	80.07576552332128	sum(abs(pFBA_flux)/10*directional_reaction_dg)
9ac36898667ba8c0	co2	CO₂	19	8.43615693595572	2	True	False	False	20	-40.85515054334367	-40.79937563075808	-57.91421145399536	-151.9865294217926	151.9865294217926	sum(abs(pFBA_flux)/10*directional_reaction_dg)
828c09af6bf6eea7	co2	CO₂	14	9.925960194327224	2	True	False	False	15	-31.733418539548747	-31.777879806809878	-43.187770355634726	-128.1014517424038	128.1014517424038	sum(abs(pFBA_flux)/10*directional_reaction_dg)
e3d3f5ac36cf25d8	co2	CO₂	13	31.06089084825541	3	False	True	False	14	-38.87020215179987	-52.579825294884024	-63.98971584370888	-166.26980839711615	166.26980839711615	sum(abs(pFBA_flux)/10*directional_reaction_dg)
39acb04a00a0327c	co2	CO₂	20	8.841611454035482	3	False	True	False	21	-18.925172136855142	-34.73599537384427	-40.440940648256685	-108.13663849766192	108.13663849766192	sum(abs(pFBA_flux)/10*directional_reaction_dg)
5911e7c8f6641d4e	co2	CO₂	14	-28.6912500156809	3	False	True	True	17	-18.96869047717025	-18.821716593383638	-24.526661867796072	-18.8222485779235	18.8222485779235	sum(abs(pFBA_flux)/10*directional_reaction_dg)
03f8804e99aaa91c	co2	CO₂	14	20.551021009302552	4	False	True	False	15	-19.227243842674426	-28.481679937129368	-34.18662521154179	-118.85986693140417	118.85986693140417	sum(abs(pFBA_flux)/10*directional_reaction_dg)
5ef91b1f8c64a3f4	co2	CO₂	19	-26.149891025920414	7	False	True	True	22	-35.485684776636134	-35.24377877682052	-46.65367103712913	-60.839216768430866	60.839216768430866	sum(abs(pFBA_flux)/10*directional_reaction_dg)
4ab79888714dc362	co2	CO₂	20	8.610637449784734	7	False	True	False	22	-35.48576025189416	-51.53730028915539	-62.947190837980216	-156.9241234382515	156.9241234382515	sum(abs(pFBA_flux)/10*directional_reaction_dg)
40bb927cd372c6cb	co2	CO₂	19	9.961033730195059	3	False	True	False	21	-1258.7674381605116	-1268.8800529555508	-1274.5849965184793	-1339.8767721199677	1339.8767721199677	sum(abs(pFBA_flux)/10*directional_reaction_dg)
0c460e5700bda4bc	co2	CO₂	18	15.39760394856929	2	True	False	False	20	-19.31428131647854	-26.055327867922042	-31.76027314233447	-114.44555055940025	114.44555055940025	sum(abs(pFBA_flux)/10*directional_reaction_dg)
105191afdd3c3fe8	co2	CO₂	15	8.497591081076026	4	False	True	False	20	-19.314281316478514	-34.36937862752855	-40.07432390194098	-114.05858409919658	114.05858409919658	sum(abs(pFBA_flux)/10*directional_reaction_dg)
151257b14c9f4584	co2	CO₂	20	5.19665122879849	2	True	False	False	24	-9.89047525902017	-21.211351529186587	-21.211349817702832	-73.1667462103217	73.1667462103217	sum(abs(pFBA_flux)/10*directional_reaction_dg)
e2be79f046de3e98	co2	CO₂	18	15.269210967931071	5	False	True	False	20	-28.3924949799581	-36.42279527815352	-47.83268582697838	-145.88378720956428	145.88378720956428	sum(abs(pFBA_flux)/10*directional_reaction_dg)
d74f97ff2e6d3826	co2	CO₂	19	12.26083023123588	6	False	True	False	20	-28.392494979957775	-28.764992629196	-40.174883178020856	-132.1717781895658	132.1717781895658	sum(abs(pFBA_flux)/10*directional_reaction_dg)
c524c434b982ab34	co2	CO₂	15	22.168855651571807	4	False	True	False	16	-28.43601252709979	-31.607161089339897	-43.01705163816474	-145.70606061557552	145.70606061557552	sum(abs(pFBA_flux)/10*directional_reaction_dg)
976a8397f2661ef0	co2	CO₂	20	-25.67828946602031	7	False	True	True	23	-44.6510105960036	-44.41276206221873	-61.527597885456004	-85.14932269657777	85.14932269657777	sum(abs(pFBA_flux)/10*directional_reaction_dg)
0a31842ea142ccd0	co2	CO₂	19	25.242403016518253	6	False	True	False	20	-44.69452893631896	-48.55313729857807	-65.66797312181535	-192.82233001274562	192.82233001274562	sum(abs(pFBA_flux)/10*directional_reaction_dg)
8f2c201177adc115	co2	CO₂	20	11.390727838213182	6	False	True	False	21	-44.607492255688356	-44.67898239622754	-61.79381821946483	-164.012904146884	164.012904146884	sum(abs(pFBA_flux)/10*directional_reaction_dg)
c76caf4d00993b2a	co2	CO₂	17	16.34697950654124	4	False	True	False	19	-28.392494979958016	-37.22249310683283	-48.632383655657684	-146.90599369951136	146.90599369951136	sum(abs(pFBA_flux)/10*directional_reaction_dg)
67eabf4c3080b87c	co2	CO₂	20	-26.632511577417684	6	False	True	True	23	-28.392566029839184	-28.215271374740258	-39.6251619235651	-55.526959005467106	55.526959005467106	sum(abs(pFBA_flux)/10*directional_reaction_dg)
5217e21aa2c1cc27	co2	CO₂	18	12.187902226991866	5	False	True	False	19	-28.392494979957547	-28.754640129135847	-40.164530677960684	-132.00521515948117	132.00521515948117	sum(abs(pFBA_flux)/10*directional_reaction_dg)
0a6f72edb16e8ed4	co2	CO₂	18	23.47131444879663	6	False	True	False	19	-35.485760251893765	-43.3140793264866	-54.72396987531147	-165.0195781608602	165.0195781608602	sum(abs(pFBA_flux)/10*directional_reaction_dg)
5305a074bdb7cba0	co2	CO₂	13	17.62907723816297	3	False	True	False	15	-19.357799656793436	-21.41463560985106	-27.119580884263495	-110.53254222672616	110.53254222672616	sum(abs(pFBA_flux)/10*directional_reaction_dg)
af2232499bbbf985	co2	CO₂	18	7.388558777380997	1	True	False	False	19	-9.890476884329493	-23.679691447748816	-23.679689736265065	-71.92958143086946	71.92958143086946	sum(abs(pFBA_flux)/10*directional_reaction_dg)
1795542798bfc676	co2	CO₂	20	9.049492512699185	3	False	True	False	21	-22.655198618267157	-36.70817932505112	-42.41312288797978	-100.69300617683555	100.69300617683555	sum(abs(pFBA_flux)/10*directional_reaction_dg)
e6f91d6feba92fbd	co2	CO₂	14	-28.69126727510089	6	False	True	True	17	-6.462523499356308	-6.307687178957568	-6.307687178957597	-3.9738541098904108	3.9738541098904108	sum(abs(pFBA_flux)/10*directional_reaction_dg)
9330b2dcf93773df	co2	CO₂	14	8.13325888687369	4	False	True	False	16	-6.506034913784379	-19.3671575964451	-19.3671575964451	-79.41800097478495	79.41800097478495	sum(abs(pFBA_flux)/10*directional_reaction_dg)
6ca445f316bde3c8	co2	CO₂	19	-26.14988279496078	6	False	True	True	22	-15.584239335905067	-15.415759671344397	-21.120703234273073	-27.981731139203184	27.981731139203184	sum(abs(pFBA_flux)/10*directional_reaction_dg)
a7dc4f3e9f14b647	co2	CO₂	16	15.45739269291804	6	False	True	False	17	-19.2273151670058	-33.136710124277656	-38.84165539869007	-120.50493577985223	120.50493577985223	sum(abs(pFBA_flux)/10*directional_reaction_dg)
e2e6f5ac7459db48	co2	CO₂	19	-26.149889027696947	8	False	True	True	22	-35.48568477663579	-35.24377582943074	-46.65366808973931	-77.44733666664106	77.44733666664106	sum(abs(pFBA_flux)/10*directional_reaction_dg)
f04d58b1a17be9e1	co2	CO₂	19	11.26703103681393	4	False	True	False	21	-1258.7238441039206	-1275.029584418574	-1280.73453140447	-1364.391963993869	1364.391963993869	sum(abs(pFBA_flux)/10*directional_reaction_dg)
51f250b9c7db90f5	co2	CO₂	20	15.266691617376335	4	False	True	False	22	-19.31428131647846	-28.669153999056043	-34.37409927346847	-117.06209906067033	117.06209906067033	sum(abs(pFBA_flux)/10*directional_reaction_dg)
fa5f6ef6e1584aa0	co2	CO₂	18	15.811698882434323	4	False	True	False	20	-28.39249497995798	-33.937431179649685	-45.34732172847455	-139.02968310970263	139.02968310970263	sum(abs(pFBA_flux)/10*directional_reaction_dg)
72f85c92269090cd	co2	CO₂	20	3.579134950508414	8	False	True	False	22	-6.549544012740386	-10.467071308602776	-10.467069597119014	-68.13942674570426	68.13942674570426	sum(abs(pFBA_flux)/10*directional_reaction_dg)
f787e4cc9cec5506	co2	CO₂	17	17.257804116738257	6	False	True	False	18	-28.43608385143139	-37.58049953509184	-48.990390083916694	-151.2865458059908	151.2865458059908	sum(abs(pFBA_flux)/10*directional_reaction_dg)
9906c86fe6224085	co2	CO₂	20	-25.6782874904253	8	False	True	True	23	-44.65101059600343	-44.412761930391994	-61.527597753629266	-111.48587474918088	111.48587474918088	sum(abs(pFBA_flux)/10*directional_reaction_dg)
7b97e0566c24c915	co2	CO₂	20	20.133246507328607	7	False	True	False	22	-110.80471724663161	-137.81291279586802	-154.92774690762155	-283.81419417268114	283.81419417268114	sum(abs(pFBA_flux)/10*directional_reaction_dg)
cf6571e6e458f69b	co2	CO₂	19	22.047353140301446	7	False	True	False	20	-44.65101059600383	-45.21586980076458	-62.330705624001844	-178.95782893812657	178.95782893812657	sum(abs(pFBA_flux)/10*directional_reaction_dg)
f31d466ef0a7d279	co2	CO₂	19	14.640613853360072	6	False	True	False	21	-28.39249497995801	-40.15020255497909	-51.56009310380395	-150.05211051441904	150.05211051441904	sum(abs(pFBA_flux)/10*directional_reaction_dg)
079c1a52f3378549	co2	CO₂	15	-28.691265667911306	7	False	True	True	18	-28.392566029839006	-28.229645655605392	-39.63953620443027	-70.21158656911936	70.21158656911936	sum(abs(pFBA_flux)/10*directional_reaction_dg)
fc31cf3b9f13cc4e	co2	CO₂	19	8.360277219423907	6	False	True	False	20	-28.436084370154745	-28.2551629783198	-39.66505352714465	-119.0087058572882	119.0087058572882	sum(abs(pFBA_flux)/10*directional_reaction_dg)
e87bfa063ba4fd7b	co2	CO₂	18	21.435745495949398	7	False	True	False	19	-35.48576025189354	-42.10735208815416	-53.517242636979	-155.56151680411458	155.56151680411458	sum(abs(pFBA_flux)/10*directional_reaction_dg)
cdf11bed4b48ebfb	co2	CO₂	13	16.940901242055947	4	False	True	False	15	-19.314281316477974	-30.379544349483815	-36.08448962389624	-118.27371200309128	118.27371200309128	sum(abs(pFBA_flux)/10*directional_reaction_dg)
67daeb207c6837db	co2	CO₂	19	7.089477435645133	3	False	True	False	20	-22.74216078737823	-36.34532986851179	-42.05027343144049	-106.50184602678843	106.50184602678843	sum(abs(pFBA_flux)/10*directional_reaction_dg)
747635edc0ad88ba	co2	CO₂	20	7.245855392636827	4	False	True	False	21	-22.74216078737821	-27.09535751261602	-32.800301075544695	-98.72085332046122	98.72085332046122	sum(abs(pFBA_flux)/10*directional_reaction_dg)
ad710faedaa03218	co2	CO₂	14	-28.69126567360642	7	False	True	True	17	-6.462520030620669	-6.307683608388248	-6.307683608388248	-11.82353394367292	11.82353394367292	sum(abs(pFBA_flux)/10*directional_reaction_dg)
780618dde9b3eea8	co2	CO₂	15	15.464926271107746	4	False	True	False	16	-15.584248577264015	-17.167324090182923	-22.87226936459535	-105.88916870518273	105.88916870518273	sum(abs(pFBA_flux)/10*directional_reaction_dg)
ab90592fe62ff8e9	co2	CO₂	17	23.85122604346585	5	False	True	False	17	-35.52927140493287	-45.71991699062356	-57.1298075394484	-167.42540668963179	167.42540668963179	sum(abs(pFBA_flux)/10*directional_reaction_dg)
86286f1b85c31e58	co2	CO₂	19	5.53420235879924	1	True	False	False	19	-1246.0027051187817	-1253.9403078232467	-1253.940307823247	-1296.9574257973409	1296.9574257973409	sum(abs(pFBA_flux)/10*directional_reaction_dg)
29372398586a609d	co2	CO₂	20	6.664686569120135	2	True	False	False	20	-1246.0027051187817	-1257.8551406537472	-1257.8551406537472	-1303.7001877410096	1303.7001877410096	sum(abs(pFBA_flux)/10*directional_reaction_dg)
df4cde095aa56533	co2	CO₂	17	16.449272412707458	3	False	True	False	17	-19.35779511990119	-20.984487934084264	-26.689433208496684	-112.26360307508251	112.26360307508251	sum(abs(pFBA_flux)/10*directional_reaction_dg)
1b0cbd5a480dc950	co2	CO₂	14	19.548758479414875	2	True	False	False	14	-15.627766917579454	-21.408008028060657	-27.11295330247308	-113.7129907921582	113.7129907921582	sum(abs(pFBA_flux)/10*directional_reaction_dg)
4589793dd1ffc1b0	co2	CO₂	18	8.55480261458547	7	False	True	False	21	-35.529267767243454	-51.20680269477263	-62.616688109146224	-158.415531844915	158.415531844915	sum(abs(pFBA_flux)/10*directional_reaction_dg)
9f0c777eaf051e25	co2	CO₂	20	5.731421697622313	6	False	True	False	21	-60.86600465474518	-60.94654673675696	-83.76632783440667	-177.26773106746836	177.26773106746836	sum(abs(pFBA_flux)/10*directional_reaction_dg)
83c28eeadfcc094f	co2	CO₂	16	17.180632347362142	5	False	True	False	17	-28.43608385143139	-37.4656709395067	-48.875561488331556	-148.7005924680668	148.7005924680668	sum(abs(pFBA_flux)/10*directional_reaction_dg)
aeb53dc4248be6c2	co2	CO₂	19	-26.14988890134071	7	False	True	True	22	-44.65107504205315	-44.417031225181475	-61.53186533693502	-109.58013691514907	109.58013691514907	sum(abs(pFBA_flux)/10*directional_reaction_dg)
285415e2754f28d6	co2	CO₂	20	8.515479172478157	7	False	True	False	22	-44.73804727663398	-60.031312262992145	-77.14614808622942	-191.183359735197	191.183359735197	sum(abs(pFBA_flux)/10*directional_reaction_dg)
49466b0a22884bdc	co2	CO₂	18	25.32271513380041	6	False	True	False	19	-44.651010596003545	-44.80630912108979	-61.92114494432707	-186.50401144849297	186.50401144849297	sum(abs(pFBA_flux)/10*directional_reaction_dg)
7500b21326ff1bc1	co2	CO₂	9	23.855692143056807	2	True	False	False	9	-6.506034913784394	-17.93040975844641	-17.93040975844641	-88.58882726675826	88.58882726675826	sum(abs(pFBA_flux)/10*directional_reaction_dg)
e4c41ca4fa6fc90e	co2	CO₂	16	9.937753303326948	2	True	False	False	16	-9.933993791042091	-24.721317796580863	-24.721317796580863	-75.07285220317384	75.07285220317384	sum(abs(pFBA_flux)/10*directional_reaction_dg)
2d6e36c653fb70c9	co2	CO₂	17	22.569491496937687	6	False	True	False	17	-35.52920761845323	-37.67174844563278	-49.08163899445763	-158.2986353348942	158.2986353348942	sum(abs(pFBA_flux)/10*directional_reaction_dg)
4b425abb620b81ef	co2	CO₂	20	19.11777914581515	4	False	True	False	21	-44.651010596003545	-47.27617820026775	-64.39101402350502	-184.4835298642924	184.4835298642924	sum(abs(pFBA_flux)/10*directional_reaction_dg)
1e418c47d94c077c	co2	CO₂	15	15.360583039151429	5	False	True	False	16	-19.270833507321328	-32.807457470042074	-38.51240274445452	-118.01171775724512	118.01171775724512	sum(abs(pFBA_flux)/10*directional_reaction_dg)
61b7f6a8144ef1f2	co2	CO₂	18	-26.632517834066917	7	False	True	True	21	-35.48576025189371	-35.24830415035646	-46.658194699181315	-78.7181541266254	78.7181541266254	sum(abs(pFBA_flux)/10*directional_reaction_dg)
7ee84bde8d237298	co2	CO₂	17	8.554802585607966	7	False	True	False	21	-35.48576025189388	-51.22811650834575	-62.6380070571706	-159.50543794671347	159.50543794671347	sum(abs(pFBA_flux)/10*directional_reaction_dg)
bc2f7f8909f9c065	co2	CO₂	17	23.38014439158311	6	False	True	False	18	-35.529278592208726	-43.03563456275798	-54.44552511158283	-164.74113338930005	164.74113338930005	sum(abs(pFBA_flux)/10*directional_reaction_dg)
6974e26d7154ac9f	co2	CO₂	12	17.576235796821848	3	False	True	False	14	-19.35779965679318	-21.328972809852985	-27.03391808426542	-111.47176297002827	111.47176297002827	sum(abs(pFBA_flux)/10*directional_reaction_dg)
d03bc835fe146c28	co2	CO₂	18	7.032196601956064	2	True	False	False	19	-22.69871694552664	-35.93951012611343	-41.64445368904212	-107.5418734743252	107.5418734743252	sum(abs(pFBA_flux)/10*directional_reaction_dg)
8901bca480400ddd	co2	CO₂	19	9.010753766669788	3	False	True	False	20	-22.65519861826683	-36.4293301590388	-42.13427372196747	-113.69079138515242	113.69079138515242	sum(abs(pFBA_flux)/10*directional_reaction_dg)
efaa93dc8489d1e5	co2	CO₂	13	-29.243666130195805	6	False	True	True	16	-6.5060383709357765	-6.3590623845968715	-6.359062384596893	-20.061729442015753	20.061729442015753	sum(abs(pFBA_flux)/10*directional_reaction_dg)
f150154ac1790614	co2	CO₂	14	17.96866700506198	3	False	True	False	15	-15.584248577263873	-16.907683817316183	-22.612629091728607	-106.56918098541101	106.56918098541101	sum(abs(pFBA_flux)/10*directional_reaction_dg)
1b4d650687cb1bb2	co2	CO₂	18	6.674783775116548	3	False	True	False	20	-1258.8543990228814	-1270.6937517771862	-1276.3986970515987	-1345.8785112729124	1345.8785112729124	sum(abs(pFBA_flux)/10*directional_reaction_dg)
98c657a9da0695cf	co2	CO₂	19	15.476337929498566	3	False	True	False	21	-19.357799656793627	-26.236539649859147	-31.941484924271563	-115.38490014693267	115.38490014693267	sum(abs(pFBA_flux)/10*directional_reaction_dg)
d296d62483842356	co2	CO₂	17	17.36671257293378	3	False	True	False	19	-28.479531660588417	-34.305955281956386	-45.715845830781234	-148.4048607016448	148.4048607016448	sum(abs(pFBA_flux)/10*directional_reaction_dg)
55f825d428b9c3c5	co2	CO₂	18	-26.63250878752159	8	False	True	True	21	-6.506034913784095	-6.342209523959868	-6.342209523959882	-16.30915208983412	16.30915208983412	sum(abs(pFBA_flux)/10*directional_reaction_dg)
3918c2577909b214	co2	CO₂	8	22.137177425132776	2	True	False	False	8	2.6592154303256064	-9.589608379667338	-3.88466310525491	-59.03246731120042	59.03246731120042	sum(abs(pFBA_flux)/10*directional_reaction_dg)
a5f18796a71fbd79	co2	CO₂	20	7.554061763794984	2	True	False	False	20	-16.98374395928344	-31.494695449734866	-31.494693738251115	-70.74547048070109	70.74547048070109	sum(abs(pFBA_flux)/10*directional_reaction_dg)
638ab8c6a27f6212	co2	CO₂	15	8.674201744297745	2	True	False	False	15	-0.7687434469322096	-15.429901957005686	-9.724956682593255	-44.2948106721346	44.2948106721346	sum(abs(pFBA_flux)/10*directional_reaction_dg)
e6a89250c8e4f5f5	co2	CO₂	16	22.207122278427242	6	False	True	False	16	-26.364028248098776	-33.319905715097846	-39.024850989510256	-132.20562327218013	132.20562327218013	sum(abs(pFBA_flux)/10*directional_reaction_dg)
a4be811370e87381	co2	CO₂	16	8.438892377030102	5	False	True	False	20	-26.364028248098748	-41.42233298959788	-47.127278264010286	-131.40100813462547	131.40100813462547	sum(abs(pFBA_flux)/10*directional_reaction_dg)
d6516496db00c26b	co2	CO₂	12	21.336166429945905	3	False	True	False	12	-6.462516573469237	-16.023105914246223	-16.023105914246223	-88.00597728559917	88.00597728559917	sum(abs(pFBA_flux)/10*directional_reaction_dg)
7e5513fbfa5aad80	co2	CO₂	18	5.501100107805552	1	True	False	False	18	-1236.8809731019312	-1250.3293690915712	-1244.6244238171587	-1270.5765957953085	1270.5765957953085	sum(abs(pFBA_flux)/10*directional_reaction_dg)
aee3aa485df6b291	co2	CO₂	19	9.699530807776158	2	True	False	False	19	-1236.924491429191	-1253.7300945419026	-1248.0251492674906	-1290.2841517177885	1290.2841517177885	sum(abs(pFBA_flux)/10*directional_reaction_dg)
b1ba77c789b5fdb3	co2	CO₂	16	15.797935773305014	3	False	True	False	16	-10.192544775791186	-16.156169414153393	-16.156169414153382	-84.61550429569226	84.61550429569226	sum(abs(pFBA_flux)/10*directional_reaction_dg)
fefcc4a6cd6d0d51	co2	CO₂	13	19.186242170913363	2	True	False	False	13	-6.462514468533609	-15.01899369327237	-15.018991981788622	-87.28162355809464	87.28162355809464	sum(abs(pFBA_flux)/10*directional_reaction_dg)
e43c38d90e14ddbe	co2	CO₂	20	6.7786359611605524	2	True	False	False	20	-6.462516573469193	-21.333476860494823	-21.333476860494823	-80.8510076439858	80.8510076439858	sum(abs(pFBA_flux)/10*directional_reaction_dg)
5cada22c4ca184ee	co2	CO₂	19	8.395609818398631	7	False	True	False	20	-26.407538513024264	-40.92499675347977	-46.62993860492468	-128.72281473636266	128.72281473636266	sum(abs(pFBA_flux)/10*directional_reaction_dg)
ec0e9dd231d0a0f0	co2	CO₂	18	9.432114639903094	4	False	True	False	20	-19.314268184589675	-32.92443685499493	-38.62937870643985	-108.8055430499401	108.8055430499401	sum(abs(pFBA_flux)/10*directional_reaction_dg)
0d5a5ed6034180da	co2	CO₂	18	10.133073365377182	1	True	False	False	18	-18.83449442176498	-19.76702090326056	-36.88185843798157	-158.7695020077217	158.7695020077217	sum(abs(pFBA_flux)/10*directional_reaction_dg)
822cf38ba94bf696	co2	CO₂	15	14.771725417270135	0	True	False	False	15	-46.3302482036705	-47.81057734666533	-82.04025241610739	-215.94585130996734	215.94585130996734	sum(abs(pFBA_flux)/10*directional_reaction_dg)
48a7228ce269fa71	co2	CO₂	18	10.133073368462767	2	True	False	False	18	-18.834494421765225	-19.767098953681796	-36.88193648840282	-156.3067020874949	156.3067020874949	sum(abs(pFBA_flux)/10*directional_reaction_dg)
29b311ebb1653eeb	co2	CO₂	19	10.157565667842059	1	True	False	False	19	-32.58237131271774	-33.6314035036176	-59.30365980569915	-217.03401724981464	217.03401724981464	sum(abs(pFBA_flux)/10*directional_reaction_dg)
332000847aaf9d64	co2	CO₂	20	10.181409148961983	2	True	False	False	20	-32.58237131271841	-33.65311290860265	-59.3253692106842	-213.52384056001256	213.52384056001256	sum(abs(pFBA_flux)/10*directional_reaction_dg)
190227d15b3e2d56	co2	CO₂	20	14.740374290855533	1	True	False	False	20	-232.699248995431	-235.29880941105174	-263.82353578311387	-387.06401632076216	387.06401632076216	sum(abs(pFBA_flux)/10*directional_reaction_dg)
75920b11cd12a33b	co2	CO₂	19	-24.765339293967486	5	False	True	True	25	-199.64028122047293	-199.35413115525998	-205.05907642967242	-159.22142217170924	159.22142217170924	sum(abs(pFBA_flux)/10*directional_reaction_dg)
3e28c397aee65ad3	co2	CO₂	19	18.658885679570933	4	False	True	False	20	-196.2558393205667	-197.58566127680405	-203.2906065512165	-309.7856018643789	309.7856018643789	sum(abs(pFBA_flux)/10*directional_reaction_dg)
299b1256b9aa7036	co2	CO₂	20	-25.678281543949744	7	False	True	True	23	-187.26466150227245	-186.99377198697292	-186.993771986973	-126.75566195236586	126.75566195236586	sum(abs(pFBA_flux)/10*directional_reaction_dg)
e3de7fd59dcde8c0	co2	CO₂	19	-26.63251011885975	7	False	True	True	22	-196.429912681827	-196.17667089906763	-201.88161617348007	-164.09677760748784	164.09677760748784	sum(abs(pFBA_flux)/10*directional_reaction_dg)
ea2deb9211537128	co2	CO₂	18	9.115939376436017	6	False	True	False	20	-187.30818067803233	-200.45672211152166	-200.45672211152163	-282.39402635233597	282.39402635233597	sum(abs(pFBA_flux)/10*directional_reaction_dg)
8c144c4642326265	co2	CO₂	19	21.12443293628247	4	False	True	False	19	-196.29935766088212	-206.1309674916596	-211.83591276607203	-317.0983524321594	317.0983524321594	sum(abs(pFBA_flux)/10*directional_reaction_dg)
cc2f7a9290cba659	co2	CO₂	20	-25.67828153654306	6	False	True	True	23	-196.29935766088227	-196.0220465544351	-201.72699182884756	-152.14425191620722	152.14425191620722	sum(abs(pFBA_flux)/10*directional_reaction_dg)
12c1ca932ee35a55	co2	CO₂	19	7.7418361585035065	5	False	True	False	19	-183.53462959850316	-199.75933161911493	-199.75933161911496	-221.1208361191	221.1208361191	sum(abs(pFBA_flux)/10*directional_reaction_dg)
4b9b6edf24af162a	co2	CO₂	18	18.363495801891936	4	False	True	False	19	-196.25583932056637	-197.5585574881835	-203.26350276259595	-307.44132296482985	307.44132296482985	sum(abs(pFBA_flux)/10*directional_reaction_dg)
ebb3492840958971	co2	CO₂	18	7.7690745194177495	5	False	True	False	18	-174.36937925439307	-190.70697424475983	-185.00202897034742	-198.9845609678396	198.9845609678396	sum(abs(pFBA_flux)/10*directional_reaction_dg)
5addf9b6e7d94a7e	co2	CO₂	18	18.06007909333513	2	True	False	False	18	-187.13410731677183	-188.42919097658424	-188.42919097658424	-274.97637220668184	274.97637220668184	sum(abs(pFBA_flux)/10*directional_reaction_dg)
b274c59b64debec9	co2	CO₂	19	12.282274168657807	0	True	False	False	19	-79.46810056778743	-78.99373874978949	-113.22340355032901	-231.77687716078646	231.77687716078646	sum(abs(pFBA_flux)/10*directional_reaction_dg)
6d9411a519247a36	co2	CO₂	20	15.820351133022086	5	False	True	False	20	-73.84574193542582	-73.36148034482706	-86.19760849586783	-207.51569256192505	207.51569256192505	sum(abs(pFBA_flux)/10*directional_reaction_dg)
00f5bd3c4642b041	co2	CO₂	20	-26.149882728949873	5	False	True	True	22	-31.878851138208717	-31.70563964846987	-31.705639648469877	-39.92036534176942	39.92036534176942	sum(abs(pFBA_flux)/10*directional_reaction_dg)
bab46ff5f5b8888b	co2	CO₂	19	12.26083022866033	4	False	True	False	20	-59.309327403112945	-58.78238880722901	-75.89722634195005	-179.97410146270062	179.97410146270062	sum(abs(pFBA_flux)/10*directional_reaction_dg)
a1aa45e502d807fe	co2	CO₂	20	8.495320795154537	4	False	True	False	21	-52.4680277161367	-52.69015185678749	-65.52628000782828	-153.66999934231382	153.66999934231382	sum(abs(pFBA_flux)/10*directional_reaction_dg)
f7e4918236f00479	co2	CO₂	19	8.426958888470061	3	False	True	False	20	-52.500666474637114	-52.69405972832229	-65.53018787936307	-153.86345455177246	153.86345455177246	sum(abs(pFBA_flux)/10*directional_reaction_dg)
454db0f948040d08	co2	CO₂	10	19.91078914066883	2	True	False	False	10	-25.1028289682329	-35.26548891241292	-30.98677952873265	-87.83534674299698	87.83534674299698	sum(abs(pFBA_flux)/10*directional_reaction_dg)
2f922b0d04469c3c	co2	CO₂	17	6.13587220092446	1	True	False	False	17	-935.4806914946814	-950.4533171426756	-937.6171889916347	-961.6205480342427	961.6205480342427	sum(abs(pFBA_flux)/10*directional_reaction_dg)
66921b13c87c9356	co2	CO₂	20	16.89102132959922	5	False	True	False	20	-49.490604831079594	-49.75288040764491	-54.03158979132513	-147.14841435329004	147.14841435329004	sum(abs(pFBA_flux)/10*directional_reaction_dg)
50478357bf0f2599	co2	CO₂	19	19.058768524722392	3	False	True	False	20	-63.10792668803086	-66.39775250326261	-79.23388065430336	-201.43831245761362	201.43831245761362	sum(abs(pFBA_flux)/10*directional_reaction_dg)
a8b8aeedd854df0d	co2	CO₂	20	9.705468618710347	2	True	False	False	23	-1002.7084203661743	-1012.7149153566905	-1016.9936247403708	-1080.4077531314647	1080.4077531314647	sum(abs(pFBA_flux)/10*directional_reaction_dg)
4a22a8edf5b7ff33	co2	CO₂	19	9.675112049316208	1	True	False	False	22	-1002.7084203661741	-1021.1962348351452	-1025.4749442188254	-1089.6408529551784	1089.6408529551784	sum(abs(pFBA_flux)/10*directional_reaction_dg)
ce2f443b65c223ba	co2	CO₂	20	-26.149891056357237	6	False	True	True	22	-49.45796607257918	-49.20583432612476	-53.484543709804996	-34.35575411574604	34.35575411574604	sum(abs(pFBA_flux)/10*directional_reaction_dg)
1707e7eae904b9d8	co2	CO₂	19	-25.678265896652693	2	False	False	True	23	-31.97676741370931	-31.81131090936953	-31.81131090936953	-11.896838824223531	11.896838824223531	sum(abs(pFBA_flux)/10*directional_reaction_dg)
ebc573fe03b9e3fc	co2	CO₂	18	11.670380882242865	2	True	False	False	19	-38.850705859185695	-39.40985769992464	-43.68856708360491	-122.41282618579196	122.41282618579196	sum(abs(pFBA_flux)/10*directional_reaction_dg)
264fec39681a7fb8	co2	CO₂	14	15.296423050633159	1	True	False	False	15	-50.670752628186506	-50.00114696657093	-58.558565733931445	-136.3045555794885	136.3045555794885	sum(abs(pFBA_flux)/10*directional_reaction_dg)
7e70ac59c2ad03f7	co2	CO₂	19	-26.14988273220152	5	False	True	True	22	-45.59408927066107	-45.42928497216606	-53.98670373952659	-86.63186019880014	86.63186019880014	sum(abs(pFBA_flux)/10*directional_reaction_dg)
53f2a5de57eb710c	co2	CO₂	19	-26.1498812956655	6	False	True	True	22	-45.59408927066079	-45.429284979139254	-53.986703746499785	-94.90248677933037	94.90248677933037	sum(abs(pFBA_flux)/10*directional_reaction_dg)
cd5be0df71dbb854	co2	CO₂	18	-26.632509428379777	5	False	True	True	21	-45.5940892706609	-45.4323592947228	-53.989778062083346	-98.24559629613195	98.24559629613195	sum(abs(pFBA_flux)/10*directional_reaction_dg)
c4fbeec0521631a7	co2	CO₂	15	-28.155239710814588	3	False	True	True	18	-15.464004447093878	-15.313670107137195	-6.75625133977668	12.618390636925863	-12.618390636925863	sum(abs(pFBA_flux)/10*directional_reaction_dg)
4f57ad7225fdd1a6	co2	CO₂	15	21.027175354242157	3	False	True	False	16	-68.18459004555598	-82.58754045508641	-95.42366860612717	-165.4880253878669	165.4880253878669	sum(abs(pFBA_flux)/10*directional_reaction_dg)
5ada3227afca0910	co2	CO₂	14	14.529846475571066	1	True	False	False	15	-64.3207132436377	-63.86479369732467	-80.9796312320457	-177.9295173365711	177.9295173365711	sum(abs(pFBA_flux)/10*directional_reaction_dg)
993da97a678f1396	co2	CO₂	17	10.017462169437982	2	True	False	False	18	-57.512052315161895	-57.88395919478847	-70.72008734582923	-120.96746627846035	120.96746627846035	sum(abs(pFBA_flux)/10*directional_reaction_dg)
9504e5a7213766a6	co2	CO₂	14	36.72332661048002	2	True	False	False	15	-81.89982817800865	-83.69840898521777	-105.09195590361905	-238.75571012982624	238.75571012982624	sum(abs(pFBA_flux)/10*directional_reaction_dg)
56fdc1e92577af00	co2	CO₂	16	9.988058189040485	1	True	False	False	17	-57.51205231516178	-57.88122277927763	-70.7173509303184	-124.1515641663794	124.1515641663794	sum(abs(pFBA_flux)/10*directional_reaction_dg)
f3600165503ab20d	co2	CO₂	19	23.558965422150056	5	False	True	False	20	-63.107926688031	-72.2425154497368	-85.07864360077758	-207.38021258833763	207.38021258833763	sum(abs(pFBA_flux)/10*directional_reaction_dg)
70e447aeb768f430	co2	CO₂	19	9.695200162231417	2	True	False	False	21	-38.818067100685404	-39.07990186336256	-43.358611247042816	-103.761327502092	103.761327502092	sum(abs(pFBA_flux)/10*directional_reaction_dg)
3995db38d47ad7d3	co2	CO₂	13	8.31653786351891	3	False	True	False	17	-29.24452009654668	-42.87128304906848	-42.871283049068474	-107.60069949914121	107.60069949914121	sum(abs(pFBA_flux)/10*directional_reaction_dg)
16cd4803d418a9f5	co2	CO₂	19	12.85788832109965	5	False	True	False	20	-59.30932740311289	-58.804905431365455	-75.91974296608649	-182.26198889946926	182.26198889946926	sum(abs(pFBA_flux)/10*directional_reaction_dg)
aa359b29ae67c694	co2	CO₂	19	25.23419467954081	5	False	True	False	20	-76.85580357898328	-80.56931260238683	-101.96285952078813	-247.82115989087907	247.82115989087907	sum(abs(pFBA_flux)/10*directional_reaction_dg)
e9ce7343f1b3d15d	co2	CO₂	20	8.426958297834604	4	False	True	False	21	-52.46802771613682	-52.67578295686258	-65.51191110790337	-141.18308808598005	141.18308808598005	sum(abs(pFBA_flux)/10*directional_reaction_dg)
bc5a2587ed053e6b	co2	CO₂	12	23.543575436114235	2	True	False	False	13	-29.17924257954603	-40.91280241066602	-40.91280241066604	-114.70902278616715	114.70902278616715	sum(abs(pFBA_flux)/10*directional_reaction_dg)
ecddc2471f852c1a	co2	CO₂	19	21.50923728257167	6	False	True	False	20	-63.10792668803077	-70.88794329066897	-83.72407144170975	-198.5846261849769	198.5846261849769	sum(abs(pFBA_flux)/10*directional_reaction_dg)
a7203a90031ddb56	co2	CO₂	17	9.945373088876407	3	False	True	False	19	-45.69200554616183	-49.38788100789132	-57.94529977525183	-154.61038916141285	154.61038916141285	sum(abs(pFBA_flux)/10*directional_reaction_dg)
0d36e28fd9b08570	co2	CO₂	20	-25.67827986430414	6	False	True	True	23	-29.17924257954583	-29.0218667371748	-29.0218667371748	-35.248680515855405	35.248680515855405	sum(abs(pFBA_flux)/10*directional_reaction_dg)
09e6bdf37435e7a9	co2	CO₂	15	8.127600150798957	4	False	True	False	17	-29.244520096546456	-41.868708607007584	-41.868708607007584	-107.07867404322768	107.07867404322768	sum(abs(pFBA_flux)/10*directional_reaction_dg)
bbc64a4770a32ee7	co2	CO₂	19	22.047353201327077	6	False	True	False	20	-76.82316482048293	-77.28797057664995	-98.68151749505125	-231.77692568334473	231.77692568334473	sum(abs(pFBA_flux)/10*directional_reaction_dg)
04af3a4360f813e9	co2	CO₂	11	19.4923862250022	3	False	True	False	12	-29.2445200965464	-41.58386240169033	-41.58386240169034	-114.38577119680514	114.38577119680514	sum(abs(pFBA_flux)/10*directional_reaction_dg)
c4e79ca9d347c175	co2	CO₂	11	20.490370348465927	2	True	False	False	11	-38.85070585918572	-38.9513045449495	-43.23001392862975	-123.84520894079773	123.84520894079773	sum(abs(pFBA_flux)/10*directional_reaction_dg)
96e2db7233aa81b6	co2	CO₂	18	7.641503189737644	1	True	False	False	18	-951.8321775813977	-967.7247013110756	-963.4459919273954	-1011.5830256307894	1011.5830256307894	sum(abs(pFBA_flux)/10*directional_reaction_dg)
e250e1999a901382	co2	CO₂	20	19.117779108318988	3	False	True	False	21	-76.953719854484	-80.03008836827473	-101.423635286676	-232.1045348807771	232.1045348807771	sum(abs(pFBA_flux)/10*directional_reaction_dg)
c59075f375a8c7d4	co2	CO₂	18	25.31589856743767	5	False	True	False	19	-76.79052606198252	-76.7347299119778	-98.12827683037911	-239.95095219576805	239.95095219576805	sum(abs(pFBA_flux)/10*directional_reaction_dg)
ebb3a00c019a0068	co2	CO₂	15	21.89323732662279	3	False	True	False	16	-63.1079266880306	-76.35912412381545	-89.19525227485623	-203.99602233708518	203.99602233708518	sum(abs(pFBA_flux)/10*directional_reaction_dg)
d8108dfe3061b4ab	co2	CO₂	18	23.470659104781713	5	False	True	False	19	-63.10792668803083	-71.92332173306278	-84.75944988410357	-207.1966813286646	207.1966813286646	sum(abs(pFBA_flux)/10*directional_reaction_dg)
d2491d31023e7d64	co2	CO₂	18	14.671278975592314	2	True	False	False	20	-45.692005546161504	-55.90340035258774	-64.46081911994825	-164.29737138261294	164.29737138261294	sum(abs(pFBA_flux)/10*directional_reaction_dg)
3ff887008be05c04	co2	CO₂	20	5.647006212411042	1	True	False	False	21	-971.011910348175	-985.5061525008709	-989.7848618845511	-1061.5640774607193	1061.5640774607193	sum(abs(pFBA_flux)/10*directional_reaction_dg)
b2d980c15f565635	co2	CO₂	15	18.0720420340015	2	True	False	False	16	-42.86184195349834	-44.23547274575746	-52.79289151311798	-143.82298071902426	143.82298071902426	sum(abs(pFBA_flux)/10*directional_reaction_dg)
624d82ffc8a9dc38	co2	CO₂	11	23.774972784233753	2	True	False	False	12	-29.21188133804593	-41.56579792983333	-41.56579792983334	-114.85830174169116	114.85830174169116	sum(abs(pFBA_flux)/10*directional_reaction_dg)
019b40c195689b02	co2	CO₂	14	21.800181435821795	3	False	True	False	15	-49.4253273140784	-62.34659239173226	-66.62530177541252	-152.25977207529394	152.25977207529394	sum(abs(pFBA_flux)/10*directional_reaction_dg)
4bcd86c136e69e10	co2	CO₂	15	8.55430063311723	3	False	True	False	15	-16.80817074124421	-32.897005889926945	-28.618296506246697	-74.5537945917982	74.5537945917982	sum(abs(pFBA_flux)/10*directional_reaction_dg)
4a88d50230aa72e8	co2	CO₂	14	21.120654888844424	3	False	True	False	14	-38.8180671006852	-46.75530204312495	-51.03401142680519	-135.312031969686	135.312031969686	sum(abs(pFBA_flux)/10*directional_reaction_dg)
ecf5fc89fa7c0c9e	formaldehyde	Formaldehyde	13	13.564039755278205	0	True	False	False	13	-73.2285743203212	-73.50675442742299	-69.22804675522649	-79.65588568263749	79.65588568263749	sum(abs(pFBA_flux)/10*directional_reaction_dg)
72eea3d1ef5b7dc9	formaldehyde	Formaldehyde	12	8.866754663562663	0	True	False	False	12	-73.2285777006175	-77.2902927703845	-73.01158338670423	-86.85523254613311	86.85523254613311	sum(abs(pFBA_flux)/10*directional_reaction_dg)
b7f776034fef2f34	formaldehyde	Formaldehyde	12	9.56768685047517	0	True	False	False	12	-73.2285777006174	-76.76381231398099	-72.48510293030074	-88.23422860045994	88.23422860045994	sum(abs(pFBA_flux)/10*directional_reaction_dg)
efe0e87e79736c3e	formaldehyde	Formaldehyde	13	10.71079416621727	0	True	False	False	13	-73.2285777006174	-77.4273716424887	-73.14866225880843	-89.82752022513613	89.82752022513613	sum(abs(pFBA_flux)/10*directional_reaction_dg)
5b8945d558647d45	formaldehyde	Formaldehyde	9	13.144209246673345	0	True	False	False	9	-65.1861770187065	-65.37644487626997	-48.2616090530327	-44.84071077410243	44.84071077410243	sum(abs(pFBA_flux)/10*directional_reaction_dg)
d63ff41580649dbb	formaldehyde	Formaldehyde	20	10.433979150435334	1	True	False	False	20	-119.78602286081055	-124.1913924382349	-141.30622997295592	-302.57432073044055	302.57432073044055	sum(abs(pFBA_flux)/10*directional_reaction_dg)
359bdbdd8fefe21e	formaldehyde	Formaldehyde	20	10.433979141620485	1	True	False	False	20	-119.78602286081066	-124.1914117214201	-141.30624925614114	-302.5829631357383	302.5829631357383	sum(abs(pFBA_flux)/10*directional_reaction_dg)
5eeca5eefbcae851	formaldehyde	Formaldehyde	20	10.433978654119228	2	True	False	False	20	-119.78602286081075	-124.19135306917283	-141.3061906038939	-308.38711535820244	308.38711535820244	sum(abs(pFBA_flux)/10*directional_reaction_dg)
d08b01ea2f9aee3d	formaldehyde	Formaldehyde	8	8.670964691593426	0	True	False	False	8	-65.18618039900281	-68.74286641243468	-51.62802887771364	-56.85812872047288	56.85812872047288	sum(abs(pFBA_flux)/10*directional_reaction_dg)
ff33da69f6ebd544	formaldehyde	Formaldehyde	8	9.356606530500908	0	True	False	False	8	-65.1861803990027	-68.31634246749319	-51.201504932772146	-57.25632517861624	57.25632517861624	sum(abs(pFBA_flux)/10*directional_reaction_dg)
3fb0ffc8c24e5b34	formaldehyde	Formaldehyde	20	10.433979150435183	1	True	False	False	20	-119.78602286081055	-124.19139240646699	-141.30622994118804	-302.57431976419616	302.57431976419616	sum(abs(pFBA_flux)/10*directional_reaction_dg)
12bd7468d71fafea	formaldehyde	Formaldehyde	20	10.433979150435183	1	True	False	False	20	-119.78602286081055	-124.19139240730091	-141.30622994202193	-302.5743201515527	302.5743201515527	sum(abs(pFBA_flux)/10*directional_reaction_dg)
09be8ab44a8e3e7b	formaldehyde	Formaldehyde	9	10.487922348319492	0	True	False	False	9	-65.1861803990027	-68.90120325733734	-51.78636572261631	-57.7440972626194	57.7440972626194	sum(abs(pFBA_flux)/10*directional_reaction_dg)
04d91c116f6b3ddd	formaldehyde	Formaldehyde	15	13.749886140326444	0	True	False	False	15	-993.4873771384283	-999.5293592289318	-986.6932327893747	-993.2370370837053	993.2370370837053	sum(abs(pFBA_flux)/10*directional_reaction_dg)
405664586e44aa7f	formaldehyde	Formaldehyde	14	9.03630806454059	0	True	False	False	14	-993.4873805187245	-1003.5191617179104	-990.6830335668697	-1001.4058451980188	1001.4058451980188	sum(abs(pFBA_flux)/10*directional_reaction_dg)
061f8f548cb97e87	formaldehyde	Formaldehyde	14	9.750481625960127	0	True	False	False	14	-993.4873805187245	-1002.9952209223477	-990.159092771307	-1001.812998722316	1001.812998722316	sum(abs(pFBA_flux)/10*directional_reaction_dg)
fcef7341e31eb823	formaldehyde	Formaldehyde	15	10.906292164067247	0	True	False	False	15	-993.4873805187244	-1002.9665731123486	-990.1304449613077	-1002.0609000895054	1002.0609000895054	sum(abs(pFBA_flux)/10*directional_reaction_dg)
84a2a666d68a2d5c	formaldehyde	Formaldehyde	14	11.40989168591693	0	True	False	False	14	-64.21312516655118	-65.09980878925441	-52.26368234969738	-54.9168542162176	54.9168542162176	sum(abs(pFBA_flux)/10*directional_reaction_dg)
9555df2834984170	formaldehyde	Formaldehyde	13	8.89045553378884	0	True	False	False	13	-64.21312854684749	-68.51021851526664	-55.67409036422586	-66.79593119555571	66.79593119555571	sum(abs(pFBA_flux)/10*directional_reaction_dg)
a99774810bd23068	formaldehyde	Formaldehyde	15	9.565781047807558	0	True	False	False	15	-77.8957279207994	-81.76281471106483	-77.48410532738458	-95.34831600143576	95.34831600143576	sum(abs(pFBA_flux)/10*directional_reaction_dg)
792c8020b1126611	formaldehyde	Formaldehyde	14	10.420053013609923	0	True	False	False	14	-64.21312854684737	-68.35034975468656	-55.514221603645794	-68.10854318581427	68.10854318581427	sum(abs(pFBA_flux)/10*directional_reaction_dg)
8bc440d44ff5efed	formaldehyde	Formaldehyde	12	13.46729786761601	0	True	False	False	12	-1000.8764464148697	-1001.1026449499658	-988.2665185104088	-993.1934585624213	993.1934585624213	sum(abs(pFBA_flux)/10*directional_reaction_dg)
e54c9bfa5e990e44	formaldehyde	Formaldehyde	11	8.866754664826521	0	True	False	False	11	-1000.876449795166	-1004.9419740038389	-992.1058458527981	-1003.1805382024787	1003.1805382024787	sum(abs(pFBA_flux)/10*directional_reaction_dg)
e8a0400e21260e5d	formaldehyde	Formaldehyde	11	9.567686848372912	0	True	False	False	11	-1000.876449795166	-1004.7468962559342	-991.9107681048934	-1003.2542324424228	1003.2542324424228	sum(abs(pFBA_flux)/10*directional_reaction_dg)
614c557ff12a3af1	formaldehyde	Formaldehyde	12	10.710794161549122	0	True	False	False	12	-1000.8764497951659	-1004.6937762266965	-991.8576480756557	-1003.5738553447018	1003.5738553447018	sum(abs(pFBA_flux)/10*directional_reaction_dg)
2167a5e6c2bd3593	formaldehyde	Formaldehyde	10	6.7314096728626165	1	True	False	False	10	-28.852446513496762	-30.513901540777127	-17.677775101220107	-22.997320558687623	22.997320558687623	sum(abs(pFBA_flux)/10*directional_reaction_dg)
70834a9a0d84aca3	formaldehyde	Formaldehyde	10	5.908216267019358	1	True	False	False	10	-28.852449893793008	-34.30709598146284	-21.47096783042206	-31.913851823664512	31.913851823664512	sum(abs(pFBA_flux)/10*directional_reaction_dg)
d06d86a3690e742a	formaldehyde	Formaldehyde	10	6.943377421180518	1	True	False	False	10	-28.852449893792993	-33.49182776678826	-20.65569961574749	-35.15171856720155	35.15171856720155	sum(abs(pFBA_flux)/10*directional_reaction_dg)
affb1768a7d71947	formaldehyde	Formaldehyde	19	6.596304296935229	1	True	False	False	19	-49.31107143772079	-53.6696952701026	-53.6696952701026	-113.44393179385361	113.44393179385361	sum(abs(pFBA_flux)/10*directional_reaction_dg)
a658a8dc3cc84904	formaldehyde	Formaldehyde	19	6.5963042968669	1	True	False	False	19	-49.31107143772085	-53.66969535999133	-53.669695359991344	-113.50195241034697	113.50195241034697	sum(abs(pFBA_flux)/10*directional_reaction_dg)
638222dbbf18ec68	formaldehyde	Formaldehyde	19	6.596303446337203	2	True	False	False	19	-49.31107143772088	-53.66967529654706	-53.66967529654708	-121.2545391807705	121.2545391807705	sum(abs(pFBA_flux)/10*directional_reaction_dg)
d708678548837832	formaldehyde	Formaldehyde	12	5.827990088567459	1	True	False	False	12	-28.852449893792993	-32.77635041940726	-19.940222268366483	-34.44419463526204	34.44419463526204	sum(abs(pFBA_flux)/10*directional_reaction_dg)
d073d384761f9755	formaldehyde	Formaldehyde	19	6.596304296935305	1	True	False	False	19	-49.31107143772079	-53.66969527032041	-53.66969527032042	-113.44395364630321	113.44395364630321	sum(abs(pFBA_flux)/10*directional_reaction_dg)
9f4814a091e206e1	formaldehyde	Formaldehyde	19	6.596304296935238	1	True	False	False	19	-49.31107143772079	-53.669695270403814	-53.669695270403814	-113.44395351066707	113.44395351066707	sum(abs(pFBA_flux)/10*directional_reaction_dg)
1c099e2695dcb949	formaldehyde	Formaldehyde	18	6.546577469129785	1	True	False	False	18	-49.31107143772076	-53.576575912820665	-53.576575912820665	-112.4622908247479	112.4622908247479	sum(abs(pFBA_flux)/10*directional_reaction_dg)
41af5006390b64fd	formaldehyde	Formaldehyde	18	6.546577470286721	1	True	False	False	18	-49.31107143772082	-53.57657530338872	-53.57657530338872	-112.4865254778577	112.4865254778577	sum(abs(pFBA_flux)/10*directional_reaction_dg)
0cbd062954c0ca34	formaldehyde	Formaldehyde	18	6.54657660236256	2	True	False	False	18	-49.31107143772088	-53.57657198017439	-53.57657198017441	-120.70833752164839	120.70833752164839	sum(abs(pFBA_flux)/10*directional_reaction_dg)
e56909f339066013	formaldehyde	Formaldehyde	19	5.496920246611919	1	True	False	False	19	-49.31107143772102	-53.66969002359588	-53.66969002359588	-111.1528796585305	111.1528796585305	sum(abs(pFBA_flux)/10*directional_reaction_dg)
70f277f8fa70076e	formaldehyde	Formaldehyde	18	6.546577469134753	1	True	False	False	18	-49.31107143772076	-53.57657591220601	-53.57657591220601	-112.4622796435903	112.4622796435903	sum(abs(pFBA_flux)/10*directional_reaction_dg)
3c08811c21e7533e	formaldehyde	Formaldehyde	18	6.546577469134628	1	True	False	False	18	-49.31107143772076	-53.576575912222	-53.576575912222	-112.46227996408145	112.46227996408145	sum(abs(pFBA_flux)/10*directional_reaction_dg)
d65b6b3c605e1e75	formaldehyde	Formaldehyde	11	13.454105504697067	0	True	False	False	11	-66.86536705008834	-67.14212501007175	-58.584707954195004	-58.36185804860294	58.36185804860294	sum(abs(pFBA_flux)/10*directional_reaction_dg)
68d5ab71ba999a4c	formaldehyde	Formaldehyde	10	8.8049990467957	0	True	False	False	10	-66.86537043038464	-70.7931503558008	-62.2357315884403	-66.63681516749892	66.63681516749892	sum(abs(pFBA_flux)/10*directional_reaction_dg)
a0dacf1fb4e9dba5	formaldehyde	Formaldehyde	12	9.567686848306002	0	True	False	False	12	-80.54796980433656	-84.10294076597616	-84.10294076597614	-94.2293399868411	94.2293399868411	sum(abs(pFBA_flux)/10*directional_reaction_dg)
cd193659f077cd65	formaldehyde	Formaldehyde	11	10.640105598513689	0	True	False	False	11	-66.86537043038453	-70.93722543226636	-62.379806664905836	-68.34985628077872	68.34985628077872	sum(abs(pFBA_flux)/10*directional_reaction_dg)
f59aa414896c0bdf	formaldehyde	Formaldehyde	6	19.191355067270248	1	True	False	False	6	-34.05451619657606	-34.253793413562335	-17.13895759032506	-45.96167874897819	45.96167874897819	sum(abs(pFBA_flux)/10*directional_reaction_dg)
0fa8a9d4a3bba66c	formaldehyde	Formaldehyde	12	5.997557013185663	1	True	False	False	12	-34.05451619657633	-39.77461300421061	-22.65977718097332	-46.24122971740055	46.24122971740055	sum(abs(pFBA_flux)/10*directional_reaction_dg)
1de62fea4ae2e0c3	formaldehyde	Formaldehyde	12	7.033774815195417	1	True	False	False	12	-34.054516196576124	-39.071133421166444	-21.956297597929165	-49.258122810986876	49.258122810986876	sum(abs(pFBA_flux)/10*directional_reaction_dg)
6453b79217fd2de1	formaldehyde	Formaldehyde	14	5.9094619931031165	1	True	False	False	14	-34.05451619657612	-38.15627476532947	-21.041438942092192	-46.822422671053424	46.822422671053424	sum(abs(pFBA_flux)/10*directional_reaction_dg)
828f8f17a71ebb98	formaldehyde	Formaldehyde	20	9.849503644152758	1	True	False	False	20	-61.33267366775178	-65.13132868884347	-65.13133040032722	-165.57869599951	165.57869599951	sum(abs(pFBA_flux)/10*directional_reaction_dg)
0ed4e55b1c717304	formaldehyde	Formaldehyde	20	9.84950289154621	2	True	False	False	20	-61.332673667751806	-65.13128587930584	-65.13128759078958	-165.90510866202249	165.90510866202249	sum(abs(pFBA_flux)/10*directional_reaction_dg)
3cf1a23d7a7c47e2	formaldehyde	Formaldehyde	20	9.849502890107335	2	True	False	False	20	-61.332673667751806	-65.1312832997973	-65.13128501128108	-165.80826187380325	165.80826187380325	sum(abs(pFBA_flux)/10*directional_reaction_dg)
3eb0ed9260b0bcc4	formaldehyde	Formaldehyde	20	9.805891364264886	1	True	False	False	20	-61.33267366775162	-65.03566426862841	-65.03566598011217	-165.5342808737547	165.5342808737547	sum(abs(pFBA_flux)/10*directional_reaction_dg)
38ea1b7f1b8f4e61	formaldehyde	Formaldehyde	20	9.8495036441543	1	True	False	False	20	-61.33267366775176	-65.13132868221804	-65.1313303937018	-165.5786962374192	165.5786962374192	sum(abs(pFBA_flux)/10*directional_reaction_dg)
4c6a3df8b8ac290d	formaldehyde	Formaldehyde	20	9.849502891552802	2	True	False	False	20	-61.332669273198356	-65.13128154624474	-65.1312832577285	-165.90511806702904	165.90511806702904	sum(abs(pFBA_flux)/10*directional_reaction_dg)
7ca37994736dde91	formaldehyde	Formaldehyde	20	8.618855275081335	1	True	False	False	20	-61.33266927319829	-64.99291572646393	-64.9929174379477	-171.60573124018455	171.60573124018455	sum(abs(pFBA_flux)/10*directional_reaction_dg)
6032a2c43b79d1d5	formaldehyde	Formaldehyde	20	9.805891364265937	1	True	False	False	20	-61.33267366775162	-65.03566426169635	-65.03566597318007	-165.53428055854025	165.53428055854025	sum(abs(pFBA_flux)/10*directional_reaction_dg)
edf0464615874f3e	formaldehyde	Formaldehyde	20	9.80589136426489	1	True	False	False	20	-61.33267366775162	-65.03566426875423	-65.03566598023798	-165.53428074424812	165.53428074424812	sum(abs(pFBA_flux)/10*directional_reaction_dg)
0082cd995a3bae72	formaldehyde	Formaldehyde	20	9.84950364415424	1	True	False	False	20	-61.33266927319834	-65.1313243508233	-65.13132606230704	-165.57869073547033	165.57869073547033	sum(abs(pFBA_flux)/10*directional_reaction_dg)
02964059ffa5f5fe	formaldehyde	Formaldehyde	20	9.849502891552646	2	True	False	False	20	-61.332673667751806	-65.13128587787565	-65.13128758935942	-165.90512327949756	165.90512327949756	sum(abs(pFBA_flux)/10*directional_reaction_dg)
b47703ca216d85dc	formaldehyde	Formaldehyde	4	18.93444379662995	1	True	False	False	4	-29.150207230586304	-29.357762199809713	-17.947871650984865	-33.03568352897148	33.03568352897148	sum(abs(pFBA_flux)/10*directional_reaction_dg)
e47762b0e636d18b	formaldehyde	Formaldehyde	10	5.908216267019358	1	True	False	False	10	-29.150207230586357	-34.51078866505255	-23.10089811622769	-34.67417726456184	34.67417726456184	sum(abs(pFBA_flux)/10*directional_reaction_dg)
2986dfe9bb79237b	formaldehyde	Formaldehyde	10	6.943377421180518	1	True	False	False	10	-29.150207230586364	-33.8363732786736	-22.426482729848743	-39.92557667556077	39.92557667556077	sum(abs(pFBA_flux)/10*directional_reaction_dg)
322db60f8e998ab2	formaldehyde	Formaldehyde	12	5.827990099979523	1	True	False	False	12	-29.150207230586354	-32.90904587105718	-21.49915532223233	-38.19387658540421	38.19387658540421	sum(abs(pFBA_flux)/10*directional_reaction_dg)
522cfb4ded6866f9	formaldehyde	Formaldehyde	20	6.596304296931245	1	True	False	False	20	-56.42836029415342	-60.77187301461645	-66.47682000051265	-138.21046244186886	138.21046244186886	sum(abs(pFBA_flux)/10*directional_reaction_dg)
d47354c1ff86314e	formaldehyde	Formaldehyde	20	6.596303421333888	2	True	False	False	20	-56.428360294153464	-60.771853396053686	-66.47680038194987	-140.0010529346385	140.0010529346385	sum(abs(pFBA_flux)/10*directional_reaction_dg)
b7824a6e7f01fa75	formaldehyde	Formaldehyde	20	6.596303425648673	2	True	False	False	20	-56.428360294153464	-60.77186170321222	-66.4768086891084	-139.90787068625468	139.90787068625468	sum(abs(pFBA_flux)/10*directional_reaction_dg)
f9b56b8ab9e58768	formaldehyde	Formaldehyde	20	6.546577470125879	1	True	False	False	20	-56.428363405873924	-60.679080292707276	-66.3840255671197	-138.0946512953417	138.0946512953417	sum(abs(pFBA_flux)/10*directional_reaction_dg)
99bd386c0f3abf59	formaldehyde	Formaldehyde	20	6.596304296931211	1	True	False	False	20	-56.428364701762334	-60.77187736894606	-66.47682435484222	-138.21047568089523	138.21047568089523	sum(abs(pFBA_flux)/10*directional_reaction_dg)
f046adfd8a639552	formaldehyde	Formaldehyde	20	6.596303421334585	2	True	False	False	20	-56.42836470176239	-60.771857748326504	-66.4768047342227	-140.0009735754025	140.0009735754025	sum(abs(pFBA_flux)/10*directional_reaction_dg)
3752a26d0fb7af28	formaldehyde	Formaldehyde	20	5.4969202473318965	1	True	False	False	20	-56.42836385291602	-60.77187636942827	-66.47682335532444	-136.57192155162195	136.57192155162195	sum(abs(pFBA_flux)/10*directional_reaction_dg)
5dc225d8ed489450	formaldehyde	Formaldehyde	20	6.54657747012577	1	True	False	False	20	-56.42836470176219	-60.679081639917904	-66.3840286258141	-138.09466728498967	138.09466728498967	sum(abs(pFBA_flux)/10*directional_reaction_dg)
1279444449cb9437	formaldehyde	Formaldehyde	20	6.5465774701257775	1	True	False	False	20	-56.42836470176219	-60.67908163988156	-66.38402862577773	-138.09465150485622	138.09465150485622	sum(abs(pFBA_flux)/10*directional_reaction_dg)
2d26e8aa2282a637	formaldehyde	Formaldehyde	20	6.596304296931144	1	True	False	False	20	-56.42836470176235	-60.77187736894088	-66.47682435483706	-138.2104755057471	138.2104755057471	sum(abs(pFBA_flux)/10*directional_reaction_dg)
2da250e0369f1da1	formaldehyde	Formaldehyde	20	6.596303421334584	2	True	False	False	20	-56.42836470176236	-60.77185774838634	-66.47680473428252	-140.00097574891512	140.00097574891512	sum(abs(pFBA_flux)/10*directional_reaction_dg)
84a0b9d1f622634a	formaldehyde	Formaldehyde	18	-108.03404796007524	1	False	False	True	18	-70.21499777230167	-68.45139493122487	-62.746451368296206	-68.35969609330623	68.35969609330623	sum(abs(pFBA_flux)/10*directional_reaction_dg)
c0be7618ad67a16a	formaldehyde	Formaldehyde	11	-112.3196500529133	1	False	False	True	11	-85.13642923737095	-81.41963316220782	-72.8622143948473	-74.42861234470406	74.42861234470406	sum(abs(pFBA_flux)/10*directional_reaction_dg)
5f7faaaf512574f7	formaldehyde	Formaldehyde	18	7.265799430795126	1	True	False	False	18	-60.21594138934709	-66.41770251826574	-62.13899313458549	-106.46365987291264	106.46365987291264	sum(abs(pFBA_flux)/10*directional_reaction_dg)
c9c398ab585df340	formaldehyde	Formaldehyde	17	12.084270552293187	0	True	False	False	17	-80.60928541627428	-85.03180667763121	-93.58922544499174	-208.22268353217578	208.22268353217578	sum(abs(pFBA_flux)/10*directional_reaction_dg)
d4bc53d8ce9e2562	formaldehyde	Formaldehyde	17	12.084270550983407	0	True	False	False	17	-80.60928541627433	-85.03180985830109	-93.5892286256616	-208.37037515089884	208.37037515089884	sum(abs(pFBA_flux)/10*directional_reaction_dg)
c1f45d162cbf7a5a	formaldehyde	Formaldehyde	17	12.08426960498858	1	True	False	False	17	-80.60928541627437	-85.03135934397758	-93.58877811133812	-219.8209227885844	219.8209227885844	sum(abs(pFBA_flux)/10*directional_reaction_dg)
eb40a15f9f20a930	formaldehyde	Formaldehyde	18	10.23428117009577	0	True	False	False	18	-80.60928541627442	-82.69870337559236	-91.25612214295288	-204.21890317243276	204.21890317243276	sum(abs(pFBA_flux)/10*directional_reaction_dg)
0263aef9a526c7b6	formaldehyde	Formaldehyde	12	-111.63497408986909	1	False	False	True	12	-85.13642923737083	-80.02223186235415	-71.46481309499364	-72.20339688846967	72.20339688846967	sum(abs(pFBA_flux)/10*directional_reaction_dg)
5bf330a58e1115f6	formaldehyde	Formaldehyde	17	12.084270552292462	0	True	False	False	17	-80.60928541627428	-85.03180667931406	-93.58922544667458	-208.222731180803	208.222731180803	sum(abs(pFBA_flux)/10*directional_reaction_dg)
1293919515eb7b36	formaldehyde	Formaldehyde	17	12.08427055229245	0	True	False	False	17	-80.60928541627428	-85.03180667924036	-93.58922544660088	-208.22272978218146	208.22272978218146	sum(abs(pFBA_flux)/10*directional_reaction_dg)
d800df336def9922	formaldehyde	Formaldehyde	16	10.31372051507138	0	True	False	False	16	-80.67456293327487	-83.32536776595282	-91.88278653331335	-171.79614823602884	171.79614823602884	sum(abs(pFBA_flux)/10*directional_reaction_dg)
d27b31e7400358a6	formaldehyde	Formaldehyde	16	10.313720513304249	0	True	False	False	16	-80.67456293327493	-83.32540330963373	-91.88282207699423	-171.7383295454453	171.7383295454453	sum(abs(pFBA_flux)/10*directional_reaction_dg)
a3cc86085ec2bfd2	formaldehyde	Formaldehyde	16	10.313719738454008	1	True	False	False	16	-80.67456293327501	-83.32547084712068	-91.88288961448121	-181.16202739835063	181.16202739835063	sum(abs(pFBA_flux)/10*directional_reaction_dg)
892ceb92752cef17	formaldehyde	Formaldehyde	17	8.880278135104975	0	True	False	False	17	-80.67456293327493	-83.38992998851059	-91.9473487558711	-171.00248136341764	171.00248136341764	sum(abs(pFBA_flux)/10*directional_reaction_dg)
6ad7cf5be07124af	formaldehyde	Formaldehyde	16	10.313720515074282	0	True	False	False	16	-80.67456293327487	-83.32536781497467	-91.88278658233517	-171.79611732148592	171.79611732148592	sum(abs(pFBA_flux)/10*directional_reaction_dg)
636fa92719197f06	formaldehyde	Formaldehyde	16	10.313720515074218	0	True	False	False	16	-80.67456293327487	-83.32536781378275	-91.88278658114326	-171.7961183954725	171.7961183954725	sum(abs(pFBA_flux)/10*directional_reaction_dg)
e3f5a6a785a18c68	formaldehyde	Formaldehyde	16	16.306154315666866	1	True	False	False	16	-58.71825224472863	-59.2183063241878	-53.513362761259124	-114.3643855085998	114.3643855085998	sum(abs(pFBA_flux)/10*directional_reaction_dg)
548538d93b63064b	formaldehyde	Formaldehyde	9	8.739935275917935	0	True	False	False	9	-94.81421103247985	-106.39536899847994	-97.83795023111944	-118.52291183114932	118.52291183114932	sum(abs(pFBA_flux)/10*directional_reaction_dg)
7934efa158a747cd	formaldehyde	Formaldehyde	9	9.43096343946783	0	True	False	False	9	-94.81421103247973	-98.37003711771665	-89.81261835035613	-110.5333162654922	110.5333162654922	sum(abs(pFBA_flux)/10*directional_reaction_dg)
6fcb49a39953d49f	formaldehyde	Formaldehyde	18	12.140098333297727	1	True	False	False	18	-58.525279676383256	-63.04895791904376	-71.60637668640426	-221.49106415174998	221.49106415174998	sum(abs(pFBA_flux)/10*directional_reaction_dg)
4f8d7a83eab0614d	formaldehyde	Formaldehyde	18	12.140098332653126	1	True	False	False	18	-58.52527967638331	-63.048957894059534	-71.60637666142006	-221.71408090826338	221.71408090826338	sum(abs(pFBA_flux)/10*directional_reaction_dg)
1ded1bd6bfb89954	formaldehyde	Formaldehyde	18	12.14009740258214	2	True	False	False	18	-58.525279676383335	-63.04837850644306	-71.60579727380359	-233.72505593540913	233.72505593540913	sum(abs(pFBA_flux)/10*directional_reaction_dg)
9f78253c6d64113f	formaldehyde	Formaldehyde	19	10.292559788383032	1	True	False	False	19	-58.52527967638351	-60.63437481775618	-69.1917935851167	-217.14720827405876	217.14720827405876	sum(abs(pFBA_flux)/10*directional_reaction_dg)
46727505e9b24a98	formaldehyde	Formaldehyde	10	10.565998862172885	0	True	False	False	10	-94.81421103247973	-100.38065786680122	-91.8232390994407	-113.01774997376356	113.01774997376356	sum(abs(pFBA_flux)/10*directional_reaction_dg)
6fd83a4d4a0645f2	formaldehyde	Formaldehyde	18	12.14009833329669	1	True	False	False	18	-58.525279676383256	-63.04895791856632	-71.60637668592685	-221.49118860670688	221.49118860670688	sum(abs(pFBA_flux)/10*directional_reaction_dg)
0124e8cf79fc4486	formaldehyde	Formaldehyde	18	12.140098333296704	1	True	False	False	18	-58.525279676383256	-63.048957918577464	-71.60637668593799	-221.4911852672408	221.4911852672408	sum(abs(pFBA_flux)/10*directional_reaction_dg)
54e17c17fb8dd679	formaldehyde	Formaldehyde	17	12.7179063872879	1	True	False	False	17	-58.52527967638323	-60.54305689747062	-69.10047566483114	-222.42976669670904	222.42976669670904	sum(abs(pFBA_flux)/10*directional_reaction_dg)
863ee4619a69aadd	formaldehyde	Formaldehyde	17	12.717906378129594	1	True	False	False	17	-58.525279676383285	-60.54302855584637	-69.1004473232069	-222.4765813534644	222.4765813534644	sum(abs(pFBA_flux)/10*directional_reaction_dg)
7b4ca0e207725f89	formaldehyde	Formaldehyde	17	12.717905143609036	2	True	False	False	17	-58.525279676383335	-60.54308456702803	-69.10050333438856	-234.14044720115052	234.14044720115052	sum(abs(pFBA_flux)/10*directional_reaction_dg)
38955843b2ba3fc3	formaldehyde	Formaldehyde	18	10.234281169036596	1	True	False	False	18	-58.52527967638337	-60.58950252116101	-69.14692128852154	-215.09382934330296	215.09382934330296	sum(abs(pFBA_flux)/10*directional_reaction_dg)
99391f2fc484878b	formaldehyde	Formaldehyde	17	12.717906387288105	1	True	False	False	17	-58.52527967638323	-60.54305689679566	-69.10047566415616	-222.4297338938636	222.4297338938636	sum(abs(pFBA_flux)/10*directional_reaction_dg)
59c9d5c81cd15288	formaldehyde	Formaldehyde	17	12.71790638728809	1	True	False	False	17	-58.52527967638323	-60.54305689678855	-69.10047566414909	-222.4297346379221	222.4297346379221	sum(abs(pFBA_flux)/10*directional_reaction_dg)
35be65bdf865dee8	formaldehyde	Formaldehyde	13	12.139809322890592	1	True	False	False	13	-61.053732440630235	-61.555487229445234	-50.14559668062038	-60.39648081367166	60.39648081367166	sum(abs(pFBA_flux)/10*directional_reaction_dg)
80b45cf3604a496c	formaldehyde	Formaldehyde	12	8.553349385080569	1	True	False	False	12	-61.05373244063028	-63.51941883948321	-52.10952829065836	-72.21679637149204	72.21679637149204	sum(abs(pFBA_flux)/10*directional_reaction_dg)
383f66764574e400	formaldehyde	Formaldehyde	12	9.03777670849372	1	True	False	False	12	-61.05373244063019	-63.96256851675744	-52.55267796793258	-72.48703222244393	72.48703222244393	sum(abs(pFBA_flux)/10*directional_reaction_dg)
8873b07eeeed0234	formaldehyde	Formaldehyde	13	9.37326785120329	1	True	False	False	13	-61.053732440630235	-61.15993214270934	-49.75004159388447	-68.51377193436674	68.51377193436674	sum(abs(pFBA_flux)/10*directional_reaction_dg)
1c914cb5125beea1	formaldehyde	Formaldehyde	10	8.804999049215068	0	True	False	False	10	-88.95302915154161	-90.79227667475553	-77.95614852371473	-95.35627754194739	95.35627754194739	sum(abs(pFBA_flux)/10*directional_reaction_dg)
2e673fc417ddb187	formaldehyde	Formaldehyde	10	9.501108390720184	0	True	False	False	10	-88.9530291515415	-89.80160986673982	-76.96548171569903	-95.08355097748867	95.08355097748867	sum(abs(pFBA_flux)/10*directional_reaction_dg)
54c7adbde1ef5e18	formaldehyde	Formaldehyde	11	10.640105593781307	0	True	False	False	11	-88.9530291515415	-89.3927687025882	-76.55664055154745	-94.08380316246998	94.08380316246998	sum(abs(pFBA_flux)/10*directional_reaction_dg)
5bea01832e95338c	formaldehyde	Formaldehyde	11	8.866752524000688	1	True	False	False	11	97.2931307089259	-93.59814702903921	-80.76201887799843	-118.03692357072492	118.03692357072492	sum(abs(pFBA_flux)/10*directional_reaction_dg)
02bfe3a89c0c2856	formaldehyde	Formaldehyde	11	9.567684636792324	1	True	False	False	11	97.29313070892601	-82.07650816141324	-69.24038001037249	-110.20862449723833	110.20862449723833	sum(abs(pFBA_flux)/10*directional_reaction_dg)
8f5e0ed894b51b60	formaldehyde	Formaldehyde	12	10.710791763416045	1	True	False	False	12	97.29313070892601	-84.86892133899401	-72.03279318795325	-112.2754337811254	112.2754337811254	sum(abs(pFBA_flux)/10*directional_reaction_dg)
0d00dd425677d702	formaldehyde	Formaldehyde	11	8.86675465841314	0	True	False	False	11	-94.53918620692612	-113.89013536518779	-96.77529783046676	-137.7615680680937	137.7615680680937	sum(abs(pFBA_flux)/10*directional_reaction_dg)
16eaed8dbe146f64	formaldehyde	Formaldehyde	11	9.567686853765101	0	True	False	False	11	-94.539186206926	-96.85958828365358	-79.74475074893255	-122.39523674100084	122.39523674100084	sum(abs(pFBA_flux)/10*directional_reaction_dg)
827c18cb42fda3fd	formaldehyde	Formaldehyde	12	10.71079416911276	0	True	False	False	12	-94.539186206926	-101.33382174173045	-84.21898420700941	-127.59639432525604	127.59639432525604	sum(abs(pFBA_flux)/10*directional_reaction_dg)
6fb1eb4011eaea9e	formaldehyde	Formaldehyde	7	11.915427733184767	1	True	False	False	7	-42.98325969751069	-43.453311981915206	-32.04342143309035	-52.33147662591621	52.33147662591621	sum(abs(pFBA_flux)/10*directional_reaction_dg)
479cd590f2784f23	formaldehyde	Formaldehyde	12	8.925661809164898	2	True	False	False	12	-42.93974135719552	-46.90093773503285	-35.491047186208	-87.05939427408323	87.05939427408323	sum(abs(pFBA_flux)/10*directional_reaction_dg)
f94b0621081f713b	formaldehyde	Formaldehyde	12	9.631194385570012	2	True	False	False	12	-42.93974135719544	-46.47829755782064	-35.06840700899578	-87.1478230937888	87.1478230937888	sum(abs(pFBA_flux)/10*directional_reaction_dg)
1c95220bfaa82fa0	formaldehyde	Formaldehyde	13	10.778499044463157	2	True	False	False	13	-42.93974135719544	-47.024833999012465	-35.61494345018761	-88.63213735583679	88.63213735583679	sum(abs(pFBA_flux)/10*directional_reaction_dg)
2ee305fb0e91c450	formaldehyde	Formaldehyde	6	11.869058295098913	0	True	False	False	6	-52.13418155718664	-52.51870303234473	-41.10881248351987	-46.06011515071967	46.06011515071967	sum(abs(pFBA_flux)/10*directional_reaction_dg)
cb9b9d531c3bb551	formaldehyde	Formaldehyde	11	8.866754668091346	1	True	False	False	11	-52.134181557186885	-55.97962578188296	-44.56973523305811	-82.53827652074044	82.53827652074044	sum(abs(pFBA_flux)/10*directional_reaction_dg)
5d0968e7581c7147	formaldehyde	Formaldehyde	11	9.567686850729533	1	True	False	False	11	-52.1341815571868	-55.565981896774574	-44.156091347949726	-82.379318654324	82.379318654324	sum(abs(pFBA_flux)/10*directional_reaction_dg)
feeb197b25a3b126	formaldehyde	Formaldehyde	12	10.71079416534734	1	True	False	False	12	-52.1341815571868	-56.10945039479783	-44.69955984597297	-83.55045716288204	83.55045716288204	sum(abs(pFBA_flux)/10*directional_reaction_dg)
af35dd17f220757d	formaldehyde	Formaldehyde	10	6.214511758355677	1	True	False	False	10	-29.762235565844545	-30.53284933591368	-16.840981019620607	-21.253974158588072	21.253974158588072	sum(abs(pFBA_flux)/10*directional_reaction_dg)
e98297ed20311e66	formaldehyde	Formaldehyde	10	5.908216278504377	1	True	False	False	10	-29.762238946140794	-35.366826835342145	-21.674956807565316	-31.458281886603572	31.458281886603572	sum(abs(pFBA_flux)/10*directional_reaction_dg)
b20538608ca1fe72	formaldehyde	Formaldehyde	10	6.943377420693574	1	True	False	False	10	-29.762238946140783	-34.61274640031089	-20.92087637253406	-33.67485678136416	33.67485678136416	sum(abs(pFBA_flux)/10*directional_reaction_dg)
04c4097a24bffc53	formaldehyde	Formaldehyde	13	5.869685986420538	1	True	False	False	13	-29.762238946140783	-34.15138204036075	-20.45951201258392	-34.10828513648495	34.10828513648495	sum(abs(pFBA_flux)/10*directional_reaction_dg)
964c3ec4d04512fe	formaldehyde	Formaldehyde	14	16.985439298983245	2	True	False	False	14	-69.15499697513837	-69.51622805665887	-59.7363238279333	-85.41951266801833	85.41951266801833	sum(abs(pFBA_flux)/10*directional_reaction_dg)
bed4c93173dda0e8	formaldehyde	Formaldehyde	20	6.294367063394188	3	False	True	False	20	-69.1549969751384	-76.12513777684956	-66.34523354812399	-98.13802394275099	98.13802394275099	sum(abs(pFBA_flux)/10*directional_reaction_dg)
aa59a2272c5fdcc4	formaldehyde	Formaldehyde	19	7.300347246965577	2	True	False	False	19	-69.15499697513843	-75.30763067085091	-65.52772644212534	-98.11220592082606	98.11220592082606	sum(abs(pFBA_flux)/10*directional_reaction_dg)
e325595e339c9293	formaldehyde	Formaldehyde	13	8.98208060712442	1	True	False	False	13	-71.63797062338436	-75.73905401404339	-62.902925863002615	-101.78958627576262	101.78958627576262	sum(abs(pFBA_flux)/10*directional_reaction_dg)
df795fd3e3c23b18	formaldehyde	Formaldehyde	13	9.69201926036206	1	True	False	False	13	-71.63797062338425	-75.30893736218633	-62.47280921114555	-102.05830345700456	102.05830345700456	sum(abs(pFBA_flux)/10*directional_reaction_dg)
46b5478a660f8ac9	formaldehyde	Formaldehyde	14	10.84356746207774	1	True	False	False	14	-71.63797062338425	-75.85859627715045	-63.02246812610968	-102.9632781189979	102.9632781189979	sum(abs(pFBA_flux)/10*directional_reaction_dg)
930165876e33b670	formaldehyde	Formaldehyde	18	-1.2066483884162071	2	False	False	True	18	-58.65059961047202	-58.58708675190501	-44.895218435611945	-46.49083453643396	46.49083453643396	sum(abs(pFBA_flux)/10*directional_reaction_dg)
62325862c76ba8c0	formaldehyde	Formaldehyde	19	3.3599490031545716	2	True	False	False	19	-58.624491983967935	-58.66121694018504	-44.96934691240821	-60.16539144368101	60.16539144368101	sum(abs(pFBA_flux)/10*directional_reaction_dg)
35dda044c358c47a	formaldehyde	Formaldehyde	19	5.284868303260821	2	True	False	False	19	-58.62449198396794	-62.88537331365522	-49.193503285878386	-67.97311194433604	67.97311194433604	sum(abs(pFBA_flux)/10*directional_reaction_dg)
fc5b8921f07fdeae	formate	Formate	12	-14.094105181430905	1	False	False	True	12	-13.705754240905335	-18.721004014042332	-5.88487757448531	-19.198365673213225	19.198365673213225	sum(abs(pFBA_flux)/10*directional_reaction_dg)
a67030b5237e815e	formate	Formate	19	10.157565667608589	1	True	False	False	19	-68.4361551170099	-69.3248436524161	-90.7183905708174	-195.68246034319165	195.68246034319165	sum(abs(pFBA_flux)/10*directional_reaction_dg)
6d7709b0d6023c30	formate	Formate	10	-14.691242235608557	1	False	False	True	10	-19.345956313242635	-24.07345906305556	-6.958623239818285	-10.847316971068063	10.847316971068063	sum(abs(pFBA_flux)/10*directional_reaction_dg)
b09415bf13bfa895	formate	Formate	17	10.107876103443957	1	True	False	False	17	-74.0763571893472	-74.80367890702591	-91.91851644174693	-186.27891773211473	186.27891773211473	sum(abs(pFBA_flux)/10*directional_reaction_dg)
3c83345a7213d4a5	formate	Formate	19	9.57873261113847	2	True	False	False	19	-74.07635718934753	-78.47660275600236	-95.59144029072337	-187.90889271709636	187.90889271709636	sum(abs(pFBA_flux)/10*directional_reaction_dg)
7b43f6920c80bbbe	formate	Formate	19	-12.332570687521049	2	False	False	True	19	-46.645882719449475	-52.34875745636384	-52.348757456363856	-70.40617440732788	70.40617440732788	sum(abs(pFBA_flux)/10*directional_reaction_dg)
27d1be7222e07163	formate	Formate	20	9.578732611329247	2	True	False	False	20	-74.07635718934714	-78.47665024413153	-95.59148777885258	-187.90890908649192	187.90890908649192	sum(abs(pFBA_flux)/10*directional_reaction_dg)
3dfac2f0e52d908c	formate	Formate	16	-13.037905192301535	1	False	False	True	16	-947.6471564329644	-953.5777617022076	-940.7416352626506	-948.4603505402013	948.4603505402013	sum(abs(pFBA_flux)/10*directional_reaction_dg)
b737169858dc7c4b	formate	Formate	15	-13.546537838038716	1	False	False	True	15	-18.37290446108737	-23.790890944501164	-10.954764504944148	-26.148683100564504	26.148683100564504	sum(abs(pFBA_flux)/10*directional_reaction_dg)
0902f5206d1f6340	formate	Formate	13	-13.81488971403206	1	False	False	True	13	-955.0362257094058	-961.0884922771199	-948.2523658375629	-960.4082962138395	960.4082962138395	sum(abs(pFBA_flux)/10*directional_reaction_dg)
1c915cf2c8d6a789	formate	Formate	12	-14.094105185734508	3	False	True	True	12	16.987772606678064	12.43874012905205	25.274868280092814	15.709578392267892	-15.709578392267892	sum(abs(pFBA_flux)/10*directional_reaction_dg)
4f9cac2f104cf77f	formate	Formate	18	10.133073366810768	1	True	False	False	18	-38.51632203344987	-39.48284180896154	-56.59767934368257	-149.36229352750658	149.36229352750658	sum(abs(pFBA_flux)/10*directional_reaction_dg)
63a638c4e35e2f6b	formate	Formate	19	9.591267735262461	2	True	False	False	19	-30.901326997161675	-35.94178386952953	-53.05662140425054	-151.1317806001648	151.1317806001648	sum(abs(pFBA_flux)/10*directional_reaction_dg)
4e47fecea627e23a	formate	Formate	20	9.578732610196846	2	True	False	False	20	-30.901326997161433	-36.09034443151916	-53.20518196624017	-152.0413173630792	152.0413173630792	sum(abs(pFBA_flux)/10*directional_reaction_dg)
0011446674aa0f23	formate	Formate	12	-14.094105185386752	1	False	False	True	12	-21.0251463446245	-26.044863873377466	-17.487446817500707	-24.955896884773367	24.955896884773367	sum(abs(pFBA_flux)/10*directional_reaction_dg)
91c037facdc6cab8	formate	Formate	19	10.157565668552856	1	True	False	False	19	-75.62499218672782	-76.43399919145011	-102.10625549353166	-199.96585640395583	199.96585640395583	sum(abs(pFBA_flux)/10*directional_reaction_dg)
e41159551d1c7f70	formate	Formate	20	9.944090519733374	2	True	False	False	20	-75.82082473773008	-79.33657028313121	-105.00882658521279	-205.542414355474	205.542414355474	sum(abs(pFBA_flux)/10*directional_reaction_dg)
6ba75732dba7d85d	formate	Formate	6	-16.112725191409382	2	False	False	True	6	2.6639679210709684	-0.7611211080754252	10.64876944074943	0.00276863257804294	-0.00276863257804294	sum(abs(pFBA_flux)/10*directional_reaction_dg)
7f19ba8ae6aa2783	formate	Formate	17	10.107876103443957	1	True	False	False	17	-33.8229600941081	-34.531455723650794	-45.94134627247564	-138.21551028158626	138.21551028158626	sum(abs(pFBA_flux)/10*directional_reaction_dg)
ed263f089ca4bd58	formate	Formate	19	9.591267735262461	2	True	False	False	19	-33.82296009410827	-38.85790737073326	-50.26779791955811	-143.8996692214332	143.8996692214332	sum(abs(pFBA_flux)/10*directional_reaction_dg)
5e7ff8f298038d4e	formate	Formate	18	-12.560908673953266	2	False	False	True	18	-6.4577647265000255	-11.562446161261224	-5.857497463881288	-28.966821563652537	28.966821563652537	sum(abs(pFBA_flux)/10*directional_reaction_dg)
846f3dcb4e24de60	formate	Formate	20	9.591267740987005	2	True	False	False	20	-33.82296009410801	-38.85792643522911	-50.267816984053994	-143.89426394482254	143.89426394482254	sum(abs(pFBA_flux)/10*directional_reaction_dg)
0ae60e0ac3bb51dd	formate	Formate	5	-16.543382632660002	2	False	False	True	5	16.690008890855523	13.41775275470332	24.827643303528177	13.057912100977536	-13.057912100977536	sum(abs(pFBA_flux)/10*directional_reaction_dg)
d7383e6cdd4d3ea0	formate	Formate	17	10.107876102569138	1	True	False	False	17	-28.91865112811847	-29.806952731481566	-46.92178855471884	-145.4321386474686	145.4321386474686	sum(abs(pFBA_flux)/10*directional_reaction_dg)
c8b33ca49f974fd2	formate	Formate	19	9.591267735262461	2	True	False	False	19	-28.918651128118636	-34.038829551736725	-51.153665374974004	-150.40677842061544	150.40677842061544	sum(abs(pFBA_flux)/10*directional_reaction_dg)
11cdc7205b34a5b2	formate	Formate	17	-13.182492065705793	6	False	True	True	17	-29.36914558833223	-33.365721183670296	-47.62806982208948	-86.22400943295912	86.22400943295912	sum(abs(pFBA_flux)/10*directional_reaction_dg)
5c63a026cae1f53f	formate	Formate	17	-13.182492067984006	6	False	True	True	17	-29.369145588332202	-33.36569939738882	-47.628048035807986	-87.25126406855601	87.25126406855601	sum(abs(pFBA_flux)/10*directional_reaction_dg)
f0f8809f28411f90	formate	Formate	20	-12.332570687219784	2	False	False	True	20	-10.609912996879942	-15.646120025172447	-21.35106358810112	-41.76811523304996	41.76811523304996	sum(abs(pFBA_flux)/10*directional_reaction_dg)
56955d8540346b97	formate	Formate	19	-107.49776430974141	3	False	True	True	19	-22.682555609218394	-21.399685850581115	-15.694742287652439	-2.925582445586061	2.925582445586061	sum(abs(pFBA_flux)/10*directional_reaction_dg)
3795f90a00cd1a57	formate	Formate	17	-22.321514007061857	3	False	True	True	17	-11.185810081645311	-19.745451499670565	-14.040507936741891	-27.074509419387972	27.074509419387972	sum(abs(pFBA_flux)/10*directional_reaction_dg)
603edf21c968d4aa	formate	Formate	7	-15.719192638966337	2	False	False	True	7	-24.33524832298316	-27.844047373183482	-22.139102098771055	-39.000694867776396	39.000694867776396	sum(abs(pFBA_flux)/10*directional_reaction_dg)
2dc65b1d9b08a221	formate	Formate	18	10.133073368677826	1	True	False	False	18	-51.65692599405233	-51.88705320562815	-63.29694375445301	-132.38292536623823	132.38292536623823	sum(abs(pFBA_flux)/10*directional_reaction_dg)
68b455ced45f5e32	formate	Formate	19	9.57873261113847	2	True	False	False	19	-51.70044433436772	-56.45579636570365	-67.8656869145285	-131.65840372022242	131.65840372022242	sum(abs(pFBA_flux)/10*directional_reaction_dg)
abe1dd6cdff240b5	formate	Formate	19	-12.332570688346017	2	False	False	True	19	-24.269971462814397	-29.29282495757872	-23.58787626019879	-30.883442696290686	30.883442696290686	sum(abs(pFBA_flux)/10*directional_reaction_dg)
a177e2525f093326	formate	Formate	20	-13.59141226459587	3	False	True	True	20	-24.313489803129702	-29.183940640922287	-23.478991943542344	-36.20586438110025	36.20586438110025	sum(abs(pFBA_flux)/10*directional_reaction_dg)
e8667e3353aba1e5	formate	Formate	6	-16.112725191302136	2	False	False	True	6	-6.221257239548404	-9.569522656205422	-3.8645773817929907	-22.743055950446067	22.743055950446067	sum(abs(pFBA_flux)/10*directional_reaction_dg)
cc9c2a76d5be0c56	formate	Formate	17	10.107876103326152	1	True	False	False	17	-33.58645325093282	-33.72460898200859	-45.134499530833445	-131.57184603479106	131.57184603479106	sum(abs(pFBA_flux)/10*directional_reaction_dg)
7103feab5a51581f	formate	Formate	19	9.591267733271799	2	True	False	False	19	-33.58645325093296	-38.36097138244298	-49.770861931267866	-137.51654795955642	137.51654795955642	sum(abs(pFBA_flux)/10*directional_reaction_dg)
77b31e5291b5cd8a	formate	Formate	18	-12.560908674607658	2	False	False	True	18	-6.199498719694876	-11.232363271961939	-5.527414574582005	-25.825432881165508	25.825432881165508	sum(abs(pFBA_flux)/10*directional_reaction_dg)
f1982caf89d6339d	formate	Formate	20	-12.110281519146975	3	False	True	True	20	-6.2647762236401014	-11.63030871738127	-5.925360020001346	-41.02356498300055	41.02356498300055	sum(abs(pFBA_flux)/10*directional_reaction_dg)
8873d0fb50aadc71	formate	Formate	20	9.578732611329247	2	True	False	False	20	-33.58645325093272	-38.46632586641869	-49.87621641524357	-138.0442357359977	138.0442357359977	sum(abs(pFBA_flux)/10*directional_reaction_dg)
b10f00f6f425f090	formate	Formate	6	-16.112725191302136	2	False	False	True	6	-15.415697439539764	-18.73029908607903	-13.0253538116666	-24.174190470234663	24.174190470234663	sum(abs(pFBA_flux)/10*directional_reaction_dg)
f111262b57ef0976	formate	Formate	17	10.107876103443957	1	True	False	False	17	-42.78089345092417	-42.99624031445699	-54.406130863281845	-127.82670525558547	127.82670525558547	sum(abs(pFBA_flux)/10*directional_reaction_dg)
65270d70eebb10ee	formate	Formate	19	9.591267735262461	2	True	False	False	19	-42.780893450924324	-47.505052001105305	-58.91494254993017	-134.30840244297926	134.30840244297926	sum(abs(pFBA_flux)/10*directional_reaction_dg)
ad0d1e5b504098b4	formate	Formate	18	-12.560908667645515	2	False	False	True	18	-15.415698083316105	-20.434590470928352	-14.729641773548419	-30.875268585224738	30.875268585224738	sum(abs(pFBA_flux)/10*directional_reaction_dg)
99f11edc01065b64	formate	Formate	20	-12.110281537927051	3	False	True	True	20	-15.480975587261327	-20.831940443643234	-15.1269917462633	-46.82583397660201	46.82583397660201	sum(abs(pFBA_flux)/10*directional_reaction_dg)
81a2be64db8bca3b	formate	Formate	13	-14.094105162815495	2	False	False	True	13	-11.287213608284999	-15.659706769599895	-19.08267598802785	-30.69587842123844	30.69587842123844	sum(abs(pFBA_flux)/10*directional_reaction_dg)
064bd716c3c0f86d	formate	Formate	18	10.133073367274422	1	True	False	False	18	-33.179375986904546	-33.986912334852036	-51.10174986957307	-152.92089352560652	152.92089352560652	sum(abs(pFBA_flux)/10*directional_reaction_dg)
2fcd092683af42f8	formate	Formate	20	9.610871897175373	2	True	False	False	20	-33.1793759869047	-38.26517039064608	-55.38000792536708	-156.23654533196674	156.23654533196674	sum(abs(pFBA_flux)/10*directional_reaction_dg)
d5fad83d4b20179f	formate	Formate	20	9.578732610196846	2	True	False	False	20	-33.17937598690446	-38.35709198061218	-55.471929515333194	-155.22972510680728	155.22972510680728	sum(abs(pFBA_flux)/10*directional_reaction_dg)
b65108c22b263ed7	formate	Formate	18	-12.560908663511912	3	False	True	True	18	-27.242751874330683	-32.602412191656896	-25.267484020112704	-40.504080114029506	40.504080114029506	sum(abs(pFBA_flux)/10*directional_reaction_dg)
75d43a179e9a6126	methanol	Methanol	12	13.56403974642885	0	True	False	False	12	-89.49618999379263	-93.4243908393195	-80.58826439976245	-84.58405718131286	84.58405718131286	sum(abs(pFBA_flux)/10*directional_reaction_dg)
fd12ee1e820f7da6	methanol	Methanol	12	13.564039753407332	0	True	False	False	12	-158.39618999362835	-158.51225195203625	-145.67612551247925	-137.2791685146732	137.2791685146732	sum(abs(pFBA_flux)/10*directional_reaction_dg)
e4647347bfc3feb9	methanol	Methanol	12	10.104719293400978	1	True	False	False	12	-25.972614923792946	-38.32575709049097	-25.489630650933936	-42.644291341502075	42.644291341502075	sum(abs(pFBA_flux)/10*directional_reaction_dg)
ff797b26de075c66	methanol	Methanol	19	-1.5848439190421002	4	False	True	True	19	-26.07053119929374	-26.65445373495847	-13.818327295401446	-34.86719343305006	34.86719343305006	sum(abs(pFBA_flux)/10*directional_reaction_dg)
bf9f23e8d02d763b	methanol	Methanol	13	13.565238756045456	0	True	False	False	13	-123.9461899937105	-127.24620226294503	-114.41007582338797	-110.60693805441758	110.60693805441758	sum(abs(pFBA_flux)/10*directional_reaction_dg)
3b39c05502cc4510	methanol	Methanol	13	10.192037641655197	1	True	False	False	13	-57.73440245879269	-68.12855590558489	-55.292429466027855	-65.91830704555579	65.91830704555579	sum(abs(pFBA_flux)/10*directional_reaction_dg)
ea2ce09ba07cd321	methanol	Methanol	18	4.442893493183481	2	True	False	False	18	-89.49618999379261	-102.65055257437957	-89.81442613482254	-98.80616311299084	98.80616311299084	sum(abs(pFBA_flux)/10*directional_reaction_dg)
59248f81cc407939	methanol	Methanol	13	10.192037646788071	1	True	False	False	13	-92.18440245871058	-104.86769278108811	-92.0315663415311	-98.65500713079379	98.65500713079379	sum(abs(pFBA_flux)/10*directional_reaction_dg)
425490f13165ca7e	methanol	Methanol	19	-1.584843927704404	3	False	True	True	19	-92.18440245871066	-92.72776567718422	-79.89163923762722	-83.08353271933944	83.08353271933944	sum(abs(pFBA_flux)/10*directional_reaction_dg)
3a1acc8b51d21b9c	methanol	Methanol	19	-0.02869166685799721	4	False	True	True	19	-26.037892440793506	-26.38736419785608	-13.551237758299056	-45.8709600829153	45.8709600829153	sum(abs(pFBA_flux)/10*directional_reaction_dg)
13174b3c23dfa897	methanol	Methanol	20	-12.131749282023854	2	False	False	True	20	-94.20303543295954	-94.09115935290623	-81.25503291334923	-100.1699918642611	100.1699918642611	sum(abs(pFBA_flux)/10*directional_reaction_dg)
0ab39b880707aafc	methanol	Methanol	20	-12.547365562568721	3	False	True	True	20	-50.06184815713343	-55.953060891168676	-43.11693445161166	-66.77887473157544	66.77887473157544	sum(abs(pFBA_flux)/10*directional_reaction_dg)
470731c957b1326c	methanol	Methanol	20	-12.547365569189324	3	False	True	True	20	-73.02851252707869	-77.67755437782948	-64.84142793827246	-86.47695613344088	86.47695613344088	sum(abs(pFBA_flux)/10*directional_reaction_dg)
46b06880aae4047f	methanol	Methanol	14	10.27595864006462	1	True	False	False	14	-91.2883284628356	-102.94897883439985	-90.11285239484282	-96.03830033668122	96.03830033668122	sum(abs(pFBA_flux)/10*directional_reaction_dg)
956358b3e213caa3	methanol	Methanol	19	4.62610013926753	2	True	False	False	19	-112.46285136871637	-113.48328014968477	-100.64715371012775	-108.65059607819006	108.65059607819006	sum(abs(pFBA_flux)/10*directional_reaction_dg)
e5408bc5b843ad57	methanol	Methanol	19	4.626100140366838	3	False	True	False	19	-68.32166409289034	-71.18582059939774	-58.34969415984072	-66.27469710910087	66.27469710910087	sum(abs(pFBA_flux)/10*directional_reaction_dg)
e2a099b876a29eeb	methanol	Methanol	19	4.804181207440282	3	False	True	False	19	-91.2883284628356	-93.1052736457337	-80.26914720617668	-87.48047730890977	87.48047730890977	sum(abs(pFBA_flux)/10*directional_reaction_dg)
6f46a152ab370bfc	methanol	Methanol	10	13.257526384831177	0	True	False	False	10	-95.13639206612996	-106.40276093088623	-89.28792510764893	-88.39128887731356	88.39128887731356	sum(abs(pFBA_flux)/10*directional_reaction_dg)
816acf856bc60719	methanol	Methanol	10	13.25752640508054	0	True	False	False	10	-164.0363920659657	-164.09975911561756	-146.98492329238024	-134.00481014157555	134.00481014157555	sum(abs(pFBA_flux)/10*directional_reaction_dg)
e34570de418da801	methanol	Methanol	10	13.257526405167903	1	True	False	False	10	-31.612816996130242	-31.688082153344226	-14.573246330106947	-59.340223921591786	59.340223921591786	sum(abs(pFBA_flux)/10*directional_reaction_dg)
1eedcafba97a2428	methanol	Methanol	15	4.059142777974968	2	True	False	False	15	-95.13639206612994	-100.97522105015825	-83.860385226921	-90.27950154021991	90.27950154021991	sum(abs(pFBA_flux)/10*directional_reaction_dg)
867ec263d6e85d37	methanol	Methanol	19	-12.351099651932131	4	False	True	True	19	-67.74666542352236	-67.27693647909496	-50.16210065585767	-68.4561090594167	68.4561090594167	sum(abs(pFBA_flux)/10*directional_reaction_dg)
b205f7a74a42726e	methanol	Methanol	19	-12.351099646314921	4	False	True	True	19	-102.19666542344025	-103.03540611966841	-85.92057029643115	-98.99449331997724	98.99449331997724	sum(abs(pFBA_flux)/10*directional_reaction_dg)
124caeb32f82a139	methanol	Methanol	19	-12.75593648490118	5	False	True	True	19	-35.98487788852256	-40.63107858542833	-23.51624276219105	-43.149466040596394	43.149466040596394	sum(abs(pFBA_flux)/10*directional_reaction_dg)
3f56b5c72f3e57b1	methanol	Methanol	17	-12.8087606184324	2	False	False	True	17	-67.74666542352196	-67.8321611687913	-50.717325345554045	-69.9283126508107	69.9283126508107	sum(abs(pFBA_flux)/10*directional_reaction_dg)
54b25bbe2bbc5499	methanol	Methanol	17	-12.808760599852766	2	False	False	True	17	-102.19666542343985	-102.99955192773034	-85.88471610449304	-101.25921546769558	101.25921546769558	sum(abs(pFBA_flux)/10*directional_reaction_dg)
ffb12288af26727a	methanol	Methanol	17	-13.19112358108508	3	False	True	True	17	-35.98487788852217	-40.403661853506534	-23.288826030269256	-40.73804816225022	40.73804816225022	sum(abs(pFBA_flux)/10*directional_reaction_dg)
0f71626e15ca01ae	methanol	Methanol	18	-12.57658877840323	3	False	True	True	18	-67.74666542352233	-72.68745966567707	-55.5726238424398	-71.87250068807568	71.87250068807568	sum(abs(pFBA_flux)/10*directional_reaction_dg)
ed73cebe7fa43e34	methanol	Methanol	18	-12.576588780929342	3	False	True	True	18	-102.19666542344022	-103.01775085122318	-85.90291502798591	-96.34344057055186	96.34344057055186	sum(abs(pFBA_flux)/10*directional_reaction_dg)
a949e62dd7ac938a	methanol	Methanol	18	-12.970349803880637	4	False	True	True	18	-35.98487788852254	-40.51917567734127	-23.404339854104006	-42.12213161084765	42.12213161084765	sum(abs(pFBA_flux)/10*directional_reaction_dg)
8ddc22781fca7056	methanol	Methanol	11	13.364945025117425	0	True	False	False	11	-129.58639206604784	-134.73403726354312	-117.61920144030587	-111.07012035013867	111.07012035013867	sum(abs(pFBA_flux)/10*directional_reaction_dg)
d755e5c1fb83cba1	methanol	Methanol	11	13.364945027398779	1	True	False	False	11	-63.37460453112998	-65.82118686864884	-48.70635104541157	-76.10261671285548	76.10261671285548	sum(abs(pFBA_flux)/10*directional_reaction_dg)
3264209a672906f4	methanol	Methanol	16	4.059142857954215	2	True	False	False	16	-95.13639206612994	-102.35487287161253	-85.24003704837524	-92.23092491983253	92.23092491983253	sum(abs(pFBA_flux)/10*directional_reaction_dg)
382a8010b76fe443	methanol	Methanol	11	13.364945030692706	1	True	False	False	11	-97.82460453104788	-97.89642880346592	-80.78159298022865	-101.41775353885564	101.41775353885564	sum(abs(pFBA_flux)/10*directional_reaction_dg)
991fa971e4ad8086	methanol	Methanol	16	4.254090353083603	2	True	False	False	16	-129.58639206604786	-136.2931160760018	-119.17828025276454	-125.51676791719885	125.51676791719885	sum(abs(pFBA_flux)/10*directional_reaction_dg)
b39165bc21e6c27a	methanol	Methanol	16	4.2540903454514885	3	False	True	False	16	-63.374604531130096	-72.78458116847702	-55.669745345239754	-77.02166789092915	77.02166789092915	sum(abs(pFBA_flux)/10*directional_reaction_dg)
1497346b1718b686	methanol	Methanol	20	-12.35109965101936	4	False	True	True	20	-58.61675472373772	-59.68712421860251	-42.57229010684898	-69.43031356786348	69.43031356786348	sum(abs(pFBA_flux)/10*directional_reaction_dg)
0965ad11d740635d	methanol	Methanol	20	-12.351099652132552	4	False	True	True	20	-81.58341909368299	-82.49484146270429	-65.38000735095076	-86.22826386402637	86.22826386402637	sum(abs(pFBA_flux)/10*directional_reaction_dg)
a247d66a8c1a8662	methanol	Methanol	20	-12.755936484102314	5	False	True	True	20	-37.44223181785708	-42.170156606118894	-25.055322494365374	-53.50811775458983	53.50811775458983	sum(abs(pFBA_flux)/10*directional_reaction_dg)
de9eeae4d72f7c3f	methanol	Methanol	20	-12.35109965083488	4	False	True	True	20	-58.61675041758733	-58.04590811104505	-40.93107399929153	-66.20873963615247	66.20873963615247	sum(abs(pFBA_flux)/10*directional_reaction_dg)
9379161598d01814	methanol	Methanol	20	-12.351099654265573	4	False	True	True	20	-81.58341478753259	-82.49485551261431	-65.38002140086077	-84.60416400706546	84.60416400706546	sum(abs(pFBA_flux)/10*directional_reaction_dg)
b6a0c9cf57176032	methanol	Methanol	20	-12.755936484706737	5	False	True	True	20	-37.44222751170668	-42.170464958398924	-25.055630846645403	-53.26204414639639	53.26204414639639	sum(abs(pFBA_flux)/10*directional_reaction_dg)
e5fb4791e0cabcec	methanol	Methanol	20	-12.131749353780217	4	False	True	True	20	-99.84323750529713	-100.70260549182255	-83.58776966858527	-91.89428186789631	91.89428186789631	sum(abs(pFBA_flux)/10*directional_reaction_dg)
7004b28dd8a1af32	methanol	Methanol	20	-12.547365620484564	5	False	True	True	20	-55.70205022947099	-59.94206785945973	-42.827232036222476	-58.290428750149545	58.290428750149545	sum(abs(pFBA_flux)/10*directional_reaction_dg)
1c56ef7204491b7f	methanol	Methanol	20	-12.547365621530755	5	False	True	True	20	-78.66871459941628	-83.42427845593011	-66.30944263269284	-79.38836067810787	79.38836067810787	sum(abs(pFBA_flux)/10*directional_reaction_dg)
da5ed568bf328ebc	methanol	Methanol	19	-12.576588791474903	3	False	True	True	19	-58.61675472373775	-59.50860664507279	-42.393772533319286	-67.45578708486792	67.45578708486792	sum(abs(pFBA_flux)/10*directional_reaction_dg)
fabd5226b3d1af8d	methanol	Methanol	19	-12.576588786471783	3	False	True	True	19	-81.583419093683	-82.47555098823518	-65.36071687648165	-86.21450483162441	86.21450483162441	sum(abs(pFBA_flux)/10*directional_reaction_dg)
61eea364a2bd9c52	methanol	Methanol	19	-12.970349807960021	4	False	True	True	19	-37.44223181785709	-42.056676518544165	-24.94184240679063	-52.42596242286412	52.42596242286412	sum(abs(pFBA_flux)/10*directional_reaction_dg)
da0443fc2ca4999d	methanol	Methanol	18	-12.57658879070218	2	False	False	True	18	-99.84323750529684	-100.08921096748107	-82.97437514424378	-92.028110747116	92.028110747116	sum(abs(pFBA_flux)/10*directional_reaction_dg)
3cbc882afaa06ead	methanol	Methanol	18	-12.970349808124746	3	False	True	True	18	-55.702050229470736	-60.626271715467745	-43.51143589223046	-58.05063852820247	58.05063852820247	sum(abs(pFBA_flux)/10*directional_reaction_dg)
3e5b5008b9c1beb6	methanol	Methanol	18	-12.97034978999272	3	False	True	True	18	-78.66871459941599	-83.20277673355798	-66.0879409103207	-78.67919632834672	78.67919632834672	sum(abs(pFBA_flux)/10*directional_reaction_dg)
45a615f4a4bdab8d	methanol	Methanol	19	-12.351099589154922	3	False	True	True	19	-99.8432375052971	-100.67183588500978	-83.5570000617725	-88.76131404342307	88.76131404342307	sum(abs(pFBA_flux)/10*directional_reaction_dg)
35900c503a280397	methanol	Methanol	19	-12.755936420946155	4	False	True	True	19	-55.70205022947098	-60.06531332317153	-42.95047749993425	-58.040941773968754	58.040941773968754	sum(abs(pFBA_flux)/10*directional_reaction_dg)
4706777afaddf4f7	methanol	Methanol	19	-12.755936424775541	4	False	True	True	19	-78.66871459941625	-83.31516259647948	-66.20032677324217	-79.26541861405431	79.26541861405431	sum(abs(pFBA_flux)/10*directional_reaction_dg)
41ec73f4baa1b095	methanol	Methanol	12	13.46729786926959	1	True	False	False	12	-96.9285305351729	-101.8255084767599	-84.71067265352262	-101.3056509907023	101.3056509907023	sum(abs(pFBA_flux)/10*directional_reaction_dg)
ab21c85dc8a01f35	methanol	Methanol	18	-0.14877588376515777	3	False	True	True	18	-96.92853053517297	-97.1043992546465	-79.98956343140921	-96.88479649124287	96.88479649124287	sum(abs(pFBA_flux)/10*directional_reaction_dg)
995a198eb7507f72	methanol	Methanol	18	-0.24600963172531565	4	False	True	True	18	-52.78734325934685	-53.0529040043286	-35.93806818109133	-70.67727162840072	70.67727162840072	sum(abs(pFBA_flux)/10*directional_reaction_dg)
a4b2fce05c3cb9fd	methanol	Methanol	18	-0.24600964344643236	4	False	True	True	18	-75.75400762929212	-76.04052283079834	-58.92568700756107	-91.09267170905524	91.09267170905524	sum(abs(pFBA_flux)/10*directional_reaction_dg)
fc6f3f04b185f1c9	methanol	Methanol	16	13.935010068824448	0	True	False	False	16	-1039.3837634703523	-1046.022959333331	-1033.186832893774	-1035.124430044126	1035.124430044126	sum(abs(pFBA_flux)/10*directional_reaction_dg)
84c746e5f516b976	methanol	Methanol	16	13.935010074062406	0	True	False	False	16	-1108.2837634701878	-1108.1683025791283	-1095.3321761395712	-1083.3989381483552	1083.3989381483552	sum(abs(pFBA_flux)/10*directional_reaction_dg)
cdb22b6b83f89b98	methanol	Methanol	16	11.627774527372074	1	True	False	False	16	-975.8601884003525	-987.9041934866367	-975.0680670470797	-987.2035610803497	987.2035610803497	sum(abs(pFBA_flux)/10*directional_reaction_dg)
1c5f30b852238ae4	methanol	Methanol	17	13.922059612661004	0	True	False	False	17	-1073.8337634702702	-1078.4858167746033	-1065.6496903350464	-1062.797238183617	1062.797238183617	sum(abs(pFBA_flux)/10*directional_reaction_dg)
98366d3426b9e4fc	methanol	Methanol	17	11.710631685976034	1	True	False	False	17	-1007.6219759353523	-1017.6777449031254	-1004.8416184635684	-1008.8185406330887	1008.8185406330887	sum(abs(pFBA_flux)/10*directional_reaction_dg)
f573cb21eeca3a5a	methanol	Methanol	17	11.710631681230435	1	True	False	False	17	-1042.07197593527	-1053.1065239722573	-1040.2703975327004	-1039.6750337075807	1039.6750337075807	sum(abs(pFBA_flux)/10*directional_reaction_dg)
1431bee6620906b7	methanol	Methanol	18	11.790453134790983	1	True	False	False	18	-1041.1759019393953	-1052.8270376659927	-1039.9909112264359	-1039.3440545776714	1039.3440545776714	sum(abs(pFBA_flux)/10*directional_reaction_dg)
149bc6371b7a554e	methanol	Methanol	15	11.409891675658889	0	True	False	False	15	-94.16334021397464	-2695.4709908885325	-2682.634864448976	-2684.4523897007916	2684.4523897007916	sum(abs(pFBA_flux)/10*directional_reaction_dg)
db798d413454167a	methanol	Methanol	15	11.409891689244132	0	True	False	False	15	-163.0633402138104	-163.2862395685893	-150.45011312903225	-142.31320732447685	142.31320732447685	sum(abs(pFBA_flux)/10*directional_reaction_dg)
2c503f8e95bc998d	methanol	Methanol	15	8.632632705571666	1	True	False	False	15	-30.639765143974977	-43.8135285815522	-30.97740214199518	-43.09591525766376	43.09591525766376	sum(abs(pFBA_flux)/10*directional_reaction_dg)
66759a2337b8dc0d	methanol	Methanol	20	4.8041810402146625	2	True	False	False	20	-94.16334021397462	-104.65223500377205	-91.81610856421504	-102.10525774163659	102.10525774163659	sum(abs(pFBA_flux)/10*directional_reaction_dg)
408685ac77977b25	methanol	Methanol	16	11.409891689624326	0	True	False	False	16	-128.6133402138925	-1453.0970137202012	-1440.260887280644	-1434.097840323382	1434.097840323382	sum(abs(pFBA_flux)/10*directional_reaction_dg)
89609271ec9d8cba	methanol	Methanol	16	8.71273445833762	1	True	False	False	16	-62.401552678974724	-74.87770375275484	-62.04157731319782	-70.3260798021013	70.3260798021013	sum(abs(pFBA_flux)/10*directional_reaction_dg)
ee6073fc349a4e9c	methanol	Methanol	16	8.712734457240208	1	True	False	False	16	-96.85155267889262	-110.32382043295101	-97.48769399339399	-101.80213872465632	101.80213872465632	sum(abs(pFBA_flux)/10*directional_reaction_dg)
090744a009ffb665	methanol	Methanol	17	8.790026363965115	1	True	False	False	17	-95.95547868301763	-108.47857579518639	-95.64244935562937	-100.21237318929808	100.21237318929808	sum(abs(pFBA_flux)/10*directional_reaction_dg)
81b591f7d4220eb5	methanol	Methanol	13	13.565238765849287	0	True	False	False	13	-1030.826661462293	-1034.0153141031753	-1021.1791876636181	-1026.7354619227526	1026.7354619227526	sum(abs(pFBA_flux)/10*directional_reaction_dg)
9d4d13791b8c28ac	methanol	Methanol	13	13.565238770219981	0	True	False	False	13	-1099.7266614621287	-1099.1858601386941	-1086.3497336991372	-1079.3208168860372	1079.3208168860372	sum(abs(pFBA_flux)/10*directional_reaction_dg)
d7015f4f6931e003	methanol	Methanol	13	12.513628745453492	1	True	False	False	13	-967.3030863922935	-977.2115443167049	-964.3754178771479	-996.5118731903337	996.5118731903337	sum(abs(pFBA_flux)/10*directional_reaction_dg)
3961e2ca61dafaca	methanol	Methanol	18	4.626100289468967	2	True	False	False	18	-1030.8266614622933	-1056.120489299619	-1043.2843628600622	-1053.3481964331854	1053.3481964331854	sum(abs(pFBA_flux)/10*directional_reaction_dg)
37dbe5165e4cd1f4	methanol	Methanol	20	-12.131749294383951	2	False	False	True	20	-1003.4369348196852	-1003.040357137707	-990.20423069815	-1018.2354462527534	1018.2354462527534	sum(abs(pFBA_flux)/10*directional_reaction_dg)
09695524ff7362ee	methanol	Methanol	20	-12.131749293574252	2	False	False	True	20	-1037.886934819603	-1038.5898333179598	-1025.7537068784027	-1049.5639662739284	1049.5639662739284	sum(abs(pFBA_flux)/10*directional_reaction_dg)
71f9cd5588fa313c	methanol	Methanol	20	-12.54736556868422	3	False	True	True	20	-971.6751472846854	-975.7463538112454	-962.9102273716884	-989.3262295236435	989.3262295236435	sum(abs(pFBA_flux)/10*directional_reaction_dg)
0d7a869e744d11f6	methanol	Methanol	14	13.659292115095624	0	True	False	False	14	-1065.276661462211	-1067.5522736189378	-1054.7161471793806	-1054.8662141591578	1054.8662141591578	sum(abs(pFBA_flux)/10*directional_reaction_dg)
b4e55bb7e661a593	methanol	Methanol	14	12.598049630223484	1	True	False	False	14	-999.0648739272932	-1024.0578681546517	-1011.2217417150948	-1034.18852821412	1034.18852821412	sum(abs(pFBA_flux)/10*directional_reaction_dg)
183455551823ea12	methanol	Methanol	19	4.804181015596286	2	True	False	False	19	-1030.8266614622933	-1035.1578527688189	-1022.3217263292618	-1032.9449694467291	1032.9449694467291	sum(abs(pFBA_flux)/10*directional_reaction_dg)
0190e14866c6158b	methanol	Methanol	14	12.598049660572315	1	True	False	False	14	-1033.514873927211	-1043.711855974112	-1030.8757295345551	-1049.18082880785	1049.18082880785	sum(abs(pFBA_flux)/10*directional_reaction_dg)
bebe2d9533a38443	methanol	Methanol	19	4.8041811045926215	2	True	False	False	19	-1065.2766614622112	-1073.109221288401	-1060.2730948488438	-1070.418093230455	1070.418093230455	sum(abs(pFBA_flux)/10*directional_reaction_dg)
eca800f52946a6eb	methanol	Methanol	19	4.804181017558168	3	False	True	False	19	-999.0648739272933	-1001.9290834319686	-989.0929569924117	-1008.9455365734343	1008.9455365734343	sum(abs(pFBA_flux)/10*directional_reaction_dg)
a18f55014e0fb7df	methanol	Methanol	15	12.679152441514383	1	True	False	False	15	-1032.618799931336	-1040.9247036999711	-1028.0885772604142	-1045.2368191903126	1045.2368191903126	sum(abs(pFBA_flux)/10*directional_reaction_dg)
5b29a1cad520d565	methanol	Methanol	20	4.977544710982681	2	True	False	False	20	-1053.7933228372167	-1074.7079056429202	-1061.871779203363	-1072.375576647874	1072.375576647874	sum(abs(pFBA_flux)/10*directional_reaction_dg)
8e034272750d3601	methanol	Methanol	20	4.977544655068449	3	False	True	False	20	-1009.6521355613909	-1028.061013657443	-1015.2248872178864	-1031.7704696165003	1031.7704696165003	sum(abs(pFBA_flux)/10*directional_reaction_dg)
5f85d4afab9d0e1c	methanol	Methanol	20	4.977544727606734	3	False	True	False	20	-1032.618799931336	-1034.9625974498156	-1022.1264710102587	-1038.289164578662	1038.289164578662	sum(abs(pFBA_flux)/10*directional_reaction_dg)
490e7ec845892492	methanol	Methanol	20	-12.527642193097005	4	False	True	True	20	-3.9742517232426664	-3.949405384923588	8.886722766117172	-30.554898329466425	30.554898329466425	sum(abs(pFBA_flux)/10*directional_reaction_dg)
bb902d6e5a070f24	methanol	Methanol	12	7.983010787026615	2	True	False	False	12	-58.80266314620929	-83.19807869964637	-70.36195054860558	-79.29540771257	79.29540771257	sum(abs(pFBA_flux)/10*directional_reaction_dg)
6875e4c64eb8dd10	methanol	Methanol	12	7.9830108108431075	2	True	False	False	12	-127.70266314604508	-128.9775304662563	-116.14140231521553	-111.47398452185476	111.47398452185476	sum(abs(pFBA_flux)/10*directional_reaction_dg)
4eac5519800cb9dc	methanol	Methanol	12	7.983010796595871	3	False	True	False	12	4.720911923790421	3.2711139185132128	16.10724206955399	-35.21537127211761	35.21537127211761	sum(abs(pFBA_flux)/10*directional_reaction_dg)
08c43732e610cade	methanol	Methanol	17	4.442893510939548	4	False	True	False	17	-58.80266314620929	-62.98174502334896	-50.14561687230818	-64.79942245049895	64.79942245049895	sum(abs(pFBA_flux)/10*directional_reaction_dg)
74118f5e12478f6f	methanol	Methanol	20	-12.131749357077641	5	False	True	True	20	-31.412934918312573	-31.830344744625776	-18.994218305068745	-46.39168366427832	46.39168366427832	sum(abs(pFBA_flux)/10*directional_reaction_dg)
17c1f2cc950f60d1	methanol	Methanol	20	-12.131749354923848	5	False	True	True	20	-65.86293491823047	-66.09131952935734	-53.255193089800315	-71.3296507724916	71.3296507724916	sum(abs(pFBA_flux)/10*directional_reaction_dg)
4d2ff9c6f37415c3	methanol	Methanol	20	-12.547365623408265	6	False	True	True	20	0.3488526166872047	-3.84783943429829	8.988287005258723	-18.130264650872075	18.130264650872075	sum(abs(pFBA_flux)/10*directional_reaction_dg)
d3605d73af6b87c1	methanol	Methanol	18	-12.576588786704326	3	False	True	True	18	-31.41293491831219	-32.32561938660713	-19.48949294705011	-45.76474616400672	45.76474616400672	sum(abs(pFBA_flux)/10*directional_reaction_dg)
5e79fa59b435f63b	methanol	Methanol	18	-12.576588769413322	3	False	True	True	18	-65.8629349182301	-66.08163454607607	-53.245508106519054	-75.9137164083161	75.9137164083161	sum(abs(pFBA_flux)/10*directional_reaction_dg)
2b1a0c81eccabcc2	methanol	Methanol	18	-12.970349807823192	4	False	True	True	18	0.3488526166876026	-3.648185242278395	9.187941197278633	-15.458404697118244	15.458404697118244	sum(abs(pFBA_flux)/10*directional_reaction_dg)
522fe542e837685e	methanol	Methanol	19	-12.351099588634792	4	False	True	True	19	-31.41293491831255	-29.775224562818963	-16.939098123261946	-40.69477102835599	40.69477102835599	sum(abs(pFBA_flux)/10*directional_reaction_dg)
ac2b4d1002eaf609	methanol	Methanol	19	-12.351099588951667	4	False	True	True	19	-65.86293491823044	-66.08653850440186	-53.25041206484485	-70.65446157607131	70.65446157607131	sum(abs(pFBA_flux)/10*directional_reaction_dg)
2dbed11516285e96	methanol	Methanol	19	-12.75593642654896	5	False	True	True	19	0.3488526166872331	-3.7494810031700005	9.08664543638702	-16.830449143700907	16.830449143700907	sum(abs(pFBA_flux)/10*directional_reaction_dg)
43167f5e2587ce21	methanol	Methanol	12	6.90155007242042	1	True	False	False	12	-93.25266156083812	-95.61128408316519	-82.77515764360817	-85.81500638521007	85.81500638521007	sum(abs(pFBA_flux)/10*directional_reaction_dg)
74734339b9ccc3c2	methanol	Methanol	12	6.9015500650324535	2	True	False	False	12	-27.04087402592025	-28.14480037487685	-15.308673935319828	-48.77303855404806	48.77303855404806	sum(abs(pFBA_flux)/10*directional_reaction_dg)
76d21123af934bc8	methanol	Methanol	18	-0.12324420509937208	4	False	True	True	18	-27.106151542920934	-27.69824838088652	-14.86212194132949	-50.72982320477386	50.72982320477386	sum(abs(pFBA_flux)/10*directional_reaction_dg)
170647d3cae6df5a	methanol	Methanol	12	6.90155006892463	2	True	False	False	12	-61.490874025838146	-63.35264805471514	-50.516521615158105	-78.1263284826105	78.1263284826105	sum(abs(pFBA_flux)/10*directional_reaction_dg)
936f15893ce17fe8	methanol	Methanol	17	4.44050934719991	3	False	True	False	17	-93.2526615608381	-94.21649866288189	-81.38037222332488	-93.68474786240608	93.68474786240608	sum(abs(pFBA_flux)/10*directional_reaction_dg)
d4dd3bef2daf0a8a	methanol	Methanol	17	4.440509402308434	4	False	True	False	17	-27.04087402592036	-33.052817358416476	-20.216690918859456	-48.61633336386393	48.61633336386393	sum(abs(pFBA_flux)/10*directional_reaction_dg)
acd056547255a66c	methanol	Methanol	20	-12.351099593055169	4	False	True	True	20	-22.28302421852797	-22.25834374850929	-9.422219020436021	-41.143823578697706	41.143823578697706	sum(abs(pFBA_flux)/10*directional_reaction_dg)
4690616ee70fed8c	methanol	Methanol	20	-12.351099586569736	4	False	True	True	20	-45.24968858847322	-45.54599144961187	-32.709866721538596	-60.56463135783447	60.56463135783447	sum(abs(pFBA_flux)/10*directional_reaction_dg)
65254e9884619857	methanol	Methanol	20	-12.755936423851576	5	False	True	True	20	-1.1085013126473267	-5.288692439232369	7.547432288840893	-27.022578390460662	27.022578390460662	sum(abs(pFBA_flux)/10*directional_reaction_dg)
b7d36c587bb30538	methanol	Methanol	19	-12.351099585570003	3	False	True	True	19	-63.50950700008706	-64.86588825572669	-52.02976181616966	-67.9428992531354	67.9428992531354	sum(abs(pFBA_flux)/10*directional_reaction_dg)
057ef4c17ab267fb	methanol	Methanol	19	-12.755936425349322	4	False	True	True	19	-19.36831972426096	-22.76234743944632	-9.9262209998893	-31.44425187451064	31.44425187451064	sum(abs(pFBA_flux)/10*directional_reaction_dg)
d7c46b1490a65718	methanol	Methanol	19	-12.755936423836761	4	False	True	True	19	-42.33498409420623	-46.433368889865754	-33.597242450308734	-53.256898297581394	53.256898297581394	sum(abs(pFBA_flux)/10*directional_reaction_dg)
a6e5da6f8793cc5c	methanol	Methanol	20	-12.131749290504732	4	False	True	True	20	-63.509507000087304	-64.6873278249602	-51.85120138540318	-63.66567811955773	63.66567811955773	sum(abs(pFBA_flux)/10*directional_reaction_dg)
e1ad20159edd27aa	methanol	Methanol	20	-12.54736556689444	5	False	True	True	20	-19.368319724261212	-23.195756792398033	-10.359630352841023	-32.78854016167667	32.78854016167667	sum(abs(pFBA_flux)/10*directional_reaction_dg)
881337909169d49c	methanol	Methanol	20	-12.547365567158494	5	False	True	True	20	-42.33498409420648	-46.53162771421176	-33.695501274654724	-54.175049576242365	54.175049576242365	sum(abs(pFBA_flux)/10*directional_reaction_dg)
93f58542a27b462e	methanol	Methanol	13	6.981106066295988	2	True	False	False	13	-60.59480002996316	-62.74350323109868	-49.90737679154166	-72.76889939599833	72.76889939599833	sum(abs(pFBA_flux)/10*directional_reaction_dg)
69c10cd18c25e5ad	methanol	Methanol	19	-0.028691668095568862	4	False	True	True	19	-60.638318370278434	-60.644215259259454	-47.808088819702434	-73.51655085831761	73.51655085831761	sum(abs(pFBA_flux)/10*directional_reaction_dg)
a28dcacde13bd87a	methanol	Methanol	19	-0.028691668173751836	5	False	True	True	19	-16.497131094452378	-17.03076063706247	-4.194634197505451	-44.66497509730492	44.66497509730492	sum(abs(pFBA_flux)/10*directional_reaction_dg)
92af1d343c05c69b	methanol	Methanol	19	-0.028691669393818786	5	False	True	True	19	-39.463795464397634	-39.7926075962936	-26.956481156736597	-65.88360544677003	65.88360544677003	sum(abs(pFBA_flux)/10*directional_reaction_dg)
b08adbd8cda64906	methanol	Methanol	12	13.38600565442421	1	True	False	False	12	-65.11907207951242	-52.08992427020583	-43.53250721432907	-61.829224085139444	61.829224085139444	sum(abs(pFBA_flux)/10*directional_reaction_dg)
5e3624f90df0dfcd	methanol	Methanol	12	13.467297883020883	0	True	False	False	12	-165.78085961434815	-165.87468204632788	-157.31726499045112	-147.12430961976764	147.12430961976764	sum(abs(pFBA_flux)/10*directional_reaction_dg)
4069ff6eccfe4f4a	methanol	Methanol	12	11.522121094668856	1	True	False	False	12	-33.35728454451267	-46.019076512302696	-37.46165945642593	-51.724026699843456	51.724026699843456	sum(abs(pFBA_flux)/10*directional_reaction_dg)
723c0999b1feff09	methanol	Methanol	19	-1.7508899821895367	4	False	True	True	19	-33.35728454451253	-34.12647469582734	-25.56905763995057	-34.18804126388064	34.18804126388064	sum(abs(pFBA_flux)/10*directional_reaction_dg)
70e0177fe1f73b07	methanol	Methanol	13	13.473770600156085	1	True	False	False	13	-99.56907207943033	-102.89158464822266	-94.3341675923459	-111.12201637205936	111.12201637205936	sum(abs(pFBA_flux)/10*directional_reaction_dg)
7771573e47e1ccbd	methanol	Methanol	13	11.606508066561643	2	True	False	False	13	-33.357284544512474	-46.383128565201105	-37.82571150932434	-52.08807871381322	52.08807871381322	sum(abs(pFBA_flux)/10*directional_reaction_dg)
74ee2b9fcd8d2914	methanol	Methanol	18	1.0079858968015174	3	False	True	False	18	-65.1190720795124	-55.56664198702872	-47.00922493115197	-58.60902424019114	58.60902424019114	sum(abs(pFBA_flux)/10*directional_reaction_dg)
05a38bd201e802d3	methanol	Methanol	14	12.441914561312828	2	True	False	False	14	-99.30299202623955	-110.94876004858008	-102.39134299270331	-115.98887815754728	115.98887815754728	sum(abs(pFBA_flux)/10*directional_reaction_dg)
1f0ba712a277ca35	methanol	Methanol	18	1.0884483905495093	3	False	True	False	18	-99.56907207943034	-99.74440830284477	-91.186991246968	-101.85924702085485	101.85924702085485	sum(abs(pFBA_flux)/10*directional_reaction_dg)
00c7e8b5ae61bba6	methanol	Methanol	18	1.0884483930134563	4	False	True	False	18	-33.35728454451259	-33.77015513608995	-25.21273808021319	-38.941601734092984	38.941601734092984	sum(abs(pFBA_flux)/10*directional_reaction_dg)
f6a06eec63526f76	methanol	Methanol	15	11.685256146463146	2	True	False	False	15	-77.49847517767454	-90.74314982447919	-82.18573276860243	-88.25537569226759	88.25537569226759	sum(abs(pFBA_flux)/10*directional_reaction_dg)
95e7b3e23c06c758	methanol	Methanol	19	1.088448393469592	3	False	True	False	19	-88.08573345443617	-84.99399414765689	-76.43657709178011	-87.78685354486	87.78685354486	sum(abs(pFBA_flux)/10*directional_reaction_dg)
be9a7779aba500d3	methanol	Methanol	19	1.0884484145337574	4	False	True	False	19	-43.94454617861013	-40.999155860171435	-32.44173880429467	-43.8998662043431	43.8998662043431	sum(abs(pFBA_flux)/10*directional_reaction_dg)
c5096b5ba1c92574	methanol	Methanol	20	1.2427991713761977	4	False	True	False	20	-77.40978180887228	-77.72749585846711	-69.17007880259034	-79.14104324725866	79.14104324725866	sum(abs(pFBA_flux)/10*directional_reaction_dg)
d6d320a4259e2eff	methanol	Methanol	15	-13.295772332062993	5	False	True	True	15	-9.225280441707856	-9.56812076993122	7.546715053306058	-33.8076599626052	33.8076599626052	sum(abs(pFBA_flux)/10*directional_reaction_dg)
4028b4a3d9179eef	methanol	Methanol	13	-13.818590138076118	3	False	True	True	13	-9.225280441707074	-9.5484522544944	7.566383568742857	-32.26062463957536	32.26062463957536	sum(abs(pFBA_flux)/10*directional_reaction_dg)
671550a0e76440e3	methanol	Methanol	14	-13.552210633517364	4	False	True	True	14	-9.225280441707813	-9.558456250792853	7.556379572444447	-29.253114047767554	29.253114047767554	sum(abs(pFBA_flux)/10*directional_reaction_dg)
7cbd5c92d076e728	methanol	Methanol	7	19.302271228563075	1	True	False	False	7	-64.00472824897801	-97.84928980413868	-80.7344539809014	-110.88990422676954	110.88990422676954	sum(abs(pFBA_flux)/10*directional_reaction_dg)
0810c5554edb8059	methanol	Methanol	7	19.302271241225	1	True	False	False	7	-132.9047213588138	-133.36309122060936	-116.24825539737206	-132.31825959714985	132.31825959714985	sum(abs(pFBA_flux)/10*directional_reaction_dg)
94db1b991ab38bc8	methanol	Methanol	7	19.30227123938695	2	True	False	False	7	-0.4811595313357184	-1.3350423356850722	15.779793487552206	-68.13219455337396	68.13219455337396	sum(abs(pFBA_flux)/10*directional_reaction_dg)
a2b5ebc0cccbe1ff	methanol	Methanol	13	-0.6678220949454429	4	False	True	True	13	-0.48115953133564915	-0.9220788503407	16.19275697289658	-54.733193445893626	54.733193445893626	sum(abs(pFBA_flux)/10*directional_reaction_dg)
382fb1beaff544bf	methanol	Methanol	16	-13.29577232987684	5	False	True	True	16	-9.225280441707095	-9.568100835025799	7.546734988211487	-35.28320398074029	35.28320398074029	sum(abs(pFBA_flux)/10*directional_reaction_dg)
9e309282d9d77ec5	methanol	Methanol	16	-13.295772329363727	5	False	True	True	16	-9.22528044170787	-9.568166322848764	7.546669500388507	-33.85715200977456	33.85715200977456	sum(abs(pFBA_flux)/10*directional_reaction_dg)
a16526a21fc2790c	methanol	Methanol	16	-13.048243935852422	5	False	True	True	16	-36.61500708431562	-37.349279563552486	-20.23444374031521	-42.884148069845736	42.884148069845736	sum(abs(pFBA_flux)/10*directional_reaction_dg)
1825fb9d31b1a870	methanol	Methanol	16	-13.048243928985588	5	False	True	True	16	-71.0650070842335	-71.21412290535811	-54.09928708212085	-71.21356095146523	71.21356095146523	sum(abs(pFBA_flux)/10*directional_reaction_dg)
b78029037fd80192	methanol	Methanol	16	-13.418856762089698	6	False	True	True	16	-4.853219549315825	-8.605297050623582	8.509538772613686	-14.866715247172346	14.866715247172346	sum(abs(pFBA_flux)/10*directional_reaction_dg)
d45b61bb1843ff99	methanol	Methanol	15	-13.552210633632841	4	False	True	True	15	-9.225280441707131	-9.558448816281626	7.55638700695566	-31.170648259998785	31.170648259998785	sum(abs(pFBA_flux)/10*directional_reaction_dg)
935654bc0f3b9a37	methanol	Methanol	14	-13.552210625979484	3	False	True	True	14	-36.61500708431522	-34.051592621280385	-16.936756798043106	-40.0378358951206	40.0378358951206	sum(abs(pFBA_flux)/10*directional_reaction_dg)
46b3b758e267bc0c	methanol	Methanol	14	-13.552210630204414	3	False	True	True	14	-71.06500708423312	-71.20605716131595	-54.09122133807868	-73.118508625911	73.118508625911	sum(abs(pFBA_flux)/10*directional_reaction_dg)
0206eea3692d10e3	methanol	Methanol	14	-13.898121766778397	4	False	True	True	14	-4.853219549315434	-8.380740619096152	8.734095204141127	-12.639339040581032	12.639339040581032	sum(abs(pFBA_flux)/10*directional_reaction_dg)
7867e9517f12bbda	methanol	Methanol	19	-12.351099609703029	5	False	True	True	19	-36.615007084315216	-37.48115591174538	-20.36632008850811	-46.654105853371064	46.654105853371064	sum(abs(pFBA_flux)/10*directional_reaction_dg)
4044ce5fb56c38eb	methanol	Methanol	15	-13.295772253780571	4	False	True	True	15	-36.615007084315586	-40.10185017636832	-22.987014353131034	-42.42649740659445	42.42649740659445	sum(abs(pFBA_flux)/10*directional_reaction_dg)
acd7a0a3e4203269	methanol	Methanol	15	-13.295772264715675	4	False	True	True	15	-71.06500708423347	-71.21019086049247	-54.095355037255196	-68.12828323720649	68.12828323720649	sum(abs(pFBA_flux)/10*directional_reaction_dg)
f9a8c2136ac36d93	methanol	Methanol	15	-13.654248108074642	5	False	True	True	15	-4.853219549315811	-8.495044558150692	8.619791265086583	-13.970715601854067	13.970715601854067	sum(abs(pFBA_flux)/10*directional_reaction_dg)
84dcbeeb73799d98	methanol	Methanol	8	19.405044050009877	1	True	False	False	8	-98.45472135889591	-110.88600804435755	-93.77117222112027	-119.20127601028594	119.20127601028594	sum(abs(pFBA_flux)/10*directional_reaction_dg)
2f4c3505c01cd79a	methanol	Methanol	8	19.40504405188067	2	True	False	False	8	-32.24294071397795	-41.388823920103874	-24.273988096866596	-86.18902530548404	86.18902530548404	sum(abs(pFBA_flux)/10*directional_reaction_dg)
4b9c3490a977fdda	methanol	Methanol	13	3.430359330000612	3	False	True	False	13	-64.00472824897801	-67.35036442540064	-50.23552860216337	-70.62444766112382	70.62444766112382	sum(abs(pFBA_flux)/10*directional_reaction_dg)
fadd4b8190e4eacc	methanol	Methanol	8	19.405044060428157	2	True	False	False	8	-66.69293382389584	-67.3814904024617	-50.26665457922441	-105.8817454612572	105.8817454612572	sum(abs(pFBA_flux)/10*directional_reaction_dg)
c44781e898313430	methanol	Methanol	13	3.6481196511625607	3	False	True	False	13	-98.4547282488959	-103.19302685572238	-86.0781910324851	-104.69033964223924	104.69033964223924	sum(abs(pFBA_flux)/10*directional_reaction_dg)
a9a097babcfe93a1	methanol	Methanol	13	3.648119631228186	4	False	True	False	13	-32.242940713978065	-36.27455421078406	-19.159718387546786	-54.83085122091952	54.83085122091952	sum(abs(pFBA_flux)/10*directional_reaction_dg)
759dc03ce24167fd	methanol	Methanol	17	-13.295772329503725	5	False	True	True	17	-9.225276142623098	-9.568095512153608	7.546738599599917	-35.15030223167181	35.15030223167181	sum(abs(pFBA_flux)/10*directional_reaction_dg)
70d6509626e6f658	methanol	Methanol	17	-13.048243935170941	5	False	True	True	17	-27.485096384530983	-28.163195859098135	-11.048361747344604	-41.70735938964286	41.70735938964286	sum(abs(pFBA_flux)/10*directional_reaction_dg)
d0d35b6b9bae4988	methanol	Methanol	17	-13.04824392104765	5	False	True	True	17	-50.45176075447626	-50.66854424187366	-33.553710130120145	-60.049655652672755	60.049655652672755	sum(abs(pFBA_flux)/10*directional_reaction_dg)
15135e0630107c29	methanol	Methanol	17	-13.41885676057012	6	False	True	True	17	-6.310573478650339	-10.139269909557354	6.97556420219618	-25.12366358363878	25.12366358363878	sum(abs(pFBA_flux)/10*directional_reaction_dg)
8956007dc8a6c78a	methanol	Methanol	17	-13.048243935057648	5	False	True	True	17	-27.485092078380603	-27.914254140039564	-10.799420028286033	-40.32706041760152	40.32706041760152	sum(abs(pFBA_flux)/10*directional_reaction_dg)
3cb56dac990f802a	methanol	Methanol	17	-13.04824392599436	5	False	True	True	17	-50.45175644832587	-50.66854411780938	-33.55371000605585	-58.71846799464095	58.71846799464095	sum(abs(pFBA_flux)/10*directional_reaction_dg)
03c607e212df9b0b	methanol	Methanol	17	-13.418856760970268	6	False	True	True	17	-6.310569172499944	-10.13937625862099	6.975457853132534	-25.369583460430977	25.369583460430977	sum(abs(pFBA_flux)/10*directional_reaction_dg)
b4393fabbdd063fe	methanol	Methanol	17	-12.808760676474833	5	False	True	True	17	-68.71157916609036	-69.07650631661522	-51.961670493377945	-64.77028001648924	64.77028001648924	sum(abs(pFBA_flux)/10*directional_reaction_dg)
aaf320bcd446efab	methanol	Methanol	17	-13.19112363772699	6	False	True	True	17	-24.570391890264265	-28.291302477484756	-11.176466654247488	-30.467442858484908	30.467442858484908	sum(abs(pFBA_flux)/10*directional_reaction_dg)
7b6f041963c8d343	methanol	Methanol	17	-13.191123640759743	6	False	True	True	17	-47.53705626020951	-51.395936632224085	-34.2811008089868	-51.12355803477862	51.12355803477862	sum(abs(pFBA_flux)/10*directional_reaction_dg)
89c29d348c289c88	methanol	Methanol	16	-13.295772266531872	4	False	True	True	16	-27.485096384531012	-26.146959858196855	-9.032125746443333	-37.312436777261794	37.312436777261794	sum(abs(pFBA_flux)/10*directional_reaction_dg)
3cc0aeadb5d33991	methanol	Methanol	16	-13.295772260641018	4	False	True	True	16	-50.451760754476275	-50.66282589363837	-33.547991781884846	-57.73451679590817	57.73451679590817	sum(abs(pFBA_flux)/10*directional_reaction_dg)
fa209ef62b3c8905	methanol	Methanol	16	-13.654248099134637	5	False	True	True	16	-6.310573478650367	-10.027210114742356	7.087623997011175	-23.98897806767147	23.98897806767147	sum(abs(pFBA_flux)/10*directional_reaction_dg)
da5a7327d7a6b66c	methanol	Methanol	15	-13.295772271580367	3	False	True	True	15	-68.7115791660901	-68.33365480969778	-51.21881898646051	-65.48587481118028	65.48587481118028	sum(abs(pFBA_flux)/10*directional_reaction_dg)
8c35f0f23c627ad3	methanol	Methanol	15	-13.654248111247513	4	False	True	True	15	-24.570391890264	-28.461795653573617	-11.346959830336342	-29.7916310522572	29.7916310522572	sum(abs(pFBA_flux)/10*directional_reaction_dg)
20a373233a5de59e	methanol	Methanol	15	-13.654248097048118	4	False	True	True	15	-47.53705626020926	-51.17888382844268	-34.06404800520541	-50.53395349382366	50.53395349382366	sum(abs(pFBA_flux)/10*directional_reaction_dg)
fa1844bb25236a35	methanol	Methanol	20	-12.131749309888182	5	False	True	True	20	-68.71157916609009	-69.93055807589246	-52.81572225265517	-69.3663948989326	69.3663948989326	sum(abs(pFBA_flux)/10*directional_reaction_dg)
fc87192531aafd53	methanol	Methanol	20	-12.547365584808604	6	False	True	True	20	-24.570391890264148	-28.9545076427582	-11.839671819520925	-32.00559557813654	32.00559557813654	sum(abs(pFBA_flux)/10*directional_reaction_dg)
4c0e69bfc9fee9a4	methanol	Methanol	16	-13.048243869702194	4	False	True	True	16	-68.71157916609035	-68.01371349781965	-50.89887767458237	-60.58895696030054	60.58895696030054	sum(abs(pFBA_flux)/10*directional_reaction_dg)
50766f0a53f4f6b0	methanol	Methanol	16	-13.418856685558	5	False	True	True	16	-24.570391890264244	-28.201564490395942	-11.086728667158669	-29.973213792939916	29.973213792939916	sum(abs(pFBA_flux)/10*directional_reaction_dg)
d019c55f2b99397e	methanol	Methanol	16	-13.41885667920633	5	False	True	True	16	-47.53705626020951	-51.289238651669585	-34.174402828432314	-51.14959563109671	51.14959563109671	sum(abs(pFBA_flux)/10*directional_reaction_dg)
edee34bd3c60bbe9	methanol	Methanol	9	19.501244936734906	2	True	False	False	9	-65.79685982802087	-67.11735505586611	-50.00251923262883	-100.94699643130724	100.94699643130724	sum(abs(pFBA_flux)/10*directional_reaction_dg)
d44e1c55e17a004d	methanol	Methanol	14	3.6481196466524786	3	False	True	False	14	-86.97138962390176	-90.9775935968541	-73.86275777361682	-93.78041225599365	93.78041225599365	sum(abs(pFBA_flux)/10*directional_reaction_dg)
bed91de6bf0cecc8	methanol	Methanol	14	3.648119661090191	4	False	True	False	14	-42.8302023480756	-51.64398894513828	-34.529153121901004	-66.00533237609054	66.00533237609054	sum(abs(pFBA_flux)/10*directional_reaction_dg)
3823e6b0cfdaa16b	methanol	Methanol	14	3.857407580564003	4	False	True	False	14	-65.79686671802087	-66.90225837215075	-49.78742254891347	-80.5745628305943	80.5745628305943	sum(abs(pFBA_flux)/10*directional_reaction_dg)
c06895c908a889c7	methanol	Methanol	16	-13.048243948543215	6	False	True	True	16	-4.320971475718176	-13.926058560034864	-2.516168011209995	-52.96291465827215	52.96291465827215	sum(abs(pFBA_flux)/10*directional_reaction_dg)
d142c5c3d555fba9	methanol	Methanol	14	-13.552210641122237	4	False	True	True	14	-4.320971475717402	-11.669012048323038	-0.2591214994981915	-51.81407114519706	51.81407114519706	sum(abs(pFBA_flux)/10*directional_reaction_dg)
d902ca160cc7c1da	methanol	Methanol	15	-13.295772279704533	5	False	True	True	15	-4.3209714757181334	-13.219456195940438	-1.809565647115575	-49.655570974341224	49.655570974341224	sum(abs(pFBA_flux)/10*directional_reaction_dg)
b3badc0cf59630b0	methanol	Methanol	5	19.069975313713226	1	True	False	False	5	-59.100419282988256	-97.02421698989214	-85.61432644106729	-103.34739679648264	103.34739679648264	sum(abs(pFBA_flux)/10*directional_reaction_dg)
59b523d6713913cc	methanol	Methanol	5	19.069975336379215	1	True	False	False	5	-128.00041239282405	-128.44502222356178	-117.0351316747369	-122.37329625434384	122.37329625434384	sum(abs(pFBA_flux)/10*directional_reaction_dg)
bf715a5fd9cf53f9	methanol	Methanol	5	19.069975333881708	2	True	False	False	5	4.423149434653956	3.628127225611472	15.03801777443633	-52.33561528377459	52.33561528377459	sum(abs(pFBA_flux)/10*directional_reaction_dg)
0746045a674b0002	methanol	Methanol	11	-0.8788416414353987	4	False	True	True	11	4.292594413708315	3.853495936963938	15.263386485788786	-43.998728594550656	43.998728594550656	sum(abs(pFBA_flux)/10*directional_reaction_dg)
8d2d461f1d2c13ef	methanol	Methanol	16	-13.460279786213311	5	False	True	True	16	-4.277453148457713	-4.3488927844706495	7.060997764354198	-36.21482634374138	36.21482634374138	sum(abs(pFBA_flux)/10*directional_reaction_dg)
65132b9b2b5045eb	methanol	Methanol	16	-13.460279786392494	5	False	True	True	16	-4.277453148458466	-4.3488800813595585	7.061010467465289	-34.834566179651105	34.834566179651105	sum(abs(pFBA_flux)/10*directional_reaction_dg)
64645d4f0b9ea6c1	methanol	Methanol	14	-13.552210703387216	5	False	True	True	14	-31.710698118325947	-32.3258668448881	-20.915976296063242	-47.692197205765794	47.692197205765794	sum(abs(pFBA_flux)/10*directional_reaction_dg)
fe794fd9a458d80e	methanol	Methanol	14	-13.55221069446478	5	False	True	True	14	-66.16069811824383	-66.31665426056082	-54.906763711735955	-73.38351480443887	73.38351480443887	sum(abs(pFBA_flux)/10*directional_reaction_dg)
fc381196633657e2	methanol	Methanol	14	-13.898121839129796	6	False	True	True	14	0.05108941667385314	-3.4839149477087363	7.925975601116111	-19.450907176689057	19.450907176689057	sum(abs(pFBA_flux)/10*directional_reaction_dg)
3e2f808322c21455	methanol	Methanol	20	-12.131749378723802	8	False	True	True	20	-0.014188100326654407	-0.08776854374331933	11.322122005081532	-29.23815702054128	29.23815702054128	sum(abs(pFBA_flux)/10*directional_reaction_dg)
7ce1bb1a421927ed	methanol	Methanol	15	-13.67510259985436	4	False	True	True	15	-4.277453428993713	-4.373271256701354	7.036617580639724	-32.12815151166576	32.12815151166576	sum(abs(pFBA_flux)/10*directional_reaction_dg)
f67f57f302ce09d7	methanol	Methanol	12	-14.096156785429233	3	False	True	True	12	-31.71069811832555	-31.526974419933804	-20.11708387110895	-47.5782750450583	47.5782750450583	sum(abs(pFBA_flux)/10*directional_reaction_dg)
1cf378bb67f6324a	methanol	Methanol	12	-14.096156760020362	3	False	True	True	12	-66.16069811824345	-66.30716442318888	-54.897273874364025	-78.27022005548619	78.27022005548619	sum(abs(pFBA_flux)/10*directional_reaction_dg)
fef1230ce8fa38a4	methanol	Methanol	12	-14.415450874452313	4	False	True	True	12	0.05108941667423683	-3.2411469991242816	8.168743549700574	-17.389467477021412	17.389467477021412	sum(abs(pFBA_flux)/10*directional_reaction_dg)
26a2398507cec2eb	methanol	Methanol	17	-12.808760634649008	5	False	True	True	17	-31.710698118325546	-29.8851970765597	-18.475306527734848	-49.78341919262344	49.78341919262344	sum(abs(pFBA_flux)/10*directional_reaction_dg)
b526822d350ae94b	methanol	Methanol	13	-13.81859014899259	4	False	True	True	13	-31.71069811832591	-30.99463935577076	-19.584748806945907	-42.61905291090703	42.61905291090703	sum(abs(pFBA_flux)/10*directional_reaction_dg)
8ed1e770df615aa1	methanol	Methanol	13	-13.81859014218412	4	False	True	True	13	-66.1606981182438	-66.31203992329648	-54.90214937447161	-73.43598422984397	73.43598422984397	sum(abs(pFBA_flux)/10*directional_reaction_dg)
0492a0df08b11489	methanol	Methanol	13	-14.15146022515414	5	False	True	True	13	0.05108941667386735	-3.3650383218450237	8.044852226979831	-18.689599619920585	18.689599619920585	sum(abs(pFBA_flux)/10*directional_reaction_dg)
8608bc6dddde6119	methanol	Methanol	18	-12.576588811013375	6	False	True	True	18	-31.710694133999183	-32.273627648917405	-20.863737100092536	-48.34327307292695	48.34327307292695	sum(abs(pFBA_flux)/10*directional_reaction_dg)
2568f0817b8216bb	methanol	Methanol	6	19.19135506291208	1	True	False	False	6	-93.55041239290615	-106.83718287270395	-95.4272923238791	-108.23105896285628	108.23105896285628	sum(abs(pFBA_flux)/10*directional_reaction_dg)
25c128492ac3d1c6	methanol	Methanol	6	19.191355053793878	2	True	False	False	6	-27.33863174798828	-41.091720337755085	-29.68182978893023	-77.22739229235144	77.22739229235144	sum(abs(pFBA_flux)/10*directional_reaction_dg)
2917e6b14d7ffafb	methanol	Methanol	12	-0.783394600027202	4	False	True	True	12	-27.338638100345882	-27.975823294775502	-16.565932745950633	-52.95245862821508	52.95245862821508	sum(abs(pFBA_flux)/10*directional_reaction_dg)
365271ee93c18f7f	methanol	Methanol	6	19.1913550678737	2	True	False	False	6	-61.78862485790617	-62.44941270955621	-51.039522160731366	-91.7716026341257	91.7716026341257	sum(abs(pFBA_flux)/10*directional_reaction_dg)
564ad8d75583f7e2	methanol	Methanol	11	3.2030025703592506	3	False	True	False	11	-93.55041928290615	-99.7968208127307	-88.38693026390588	-102.2742653242508	102.2742653242508	sum(abs(pFBA_flux)/10*directional_reaction_dg)
29b75b03824d988e	methanol	Methanol	11	3.2030025779058056	4	False	True	False	11	-27.338631747988394	-34.94618040598691	-23.53628985716205	-52.63153684508258	52.63153684508258	sum(abs(pFBA_flux)/10*directional_reaction_dg)
0083a73e5f82afc5	methanol	Methanol	17	-13.460279786862309	5	False	True	True	17	-4.277448849373702	-4.348892531544626	7.060996305796481	-35.938809948944694	35.938809948944694	sum(abs(pFBA_flux)/10*directional_reaction_dg)
94389b234025b555	methanol	Methanol	15	-13.552210701540089	5	False	True	True	15	-22.580787418541313	-22.877099434868313	-11.467210597527204	-46.096009317614076	46.096009317614076	sum(abs(pFBA_flux)/10*directional_reaction_dg)
06ffd3ef0b7c633f	methanol	Methanol	15	-13.552210697326588	5	False	True	True	15	-45.54745178848658	-45.76740484410441	-34.35751600676331	-62.19170826062813	62.19170826062813	sum(abs(pFBA_flux)/10*directional_reaction_dg)
f0ee42629e2d1494	methanol	Methanol	15	-13.898121835887164	6	False	True	True	15	-1.4062645126606679	-5.014214176836852	6.395674660504248	-29.627262686241878	29.627262686241878	sum(abs(pFBA_flux)/10*directional_reaction_dg)
6388fbc74d354e80	methanol	Methanol	20	-12.351099670519885	7	False	True	True	20	-22.58078741854131	-22.826601714419652	-11.416712877078547	-49.27440042501262	49.27440042501262	sum(abs(pFBA_flux)/10*directional_reaction_dg)
3caac13e0260f989	methanol	Methanol	15	-13.55221070236507	5	False	True	True	15	-22.580783112390932	-23.122101723999727	-11.712212886658627	-45.06050821020347	45.06050821020347	sum(abs(pFBA_flux)/10*directional_reaction_dg)
8c21a8901cfa4e3c	methanol	Methanol	15	-13.55221069616882	5	False	True	True	15	-45.547447482336196	-45.767451208180326	-34.357562370839226	-60.578371039032525	60.578371039032525	sum(abs(pFBA_flux)/10*directional_reaction_dg)
75a669afeb1585f2	methanol	Methanol	15	-13.898121833297015	6	False	True	True	15	-1.4062602065102734	-5.014229467889937	6.395659369451163	-29.99833072993037	29.99833072993037	sum(abs(pFBA_flux)/10*directional_reaction_dg)
dc765f2b31ab5c1d	methanol	Methanol	20	-12.351099683012423	7	False	True	True	20	-22.58078311239093	-24.486491366070577	-13.076602528729467	-49.84717300132371	49.84717300132371	sum(abs(pFBA_flux)/10*directional_reaction_dg)
63b89404b4659074	methanol	Methanol	15	-13.295772339305659	5	False	True	True	15	-63.80727020010067	-63.68719782441722	-52.27730727559237	-68.14932938099624	68.14932938099624	sum(abs(pFBA_flux)/10*directional_reaction_dg)
452a2afd65178a04	methanol	Methanol	15	-13.654248169944818	6	False	True	True	15	-19.666082924274587	-22.730071399651415	-11.320180850826562	-35.468015564681316	35.468015564681316	sum(abs(pFBA_flux)/10*directional_reaction_dg)
f4428efcf84d3e64	methanol	Methanol	15	-13.654248172354256	6	False	True	True	15	-42.63274729421983	-46.282276332775425	-34.87238578395058	-56.43004719305723	56.43004719305723	sum(abs(pFBA_flux)/10*directional_reaction_dg)
ee649ca7481c9fb3	methanol	Methanol	20	-12.54736564374718	8	False	True	True	20	-19.66608292427474	-24.82201123151028	-13.412120682685437	-39.13865153290452	39.13865153290452	sum(abs(pFBA_flux)/10*directional_reaction_dg)
966693bc1fe6aac9	methanol	Methanol	14	-13.818590143571894	4	False	True	True	14	-22.58078741854134	-22.127129293134516	-10.717240455793409	-42.21660013696211	42.21660013696211	sum(abs(pFBA_flux)/10*directional_reaction_dg)
556335ea42f2be02	methanol	Methanol	14	-13.818590139723803	4	False	True	True	14	-45.5474517884866	-45.76089655207397	-34.35100771473287	-63.021066610013854	63.021066610013854	sum(abs(pFBA_flux)/10*directional_reaction_dg)
cbd3cca71cb026f0	methanol	Methanol	14	-14.151460223786552	5	False	True	True	14	-1.4062645126606892	-4.8933605488751954	6.51652828846589	-28.565781685166808	28.565781685166808	sum(abs(pFBA_flux)/10*directional_reaction_dg)
5b020933c483681a	methanol	Methanol	19	-12.576588810925765	6	False	True	True	19	-22.580787418541338	-23.104466031454432	-11.694577194113332	-48.153542068188294	48.153542068188294	sum(abs(pFBA_flux)/10*directional_reaction_dg)
4b4cf98e65c5ccc6	methanol	Methanol	13	-13.818590147317225	3	False	True	True	13	-63.807270200100426	-63.4376272797517	-52.027736730926826	-69.21486163555808	69.21486163555808	sum(abs(pFBA_flux)/10*directional_reaction_dg)
ab454edf1f07f280	methanol	Methanol	13	-14.151460229300664	4	False	True	True	13	-19.666082924274328	-23.36336625721124	-11.95347570838639	-34.8445172529611	34.8445172529611	sum(abs(pFBA_flux)/10*directional_reaction_dg)
00a32b8ea710235b	methanol	Methanol	18	-12.808760634772302	5	False	True	True	18	-40.84060583015516	-38.93978278984167	-27.529892241016825	-52.86374225362399	52.86374225362399	sum(abs(pFBA_flux)/10*directional_reaction_dg)
fb11cb5926e44c3b	methanol	Methanol	13	-14.15146022061326	4	False	True	True	13	-42.632747294219584	-46.04895189754861	-34.63906134872375	-55.46973956310715	55.46973956310715	sum(abs(pFBA_flux)/10*directional_reaction_dg)
772d9c8059e304de	methanol	Methanol	18	-12.576588807063965	5	False	True	True	18	-63.807270200100426	-64.07012261594681	-52.660232067121974	-74.65933803816908	74.65933803816908	sum(abs(pFBA_flux)/10*directional_reaction_dg)
a0870efa90073e1e	methanol	Methanol	18	-12.97034982630284	6	False	True	True	18	-19.666082924274477	-22.214569055068058	-10.8046785062432	-36.039009657623374	36.039009657623374	sum(abs(pFBA_flux)/10*directional_reaction_dg)
70419f81fa7d585c	methanol	Methanol	14	-13.552210632686371	4	False	True	True	14	-63.80727020010067	-63.58155769690216	-52.17166714807732	-64.71850257180849	64.71850257180849	sum(abs(pFBA_flux)/10*directional_reaction_dg)
83d0ea1ecbfd679f	methanol	Methanol	14	-13.898121767106364	5	False	True	True	14	-19.666082924274573	-22.35656783925686	-10.946677290432008	-34.5177987112203	34.5177987112203	sum(abs(pFBA_flux)/10*directional_reaction_dg)
eab6cac9193f8ed8	methanol	Methanol	20	-13.913345863005683	7	False	True	True	20	-19.666082924274626	-22.489101524788108	-11.079210975963253	-31.55229247344578	31.55229247344578	sum(abs(pFBA_flux)/10*directional_reaction_dg)
a28f5f683aec1f17	methanol	Methanol	14	-13.898121760410213	5	False	True	True	14	-42.63274729421983	-46.167801633403485	-34.75791108457865	-56.428760784526304	56.428760784526304	sum(abs(pFBA_flux)/10*directional_reaction_dg)
6cda35ca3d5760c1	methanol	Methanol	19	-12.351099610794648	6	False	True	True	19	-63.80727020010067	-63.80036411468571	-52.39047356586086	-68.4162017882415	68.4162017882415	sum(abs(pFBA_flux)/10*directional_reaction_dg)
3f7b62b35f1c0919	methanol	Methanol	19	-12.75593644343999	7	False	True	True	19	-19.666082924274725	-22.736690847591035	-11.326800298766177	-36.76257676633009	36.76257676633009	sum(abs(pFBA_flux)/10*directional_reaction_dg)
f60f9477be652b40	methanol	Methanol	7	19.30227122788585	2	True	False	False	7	-60.8925508620312	-73.50847161377807	-62.098581064953216	-100.37882344614599	100.37882344614599	sum(abs(pFBA_flux)/10*directional_reaction_dg)
74b81b7c8f62832d	methanol	Methanol	12	3.20300269948644	3	False	True	False	12	-82.067080657912	-99.70655697904624	-88.29666643022138	-102.90323072455016	102.90323072455016	sum(abs(pFBA_flux)/10*directional_reaction_dg)
9bd6f1e545e34bc0	methanol	Methanol	12	3.203002581201147	4	False	True	False	12	-37.92589338208593	-37.89597555984376	-26.48608501101891	-51.80249726736405	51.80249726736405	sum(abs(pFBA_flux)/10*directional_reaction_dg)
56edff402698a66f	methanol	Methanol	12	3.4303593722849324	4	False	True	False	12	-60.8925577520312	-62.27957292690923	-50.86968237808438	-75.7686892776385	75.7686892776385	sum(abs(pFBA_flux)/10*directional_reaction_dg)
1ff68fff4c1c988e	methanol	Methanol	19	-107.49776420048016	2	False	False	True	19	-98.45123218542041	-89.62111737327228	-83.9161738103436	-89.99038396104369	89.99038396104369	sum(abs(pFBA_flux)/10*directional_reaction_dg)
f6a07281dc385a9b	methanol	Methanol	18	-108.03404796115517	2	False	False	True	18	-133.81906429843352	-117.53904312864623	-111.83409956571754	-103.92632104160566	103.92632104160566	sum(abs(pFBA_flux)/10*directional_reaction_dg)
eb81b9cffb4c2806	methanol	Methanol	17	16.41594327696879	2	True	False	False	17	-45.49315816410872	-50.86094673873301	-45.156003175804344	-141.3114645096967	141.3114645096967	sum(abs(pFBA_flux)/10*directional_reaction_dg)
68078703d7ba1ea0	methanol	Methanol	19	-107.49776428157357	2	False	False	True	19	-99.36906429851564	-93.21302153031185	-87.50807796738319	-91.92473246887285	91.92473246887285	sum(abs(pFBA_flux)/10*directional_reaction_dg)
4b667f14a6cf5100	methanol	Methanol	18	16.522307691293417	2	True	False	False	18	-77.25494569910846	-84.76699104576181	-79.06204748283315	-153.63687032252375	153.63687032252375	sum(abs(pFBA_flux)/10*directional_reaction_dg)
b038349ec0dd1de6	methanol	Methanol	19	-107.49776429701328	3	False	True	True	19	-67.60727676351554	-62.369742440668254	-56.664798877739585	-60.13034965194022	60.13034965194022	sum(abs(pFBA_flux)/10*directional_reaction_dg)
b8df4b944889db44	methanol	Methanol	20	-106.97568716979045	3	False	True	True	20	-66.71120276764056	-65.48932533821686	-59.78438177528818	-67.69848416873042	67.69848416873042	sum(abs(pFBA_flux)/10*directional_reaction_dg)
33e0b033fb653276	methanol	Methanol	19	16.62554686652792	1	True	False	False	19	-88.66846729215209	-180.90740971436313	-175.20246615143444	-202.43303630904404	202.43303630904404	sum(abs(pFBA_flux)/10*directional_reaction_dg)
870e283978e5568f	methanol	Methanol	19	16.62554689038163	1	True	False	False	19	-157.56846729198793	-174.57273224500582	-168.86778868207713	-210.57071651328155	210.57071651328155	sum(abs(pFBA_flux)/10*directional_reaction_dg)
ac2ef63600d58ae1	methanol	Methanol	19	16.625546894989302	2	True	False	False	19	-25.144892222152272	-42.568369453099706	-36.86342589017104	-143.35786953762647	143.35786953762647	sum(abs(pFBA_flux)/10*directional_reaction_dg)
e8ce4e0165e6751c	methanol	Methanol	18	16.522307692186434	1	True	False	False	18	-123.11846729207	-126.082525217871	-120.37758165494233	-174.79469996844665	174.79469996844665	sum(abs(pFBA_flux)/10*directional_reaction_dg)
9f61a8614ce498c2	methanol	Methanol	18	16.5223076863572	2	True	False	False	18	-56.906679757152006	-66.85233284340573	-61.14738928047705	-152.45261209601355	152.45261209601355	sum(abs(pFBA_flux)/10*directional_reaction_dg)
1973a8a9faa3a2ee	methanol	Methanol	18	16.52230769548198	2	True	False	False	18	-91.3566797570699	-92.62620044446012	-86.92125688153143	-175.83304397293048	175.83304397293048	sum(abs(pFBA_flux)/10*directional_reaction_dg)
85ca7edc44f046eb	methanol	Methanol	19	16.625546903687585	3	False	True	False	19	-88.7683843035755	-89.2228483193434	-83.51790475641474	-167.31240637228552	167.31240637228552	sum(abs(pFBA_flux)/10*directional_reaction_dg)
6f93b17f4fb0459f	methanol	Methanol	20	-12.131749355702551	4	False	True	True	20	-36.180978345446945	-36.324057988969116	-24.914167440144244	-61.75832227860657	61.75832227860657	sum(abs(pFBA_flux)/10*directional_reaction_dg)
d7d41c6b0fecc59d	methanol	Methanol	18	-12.576588786587916	2	False	False	True	18	-36.180978345446185	-36.31730401308459	-24.907413464259736	-61.453509516097746	61.453509516097746	sum(abs(pFBA_flux)/10*directional_reaction_dg)
2edba6220eeec987	methanol	Methanol	19	-12.351099583014044	3	False	True	True	19	-36.18097834544693	-36.32074296998309	-24.910852421158243	-58.39364805022304	58.39364805022304	sum(abs(pFBA_flux)/10*directional_reaction_dg)
856c867a9eee176f	methanol	Methanol	12	12.106909719898642	1	True	False	False	12	-90.98218890872818	-93.74708591172529	-82.33719536290045	-96.58288966774009	96.58288966774009	sum(abs(pFBA_flux)/10*directional_reaction_dg)
c0362c99150b82d7	methanol	Methanol	12	12.106909719566765	1	True	False	False	12	-159.8821748468571	-160.2695032348351	-148.85961268601025	-152.21929597641122	152.21929597641122	sum(abs(pFBA_flux)/10*directional_reaction_dg)
5f1c6f28f07b461d	methanol	Methanol	12	12.106909719946414	2	True	False	False	12	-27.458622035660397	-28.1565063456203	-16.7466175082792	-79.31813708841827	79.31813708841827	sum(abs(pFBA_flux)/10*directional_reaction_dg)
30868e18ec6ff6be	methanol	Methanol	17	3.0306019864279206	3	False	True	False	17	-69.8511843431626	-83.73010731451173	-72.32021676568688	-90.85822135978059	90.85822135978059	sum(abs(pFBA_flux)/10*directional_reaction_dg)
167e5c44b3cb167b	methanol	Methanol	20	-12.351099590060473	3	False	True	True	20	-36.18097834544625	-36.32073698250712	-24.910846433682266	-60.39083959866574	60.39083959866574	sum(abs(pFBA_flux)/10*directional_reaction_dg)
0d2334561936a17c	methanol	Methanol	19	-12.35109958143858	2	False	False	True	19	-63.57070498805429	-62.5776252026161	-51.16773465379126	-69.50654706747972	69.50654706747972	sum(abs(pFBA_flux)/10*directional_reaction_dg)
c659967c47355035	methanol	Methanol	19	-12.351099586877671	2	False	False	True	19	-98.02070498797218	-97.94236102883569	-86.53247048001084	-100.65997295441194	100.65997295441194	sum(abs(pFBA_flux)/10*directional_reaction_dg)
8a141641eaa1e211	methanol	Methanol	19	-12.75593642449381	3	False	True	True	19	-31.808917453054466	-35.66492597633136	-24.255035427506517	-40.56812453263567	40.56812453263567	sum(abs(pFBA_flux)/10*directional_reaction_dg)
9948c0c09dcf0b06	methanol	Methanol	20	-12.131749295626234	3	False	True	True	20	-63.61422332836989	-63.75634675476553	-52.346456205940676	-75.23955583439529	75.23955583439529	sum(abs(pFBA_flux)/10*directional_reaction_dg)
2dfab2de1319b174	methanol	Methanol	20	-12.131749291944208	3	False	True	True	20	-98.06422332828778	-98.06154015672907	-86.65164960790416	-103.79355454025108	103.79355454025108	sum(abs(pFBA_flux)/10*directional_reaction_dg)
9a25c0bc4ea0a170	methanol	Methanol	20	-12.547365552145356	4	False	True	True	20	-31.852435793370052	-35.87093139154034	-24.46104084271548	-50.24055400221253	50.24055400221253	sum(abs(pFBA_flux)/10*directional_reaction_dg)
0d8c2e0b7c952f4e	methanol	Methanol	14	12.171428881863589	1	True	False	False	14	-125.45394118227576	-128.60107054868183	-117.19117999985696	-124.0651842104966	124.0651842104966	sum(abs(pFBA_flux)/10*directional_reaction_dg)
69e8a99a07669186	methanol	Methanol	14	12.1714288777596	2	True	False	False	14	-59.24215146317996	-74.38722345289784	-62.97733119258925	-100.33386763461249	100.33386763461249	sum(abs(pFBA_flux)/10*directional_reaction_dg)
258302b4528e5834	methanol	Methanol	18	-0.14877588389315188	4	False	True	True	18	-59.26392606640084	-57.62592398099342	-46.21603343216857	-79.89573482876501	79.89573482876501	sum(abs(pFBA_flux)/10*directional_reaction_dg)
68793259fbf2fa3e	methanol	Methanol	14	12.17142888183	2	True	False	False	14	-93.69214236122822	-94.26896287879248	-82.85907061848386	-116.66519452444041	116.66519452444041	sum(abs(pFBA_flux)/10*directional_reaction_dg)
6f74e832e73f6c18	methanol	Methanol	18	-0.14877588797663197	4	False	True	True	18	-93.71392606631872	-93.99017181403505	-82.58028126521017	-116.08427033252829	116.08427033252829	sum(abs(pFBA_flux)/10*directional_reaction_dg)
45c92bf25ff5b7d6	methanol	Methanol	18	-0.24600964324731034	5	False	True	True	18	-27.502129444167558	-28.00337845297369	-16.593486192665083	-74.32607499852709	74.32607499852709	sum(abs(pFBA_flux)/10*directional_reaction_dg)
06f46def9938bfc2	methanol	Methanol	20	11.283332995844763	2	True	False	False	20	-74.53627268983745	-87.88545171229812	-76.47556116347324	-109.96872394582995	109.96872394582995	sum(abs(pFBA_flux)/10*directional_reaction_dg)
cacc388874bee6ab	methanol	Methanol	20	11.283332994015032	3	False	True	False	20	-30.395085414011398	-43.82817719039889	-32.41828664157403	-77.10493480447496	77.10493480447496	sum(abs(pFBA_flux)/10*directional_reaction_dg)
9fd95abd6fd987da	methanol	Methanol	19	12.176892232472394	2	True	False	False	19	-74.53626633747994	-85.905606182545	-74.49571563372012	-106.4561566882886	106.4561566882886	sum(abs(pFBA_flux)/10*directional_reaction_dg)
d72f11b9b48cec75	methanol	Methanol	20	11.345950426007148	2	True	False	False	20	-95.71078924336099	-104.78880503827897	-93.37891448945409	-119.73527656137546	119.73527656137546	sum(abs(pFBA_flux)/10*directional_reaction_dg)
5ce2b3f6cab1023c	methanol	Methanol	20	11.34595042127297	3	False	True	False	20	-51.569601967534915	-59.85843289798033	-48.44854234915548	-82.38117152174297	82.38117152174297	sum(abs(pFBA_flux)/10*directional_reaction_dg)
89550bfeed96499f	methanol	Methanol	20	11.345950435711703	3	False	True	False	20	-74.53626633748019	-83.7477561307633	-72.33786558193849	-103.63640718149752	103.63640718149752	sum(abs(pFBA_flux)/10*directional_reaction_dg)
89666ba86babe207	methanol	Methanol	14	12.171428879819054	2	True	False	False	14	-92.8178406726607	-100.40514326015463	-88.99525442281353	-116.96128952219075	116.96128952219075	sum(abs(pFBA_flux)/10*directional_reaction_dg)
237759f95cfa252d	methanol	Methanol	18	3.1372788870782675	3	False	True	False	18	-92.81784799423754	-93.57303126732374	-82.16314242998264	-100.5111079157668	100.5111079157668	sum(abs(pFBA_flux)/10*directional_reaction_dg)
62fcf0eda70202b1	methanol	Methanol	18	3.1372789896688196	4	False	True	False	18	-48.67666127594641	-48.26896376225942	-36.85907492491831	-66.37227750305415	66.37227750305415	sum(abs(pFBA_flux)/10*directional_reaction_dg)
cdcee0d7e89efd61	methanol	Methanol	18	3.1372788876089537	4	False	True	False	18	-71.6433292470298	-72.11285234240928	-60.702961793584436	-89.5670607293882	89.5670607293882	sum(abs(pFBA_flux)/10*directional_reaction_dg)
6570dea43d535800	methanol	Methanol	20	-12.131749286565602	2	False	False	True	20	-97.09967123144526	-94.26104924799436	-77.1462134247571	-112.26664967273086	112.26664967273086	sum(abs(pFBA_flux)/10*directional_reaction_dg)
6db5f77cd21ea5bc	methanol	Methanol	20	-12.131749285854681	2	False	False	True	20	-131.54967123136316	-135.05989051959193	-117.94505469635463	-146.3816486575352	146.3816486575352	sum(abs(pFBA_flux)/10*directional_reaction_dg)
f34001ea10331291	methanol	Methanol	20	-12.547365566869123	3	False	True	True	20	-65.33788369644549	-67.62162416335195	-50.506788340114674	-82.56257345762384	82.56257345762384	sum(abs(pFBA_flux)/10*directional_reaction_dg)
4008b86fca685ffe	methanol	Methanol	20	-12.131749353741172	5	False	True	True	20	-18.110505602327414	-18.37590516484654	-6.966014616021691	-56.336693864005035	56.336693864005035	sum(abs(pFBA_flux)/10*directional_reaction_dg)
b906f273cdd3a06b	methanol	Methanol	18	-12.576588789612984	3	False	True	True	18	-18.11050560232666	-18.364118309540647	-6.954227760715801	-55.39862450015785	55.39862450015785	sum(abs(pFBA_flux)/10*directional_reaction_dg)
59612cb413a15451	methanol	Methanol	19	-12.351099587314488	4	False	True	True	19	-18.1105056023274	-18.370078881248027	-6.960188332423186	-52.420059925017384	52.420059925017384	sum(abs(pFBA_flux)/10*directional_reaction_dg)
2e886aec00ed6778	methanol	Methanol	12	12.106909719583504	2	True	False	False	12	-72.91171616560845	-75.88273217959336	-64.47284163076853	-99.50588491395216	99.50588491395216	sum(abs(pFBA_flux)/10*directional_reaction_dg)
f68c2a443c755b67	methanol	Methanol	12	12.106909719625703	2	True	False	False	12	-141.81170927544426	-142.28694794587773	-130.8770573970529	-155.26746900949314	155.26746900949314	sum(abs(pFBA_flux)/10*directional_reaction_dg)
a57a8ac456e7a626	methanol	Methanol	12	12.106909719687721	3	False	True	False	12	-9.388147447966206	-10.173998807196975	1.2358917416278814	-82.14849646860222	82.14849646860222	sum(abs(pFBA_flux)/10*directional_reaction_dg)
eccfea434f5b9e53	methanol	Methanol	17	4.44289368630547	4	False	True	False	17	-72.9117167231435	-99.12610565018426	-87.71621510135941	-113.79107284642573	113.79107284642573	sum(abs(pFBA_flux)/10*directional_reaction_dg)
914779db0175cc78	methanol	Methanol	20	-12.351099590752446	4	False	True	True	20	-18.11050560232672	-18.37007717367091	-6.960186624846061	-54.3472837331612	54.3472837331612	sum(abs(pFBA_flux)/10*directional_reaction_dg)
eab40fc8c3c7f895	methanol	Methanol	19	-12.351099591415835	3	False	True	True	19	-45.500232244934764	-42.789810496966965	-31.37991994814212	-61.2336110711936	61.2336110711936	sum(abs(pFBA_flux)/10*directional_reaction_dg)
ecf87e175fe5a3f4	methanol	Methanol	19	-12.351099570306605	3	False	True	True	19	-79.95023224485266	-79.99172149762575	-68.58183094880089	-94.67266108776617	94.67266108776617	sum(abs(pFBA_flux)/10*directional_reaction_dg)
b07f5a8e1f159649	methanol	Methanol	19	-12.75593642468036	4	False	True	True	19	-13.738444709934935	-17.70007471104876	-6.290184162223914	-34.60663960386922	34.60663960386922	sum(abs(pFBA_flux)/10*directional_reaction_dg)
d2139c8aff8e0f97	methanol	Methanol	20	-12.131749295978452	4	False	True	True	20	-45.500232244935134	-45.52623701653786	-34.116346467713	-60.389876001700266	60.389876001700266	sum(abs(pFBA_flux)/10*directional_reaction_dg)
5a4fdc71b955977e	methanol	Methanol	20	-12.13174928766315	4	False	True	True	20	-79.95023224485303	-79.99277887740413	-68.58288832857926	-89.75891218102542	89.75891218102542	sum(abs(pFBA_flux)/10*directional_reaction_dg)
3b16cba8ddb874b0	methanol	Methanol	20	-12.547365562038808	5	False	True	True	20	-13.738444709935301	-17.795820568896143	-6.385930020071292	-36.066763448613514	36.066763448613514	sum(abs(pFBA_flux)/10*directional_reaction_dg)
e8c7ccdfa7ccac8e	methanol	Methanol	10	12.03654981858802	1	True	False	False	10	-98.21821451572083	-101.40344584477478	-84.2886100215375	-107.2253347710618	107.2253347710618	sum(abs(pFBA_flux)/10*directional_reaction_dg)
593680a19b925b15	methanol	Methanol	10	12.03654981542875	2	True	False	False	10	-32.00643387080287	-43.844680860777174	-26.729845037539896	-82.92801812025341	82.92801812025341	sum(abs(pFBA_flux)/10*directional_reaction_dg)
3dbec63ca5c44351	methanol	Methanol	15	3.857407444147163	3	False	True	False	15	-63.76822140580294	-64.13872471278533	-47.023888889548054	-70.58275879425268	70.58275879425268	sum(abs(pFBA_flux)/10*directional_reaction_dg)
6b41ab2a2ee3fa02	methanol	Methanol	10	12.036549821161067	2	True	False	False	10	-66.45642698072076	-67.09429242754808	-49.97945660431079	-98.24908323528636	98.24908323528636	sum(abs(pFBA_flux)/10*directional_reaction_dg)
733f33e9f4cef253	methanol	Methanol	15	4.059142757463455	3	False	True	False	15	-98.21822140572084	-97.66973816203466	-80.55490233879738	-101.36215073499189	101.36215073499189	sum(abs(pFBA_flux)/10*directional_reaction_dg)
174b5944d5cc12d9	methanol	Methanol	15	4.059142751312254	4	False	True	False	15	-32.00643387080299	-36.816713499011236	-19.701877675773954	-56.99160329331417	56.99160329331417	sum(abs(pFBA_flux)/10*directional_reaction_dg)
b10cb792ff311403	methanol	Methanol	19	12.317451034727144	2	True	False	False	19	-77.5968008357915	-86.08459708481703	-74.67470653599219	-122.67987398628796	122.67987398628796	sum(abs(pFBA_flux)/10*directional_reaction_dg)
ca3f3fc78401e325	methanol	Methanol	19	12.317451030851283	3	False	True	False	19	-33.45561355996546	-42.58785101136024	-31.177960462535385	-94.11075386229057	94.11075386229057	sum(abs(pFBA_flux)/10*directional_reaction_dg)
485397c8ab7f81b0	methanol	Methanol	19	12.317451031054976	3	False	True	False	19	-56.42227792991072	-65.12339922207897	-53.713508673254125	-113.81133750858083	113.81133750858083	sum(abs(pFBA_flux)/10*directional_reaction_dg)
6257ff2228b37f14	methanol	Methanol	20	11.345950436126936	3	False	True	False	20	-77.59680083579175	-86.63352449179266	-75.22363394296781	-121.20530501179142	121.20530501179142	sum(abs(pFBA_flux)/10*directional_reaction_dg)
b06d0f71c2ca889b	methanol	Methanol	20	11.345950430654396	4	False	True	False	20	-33.4556135599657	-41.742777537212	-30.332886988387138	-90.90714779849452	90.90714779849452	sum(abs(pFBA_flux)/10*directional_reaction_dg)
b8baad52fcbfa2ac	methanol	Methanol	20	11.34595043749413	4	False	True	False	20	-56.42227792991096	-65.62955218738017	-54.219661638555344	-111.86540352525233	111.86540352525233	sum(abs(pFBA_flux)/10*directional_reaction_dg)
1b86fb1afdb7a811	methanol	Methanol	13	12.13980931817317	2	True	False	False	13	-74.7038469018457	-83.72391595230269	-72.31402711496159	-122.9557245926885	122.9557245926885	sum(abs(pFBA_flux)/10*directional_reaction_dg)
3be3ee0db2462f28	methanol	Methanol	18	4.442893766174303	3	False	True	False	18	-95.87837754053237	-101.18061840999675	-89.7707278611719	-113.5452473860889	113.5452473860889	sum(abs(pFBA_flux)/10*directional_reaction_dg)
0408cbda9e8f2ade	methanol	Methanol	18	4.442893566931912	4	False	True	False	18	-51.737190264706264	-63.421230048870214	-52.01133950004536	-87.51146400960869	87.51146400960869	sum(abs(pFBA_flux)/10*directional_reaction_dg)
110e770e1bf4ca36	methanol	Methanol	18	4.626100272272199	4	False	True	False	18	-74.70384554741814	-76.20368499411455	-64.79379273380596	-99.55648753928372	99.55648753928372	sum(abs(pFBA_flux)/10*directional_reaction_dg)
270dbe804d7e3d17	methanol	Methanol	19	-12.351099656971176	4	False	True	True	19	-27.304945802318777	-27.51216830572176	-16.102277756896907	-58.019327952884346	58.019327952884346	sum(abs(pFBA_flux)/10*directional_reaction_dg)
834d05a955adb893	methanol	Methanol	17	-12.808760616449316	2	False	False	True	17	-27.30494580231802	-27.50251884509364	-16.09262829626879	-57.61452259488836	57.61452259488836	sum(abs(pFBA_flux)/10*directional_reaction_dg)
1959b96430d20897	methanol	Methanol	18	-12.576588790268076	3	False	True	True	18	-27.304945802318763	-27.507486144045643	-16.097595595220785	-54.551387017622055	54.551387017622055	sum(abs(pFBA_flux)/10*directional_reaction_dg)
2b67111a14e89e11	methanol	Methanol	11	12.072560258066456	1	True	False	False	11	-82.10615774990315	-95.7917796020453	-84.38188905322042	-103.2371165625752	103.2371165625752	sum(abs(pFBA_flux)/10*directional_reaction_dg)
22999a7333532794	methanol	Methanol	11	12.072560258886591	1	True	False	False	11	-151.0061381763326	-151.39277042162558	-139.98287816131693	-147.67691111680068	147.67691111680068	sum(abs(pFBA_flux)/10*directional_reaction_dg)
353d30877526b626	methanol	Methanol	11	12.072560258982005	2	True	False	False	11	-18.582589563484113	-19.26964008827909	-7.859751250937987	-74.6793679605394	74.6793679605394	sum(abs(pFBA_flux)/10*directional_reaction_dg)
d8670940f043a317	methanol	Methanol	16	4.254090432525832	3	False	True	False	16	-82.10615636559987	-99.83934238665682	-88.42945183783198	-99.41840562431715	99.41840562431715	sum(abs(pFBA_flux)/10*directional_reaction_dg)
cb8936074ced8c0f	methanol	Methanol	20	-12.351099658394876	4	False	True	True	20	-27.30494580231805	-27.512149837275526	-16.10225928845068	-59.17630348198431	59.17630348198431	sum(abs(pFBA_flux)/10*directional_reaction_dg)
224561b2558dea41	methanol	Methanol	20	-12.351099654142706	4	False	True	True	20	-27.30494580231881	-27.512290932636184	-16.102400383811336	-57.675691086917716	57.675691086917716	sum(abs(pFBA_flux)/10*directional_reaction_dg)
cc805d7c11815bfa	methanol	Methanol	20	-12.13174934742566	4	False	True	True	20	-54.694672444926525	-54.344506240547084	-42.934615691722236	-65.03370146779456	65.03370146779456	sum(abs(pFBA_flux)/10*directional_reaction_dg)
8e0fce6d54a38835	methanol	Methanol	20	-12.13174935538373	4	False	True	True	20	-89.14467244484439	-89.13395661834006	-77.72406606951526	-92.84515594768685	92.84515594768685	sum(abs(pFBA_flux)/10*directional_reaction_dg)
8caf6e2ccd5b36e8	methanol	Methanol	20	-12.547365625913137	5	False	True	True	20	-22.932884909926678	-26.945182851764727	-15.535292302939881	-39.12520970074313	39.12520970074313	sum(abs(pFBA_flux)/10*directional_reaction_dg)
ab542e03fe9d6ce5	methanol	Methanol	19	-12.576588769849987	3	False	True	True	19	-27.30494580231809	-27.50750304712154	-16.097612498296698	-56.600953727099544	56.600953727099544	sum(abs(pFBA_flux)/10*directional_reaction_dg)
be24e245f927a4eb	methanol	Methanol	18	-12.576588791317555	2	False	False	True	18	-54.69467244492613	-55.20704133596979	-43.79715078714494	-67.139703171395	67.139703171395	sum(abs(pFBA_flux)/10*directional_reaction_dg)
4b8f29afad70322b	methanol	Methanol	18	-12.576588783951125	2	False	False	True	18	-89.14467244484402	-89.1340297424904	-77.72413919366555	-96.89664588277581	96.89664588277581	sum(abs(pFBA_flux)/10*directional_reaction_dg)
1e9bbb6b63d4efcc	methanol	Methanol	18	-12.970349805336213	3	False	True	True	18	-22.932884909926294	-26.752940404241127	-15.343049855416279	-36.91915916172864	36.91915916172864	sum(abs(pFBA_flux)/10*directional_reaction_dg)
e5ce52ce1a7804d9	methanol	Methanol	19	-12.351099583902814	3	False	True	True	19	-54.694672444926496	-55.13071848210663	-43.72082793328177	-63.58360972995084	63.58360972995084	sum(abs(pFBA_flux)/10*directional_reaction_dg)
455895c399d59f8d	methanol	Methanol	19	-12.351099587960176	3	False	True	True	19	-89.14467244484439	-89.13398231673813	-77.72409176791327	-91.98754575525305	91.98754575525305	sum(abs(pFBA_flux)/10*directional_reaction_dg)
7928e8fdd2a4fe18	methanol	Methanol	19	-12.7559364181984	4	False	True	True	19	-22.932884909926663	-26.850475921150526	-15.44058537232568	-38.27778601466677	38.27778601466677	sum(abs(pFBA_flux)/10*directional_reaction_dg)
e2a7f6e3a826cdea	methanol	Methanol	8	11.958392759141512	0	True	False	False	8	-116.57790505982187	-145.67199586854818	-134.26210531972333	-141.60343838523346	141.60343838523346	sum(abs(pFBA_flux)/10*directional_reaction_dg)
7cda5a62b95d0ea4	methanol	Methanol	8	11.958392767606796	1	True	False	False	8	-50.366124414904	-63.60885934451703	-52.19896879569217	-95.63411244141186	95.63411244141186	sum(abs(pFBA_flux)/10*directional_reaction_dg)
f8d538a86debef8b	methanol	Methanol	13	3.4303594424983888	2	True	False	False	13	-82.127911949904	-104.2863964622539	-92.87650591342904	-102.17069322174267	102.17069322174267	sum(abs(pFBA_flux)/10*directional_reaction_dg)
edaea48df7fac309	methanol	Methanol	8	11.958392775603787	1	True	False	False	8	-84.8161175248219	-85.29357666095771	-73.88368611213286	-109.19760612975483	109.19760612975483	sum(abs(pFBA_flux)/10*directional_reaction_dg)
1775187170048444	methanol	Methanol	14	-0.5313836164008964	3	False	True	True	14	-84.88140827112466	-85.1750577420881	-73.76516719326324	-118.82014061020408	118.82014061020408	sum(abs(pFBA_flux)/10*directional_reaction_dg)
3bd47ca5b64f8253	methanol	Methanol	14	-0.5313836415043603	4	False	True	True	14	-18.66962073620691	-19.16016814438534	-7.75027759556049	-71.1072698006271	71.1072698006271	sum(abs(pFBA_flux)/10*directional_reaction_dg)
f7ea574387604cff	methanol	Methanol	20	9.881752046287792	3	False	True	False	20	-86.79123994267917	-99.34896651752727	-87.93907596870243	-120.81834659666967	120.81834659666967	sum(abs(pFBA_flux)/10*directional_reaction_dg)
b2133b0cc91d8e3d	methanol	Methanol	20	9.881752065144392	4	False	True	False	20	-42.65005375995707	-53.26780978631208	-41.85791923748722	-87.50367134044974	87.50367134044974	sum(abs(pFBA_flux)/10*directional_reaction_dg)
8745fad67ca7ffb2	methanol	Methanol	20	9.881751991567715	4	False	True	False	20	-65.61671901780048	-76.1020131719105	-64.69212262308562	-109.5459562070131	109.5459562070131	sum(abs(pFBA_flux)/10*directional_reaction_dg)
f91e3b6befc486ca	methanol	Methanol	20	-12.351099589383153	3	False	True	True	20	-45.56476174514191	-45.57153333600698	-34.16164449866588	-62.658435967869636	62.658435967869636	sum(abs(pFBA_flux)/10*directional_reaction_dg)
8a7e11e0f5bfa1a4	methanol	Methanol	20	-12.35109958786545	3	False	True	True	20	-68.53142611508717	-68.59343312035497	-57.183544283013866	-81.90634109333882	81.90634109333882	sum(abs(pFBA_flux)/10*directional_reaction_dg)
362f9952e0b1480c	methanol	Methanol	20	-12.755936421125945	4	False	True	True	20	-24.390238839261226	-28.38960233969496	-16.97971350235386	-48.55001539824792	48.55001539824792	sum(abs(pFBA_flux)/10*directional_reaction_dg)
411e876213c26469	methanol	Methanol	18	12.195109667122942	1	True	False	False	18	-86.79124192368103	-96.12422409530348	-84.71433354647863	-116.09239849614279	116.09239849614279	sum(abs(pFBA_flux)/10*directional_reaction_dg)
eef50d2742c6937f	methanol	Methanol	18	12.19510966915949	2	True	False	False	18	-42.6500517789547	-51.85463818333579	-40.444747634510925	-87.22065701685216	87.22065701685216	sum(abs(pFBA_flux)/10*directional_reaction_dg)
9b66e6adc504fb61	methanol	Methanol	18	12.195109671655592	2	True	False	False	18	-65.61671812990208	-74.24052822455619	-62.83063767573134	-107.06247677580994	107.06247677580994	sum(abs(pFBA_flux)/10*directional_reaction_dg)
3404ef88d5e9bc61	methanol	Methanol	19	11.202550155374485	2	True	False	False	19	-86.79123774469338	-95.73255265501496	-84.32266381767386	-114.95536277966941	114.95536277966941	sum(abs(pFBA_flux)/10*directional_reaction_dg)
0dd03f845c982d79	methanol	Methanol	19	11.202550148556089	3	False	True	False	19	-42.650047877505536	-52.574524223265016	-41.164633674440154	-86.5363820629159	86.5363820629159	sum(abs(pFBA_flux)/10*directional_reaction_dg)
ad4770594d020d1f	methanol	Methanol	19	11.202550163897374	3	False	True	False	19	-65.61671812990232	-74.66109452808041	-63.251203979255536	-106.21201835209273	106.21201835209273	sum(abs(pFBA_flux)/10*directional_reaction_dg)
a02839a9ba0e5b9b	methanol	Methanol	13	12.139809322627846	2	True	False	False	13	-83.87652876795735	-84.64213424591223	-73.23224369708737	-112.63694543823486	112.63694543823486	sum(abs(pFBA_flux)/10*directional_reaction_dg)
8490297a5547702d	methanol	Methanol	19	-0.05426246928099046	4	False	True	True	19	-83.87654201031492	-82.50844305747235	-71.0985525086475	-110.23334060224364	110.23334060224364	sum(abs(pFBA_flux)/10*directional_reaction_dg)
3ddbb5dfa080ec56	methanol	Methanol	19	-0.1487758596965168	5	False	True	True	19	-39.735345660310955	-42.27126081786484	-30.861368557556233	-86.67110110170755	86.67110110170755	sum(abs(pFBA_flux)/10*directional_reaction_dg)
7bda3ebc34f32a67	methanol	Methanol	19	-0.14877588695277977	5	False	True	True	19	-62.70201910443408	-63.06845677399362	-51.65856622516877	-102.84840760539566	102.84840760539566	sum(abs(pFBA_flux)/10*directional_reaction_dg)
74c4987389aca5fe	methanol	Methanol	20	-12.131749301421825	4	False	True	True	20	-4.932997328051827	-15.237351063987893	-1.5454827476948112	-49.36987987107465	49.36987987107465	sum(abs(pFBA_flux)/10*directional_reaction_dg)
476f40b05f5e8559	methanol	Methanol	11	6.284278379026104	1	True	False	False	11	-59.712450613268004	-58.89930527390844	-45.207436957615364	-51.61456176398773	51.61456176398773	sum(abs(pFBA_flux)/10*directional_reaction_dg)
abf2b97cf65c1e10	methanol	Methanol	11	6.284278384096992	1	True	False	False	11	-128.61245061310376	-129.1876292426983	-115.49576092640523	-107.66971543140306	107.66971543140306	sum(abs(pFBA_flux)/10*directional_reaction_dg)
c51812c93fdcd81d	methanol	Methanol	11	6.2842783811946505	2	True	False	False	11	3.811124456731709	3.0887741785569647	16.78064249485004	-31.063263538122456	31.063263538122456	sum(abs(pFBA_flux)/10*directional_reaction_dg)
1593dfb7c904e650	methanol	Methanol	16	4.254090283445544	3	False	True	False	16	-59.712450613268004	-72.63469416162874	-58.94282584533566	-70.50360261230904	70.50360261230904	sum(abs(pFBA_flux)/10*directional_reaction_dg)
ba60dcad3a90fe8c	methanol	Methanol	20	-12.131749356398212	5	False	True	True	20	-32.32272397066036	-33.16778325419936	-19.475914937906285	-45.50211315002971	45.50211315002971	sum(abs(pFBA_flux)/10*directional_reaction_dg)
387167e4ca0c6a58	methanol	Methanol	20	-12.131749354704661	5	False	True	True	20	-66.77272397057827	-67.03970894361622	-53.34784062732311	-69.35339926564822	69.35339926564822	sum(abs(pFBA_flux)/10*directional_reaction_dg)
16c94487c77aa043	methanol	Methanol	20	-12.547365626010405	6	False	True	True	20	-0.5609364356605764	-4.7764914178745785	8.915376898418486	-16.664811986787118	16.664811986787118	sum(abs(pFBA_flux)/10*directional_reaction_dg)
d9c5e373ea8e6712	methanol	Methanol	18	-12.576588786373623	3	False	True	True	18	-32.32272397065997	-34.19554615266492	-20.503677836371835	-45.33309698179013	45.33309698179013	sum(abs(pFBA_flux)/10*directional_reaction_dg)
3c12c32a5d88f017	methanol	Methanol	18	-12.576588764880148	3	False	True	True	18	-66.77272397057787	-67.02868068018319	-53.33681236389011	-74.8489800684759	74.8489800684759	sum(abs(pFBA_flux)/10*directional_reaction_dg)
caabea0fe3fb77a6	methanol	Methanol	18	-12.970349807528263	4	False	True	True	18	-0.5609364356601785	-4.576271467736116	9.115596848556965	-14.246676326769599	14.246676326769599	sum(abs(pFBA_flux)/10*directional_reaction_dg)
5705570651168f4f	methanol	Methanol	19	-12.351099588638958	4	False	True	True	19	-32.32272397066033	-30.694610473906568	-17.002742157613493	-39.322511314527084	39.322511314527084	sum(abs(pFBA_flux)/10*directional_reaction_dg)
a783438dd4fa7f39	methanol	Methanol	19	-12.351099587722032	4	False	True	True	19	-66.77272397057824	-67.0342095897787	-53.34234127348563	-69.34125277139671	69.34125277139671	sum(abs(pFBA_flux)/10*directional_reaction_dg)
20647e19ac50007a	methanol	Methanol	19	-12.7559364263227	5	False	True	True	19	-0.5609364356605551	-4.677841811584693	9.014026504708385	-15.605756165175006	15.605756165175006	sum(abs(pFBA_flux)/10*directional_reaction_dg)
1d877332df3cc4b9	methanol	Methanol	12	6.350827024122781	1	True	False	False	12	-94.1624506131859	-97.88443589377887	-84.19256757748579	-82.49449357858592	82.49449357858592	sum(abs(pFBA_flux)/10*directional_reaction_dg)
168257a278da1b99	methanol	Methanol	12	6.350827025069843	2	True	False	False	12	-27.950663078268033	-27.144221631757024	-13.452353315463943	-44.46336180706474	44.46336180706474	sum(abs(pFBA_flux)/10*directional_reaction_dg)
72a6cf8620c21903	methanol	Methanol	17	4.254090393774304	3	False	True	False	17	-59.712450613268004	-86.30406338455735	-72.61219506826428	-84.75910899403732	84.75910899403732	sum(abs(pFBA_flux)/10*directional_reaction_dg)
1cb5aef30e28cacb	methanol	Methanol	12	6.350827027299663	2	True	False	False	12	-62.40066307818593	-63.07151441693425	-49.379646100641175	-74.5754699853802	74.5754699853802	sum(abs(pFBA_flux)/10*directional_reaction_dg)
b32fa6c6fe85297b	methanol	Methanol	17	4.432930366852612	3	False	True	False	17	-94.1624506131859	-98.70719181102652	-85.01532349473347	-95.60051633469224	95.60051633469224	sum(abs(pFBA_flux)/10*directional_reaction_dg)
df3452b97dd675be	methanol	Methanol	17	4.432930311417008	4	False	True	False	17	-27.95066307826815	-34.304282538962624	-20.612414222669557	-46.87793472185787	46.87793472185787	sum(abs(pFBA_flux)/10*directional_reaction_dg)
c76bc64c58e1a07b	methanol	Methanol	20	-12.35109959304493	4	False	True	True	20	-23.19281327087575	-23.1997341475592	-9.50786754274988	-39.76177482319804	39.76177482319804	sum(abs(pFBA_flux)/10*directional_reaction_dg)
babad1ac187edc7d	methanol	Methanol	20	-12.35109958496715	4	False	True	True	20	-46.159477640820995	-46.493661156607516	-32.80179455179819	-59.240988475964244	59.240988475964244	sum(abs(pFBA_flux)/10*directional_reaction_dg)
55e0a053deeec83b	methanol	Methanol	20	-12.755936418179914	5	False	True	True	20	-2.0182903649951185	-6.217094858922912	7.474771745886408	-25.79798246165175	25.79798246165175	sum(abs(pFBA_flux)/10*directional_reaction_dg)
06a92a1c84949eb0	methanol	Methanol	19	-12.351099593098626	3	False	True	True	19	-64.41929605243486	-64.85105552363613	-51.159187207343045	-65.65140686680863	65.65140686680863	sum(abs(pFBA_flux)/10*directional_reaction_dg)
b62249c51d0f56e4	methanol	Methanol	19	-12.75593642661987	4	False	True	True	19	-20.278108776608747	-24.393846042128803	-10.701977725835738	-30.798902921937085	30.798902921937085	sum(abs(pFBA_flux)/10*directional_reaction_dg)
5a4d67dcfffbaab4	methanol	Methanol	19	-12.75593642182531	4	False	True	True	19	-43.244773146554	-47.361734768421705	-33.66986645212864	-51.9148581424971	51.9148581424971	sum(abs(pFBA_flux)/10*directional_reaction_dg)
556770d325be15a6	methanol	Methanol	20	-12.131749296085157	4	False	True	True	20	-64.4192960524351	-64.40442611875858	-50.712557802465476	-61.20395705813838	61.20395705813838	sum(abs(pFBA_flux)/10*directional_reaction_dg)
7e24d042072d4cff	methanol	Methanol	20	-12.547365565805096	5	False	True	True	20	-20.27810877660899	-24.344839141470857	-10.652970825177785	-31.685247310590725	31.685247310590725	sum(abs(pFBA_flux)/10*directional_reaction_dg)
57e589a0f23544be	methanol	Methanol	20	-12.547365556237493	5	False	True	True	20	-43.24477314655426	-47.46033166455868	-33.7684633482656	-52.746581034199686	52.746581034199686	sum(abs(pFBA_flux)/10*directional_reaction_dg)
9902c3b3ecde31af	methanol	Methanol	13	6.414566715238673	2	True	False	False	13	-61.50458908231094	-68.54327651373066	-54.851408197437586	-75.64852284434905	75.64852284434905	sum(abs(pFBA_flux)/10*directional_reaction_dg)
80488eb6cbba61fe	methanol	Methanol	19	-0.02869166833883942	4	False	True	True	19	-61.54810742262624	-62.22825445424053	-48.53638613794747	-72.2715319964825	72.2715319964825	sum(abs(pFBA_flux)/10*directional_reaction_dg)
f372b5867636bdce	methanol	Methanol	19	-0.028691669566749123	5	False	True	True	19	-17.40692014680016	-17.786564490440348	-4.094696174147281	-41.839472964712236	41.839472964712236	sum(abs(pFBA_flux)/10*directional_reaction_dg)
880eb1d4b3a759f7	methanol	Methanol	19	-0.028691670529438114	5	False	True	True	19	-40.37358451674542	-40.68316628715191	-26.991297970858838	-64.09716926264932	64.09716926264932	sum(abs(pFBA_flux)/10*directional_reaction_dg)
dfe37839cd453ff7	methanol	Methanol	16	17.315174774725378	1	True	False	False	16	-99.10520303749728	-117.63665273832108	-107.85674850959549	-131.70999815099984	131.70999815099984	sum(abs(pFBA_flux)/10*directional_reaction_dg)
6347db60debcb5b6	methanol	Methanol	16	17.315174793622745	1	True	False	False	16	-168.00518236733308	-168.3286296865844	-158.5487254578588	-173.73185163391858	173.73185163391858	sum(abs(pFBA_flux)/10*directional_reaction_dg)
1ef3a85a4fa5ab69	methanol	Methanol	16	17.315174781988542	2	True	False	False	16	-35.58162320049587	-36.05943793347352	-26.279533704747926	-107.71938142557354	107.71938142557354	sum(abs(pFBA_flux)/10*directional_reaction_dg)
c4f717aeda53ec7c	methanol	Methanol	20	-12.13174928766496	3	False	True	True	20	-71.71549282872532	-74.38849358622409	-64.6085893574985	-91.03545789634646	91.03545789634646	sum(abs(pFBA_flux)/10*directional_reaction_dg)
3518f853ca38555c	methanol	Methanol	20	-12.131749287035605	3	False	True	True	20	-106.16549282864322	-106.35910926347917	-96.57920503475357	-120.97317851483956	120.97317851483956	sum(abs(pFBA_flux)/10*directional_reaction_dg)
5324bf021cb109c5	methanol	Methanol	20	-12.547365550265246	4	False	True	True	20	-39.95370529372553	-44.13634735686951	-34.356443128143916	-60.48660241797771	60.48660241797771	sum(abs(pFBA_flux)/10*directional_reaction_dg)
2be0a16f308305e9	methanol	Methanol	17	17.4682899423766	1	True	False	False	17	-133.55518236741514	-135.2113315522351	-125.43142732350954	-144.52258769350735	144.52258769350735	sum(abs(pFBA_flux)/10*directional_reaction_dg)
6eb03543a697dc9a	methanol	Methanol	17	17.468289936714896	2	True	False	False	17	-67.3434155024973	-72.47920419592657	-62.699299967201	-122.44176563506403	122.44176563506403	sum(abs(pFBA_flux)/10*directional_reaction_dg)
6e3efc54f1a2576b	methanol	Methanol	17	17.468289949044188	2	True	False	False	17	-101.79339483241519	-102.20694463012909	-92.42704040140349	-148.84574645407307	148.84574645407307	sum(abs(pFBA_flux)/10*directional_reaction_dg)
6d06e91461cabe4a	methanol	Methanol	18	17.601319948556775	2	True	False	False	18	-100.8973208365402	-100.71208742584857	-90.93218319712298	-140.8802184039542	140.8802184039542	sum(abs(pFBA_flux)/10*directional_reaction_dg)
7a8909656f50b76b	methanol	Methanol	16	13.83737283719904	1	True	False	False	16	-136.0381822904294	-139.3088857503854	-126.47275931082837	-152.11049512776725	152.11049512776725	sum(abs(pFBA_flux)/10*directional_reaction_dg)
c97821344679741a	methanol	Methanol	16	13.837372805713331	2	True	False	False	16	-69.8263947555115	-76.2746819197583	-63.438555480201266	-126.09472740265274	126.09472740265274	sum(abs(pFBA_flux)/10*directional_reaction_dg)
0f60faadaae06332	methanol	Methanol	16	13.837372829492892	2	True	False	False	16	-104.27639475542935	-104.27827803149536	-91.44215159193837	-148.44531844328654	148.44531844328654	sum(abs(pFBA_flux)/10*directional_reaction_dg)
e7aea02ca753185f	methanol	Methanol	19	-1.1571693570156936	2	False	False	True	19	-88.60081465789548	-85.64539251149836	-71.95352419520529	-76.93276297715516	76.93276297715516	sum(abs(pFBA_flux)/10*directional_reaction_dg)
3a144d8dd604cffa	methanol	Methanol	19	-1.1571693574052637	2	False	False	True	19	-157.50081465773124	-157.38026026151468	-143.6883919452216	-139.11156085738003	139.11156085738003	sum(abs(pFBA_flux)/10*directional_reaction_dg)
4e24438746fd3c48	methanol	Methanol	19	-1.1571693576803523	3	False	True	True	19	-25.077239587895765	-24.774104887262798	-11.082236570969728	-48.41235944643355	48.41235944643355	sum(abs(pFBA_flux)/10*directional_reaction_dg)
19e2229624b04307	methanol	Methanol	20	-1.1091487192821434	2	False	False	True	20	-123.05081465781335	-122.34997931942766	-108.6581110031346	-107.93547402695987	107.93547402695987	sum(abs(pFBA_flux)/10*directional_reaction_dg)
215015c0116804af	methanol	Methanol	20	-1.1091487192946432	3	False	True	True	20	-56.8390271228955	-55.55701015287298	-41.86514183657991	-66.97240385769922	66.97240385769922	sum(abs(pFBA_flux)/10*directional_reaction_dg)
a9d6c01b1bd9797c	methanol	Methanol	20	-1.1091487196853036	3	False	True	True	20	-91.28902712281338	-91.07352622891572	-77.38165791262267	-98.89607253491947	98.89607253491947	sum(abs(pFBA_flux)/10*directional_reaction_dg)
